id_venta,fecha,mes,nombre_mes,semana_iso,dia_semana,es_fin_de_semana,es_festivo,hora,franja_horaria,sede,canal,categoria,producto,tamano,cantidad,precio_unitario,descuento_pct,total_venta,metodo_pago,tipo_cliente,rango_edad,tiempo_espera_min,satisfaccion,comentario,temperatura_c,lluvia
100005,2026-01-01,1,Enero,1,Jueves,No,Sí,06:24,Mañana,Granada,Mostrador,Panadería,Muffin,,1,7000,0,7000,Billetera digital,Nuevo,25-34,4.6,,,29.3,No
100004,2026-01-01,1,Enero,1,Jueves,No,Sí,06:52,Mañana,Granada,Mostrador,Panadería,Muffin,,2,7000,0,14000,Tarjeta débito,Recurrente,Menos de 18,2.4,,,29.3,No
100008,2026-01-01,1,Enero,1,Jueves,No,Sí,07:09,Mañana,San Antonio,Mostrador,Bebida fría,Cold brew,S,1,8900,0,8900,Billetera digital,Recurrente,25-34,5.5,,,29.3,No
100006,2026-01-01,1,Enero,1,Jueves,No,Sí,07:48,Mañana,Granada,Mostrador,Café caliente,Chocolate caliente,S,1,6800,5,6500,Tarjeta crédito,Fidelizado,25-34,9.2,,,29.3,No
100017,2026-01-01,1,Enero,1,Jueves,No,Sí,09:55,Mañana,Ciudad Jardín,Domicilio,Panadería,Croissant,,1,6500,0,6500,Efectivo,Nuevo,35-44,,,,29.3,No
100018,2026-01-01,1,Enero,1,Jueves,No,Sí,10:20,Media mañana,Ciudad Jardín,Mostrador,Bebida fría,Limonada de coco,M,1,11000,0,11000,Tarjeta débito,Recurrente,25-34,3.9,4,,29.3,No
100001,2026-01-01,1,Enero,1,Jueves,No,Sí,10:30,Media mañana,Granada,Mostrador,Café caliente,Mocaccino,M,1,9500,0,9500,Tarjeta débito,Recurrente,Menos de 18,3.7,,,29.3,No
100011,2026-01-01,1,Enero,1,Jueves,No,Sí,11:09,Media mañana,San Antonio,Mostrador,Bebida fría,Frappé de café,M,2,12500,0,25000,Tarjeta débito,Nuevo,25-34,2.2,,,29.3,No
100007,2026-01-01,1,Enero,1,Jueves,No,Sí,11:30,Media mañana,Granada,Mostrador,Café caliente,Latte,S,1,7600,0,7600,Efectivo,Recurrente,55 o más,5.7,4,,29.3,No
100016,2026-01-01,1,Enero,1,Jueves,No,Sí,11:41,Media mañana,Ciudad Jardín,Mostrador,Bebida fría,Té helado,M,3,7500,5,21400,Efectivo,Fidelizado,45-54,1.6,,,29.3,No
100012,2026-01-01,1,Enero,1,Jueves,No,Sí,11:47,Media mañana,San Antonio,Mostrador,Panadería,Torta de zanahoria,,1,9000,0,9000,Tarjeta crédito,Recurrente,25-34,4.4,,,29.3,No
100002,2026-01-01,1,Enero,1,Jueves,No,Sí,11:55,Media mañana,Granada,Mostrador,Café caliente,Chocolate caliente,M,1,8000,5,7600,Tarjeta crédito,Fidelizado,25-34,7.1,5,,29.3,No
100015,2026-01-01,1,Enero,1,Jueves,No,Sí,11:57,Media mañana,Ciudad Jardín,Mostrador,Panadería,Muffin,,1,7000,0,7000,Tarjeta débito,Recurrente,35-44,1.7,,,29.3,No
100019,2026-01-01,1,Enero,1,Jueves,No,Sí,13:41,Almuerzo,Ciudad Jardín,Mostrador,Almuerzo,Sándwich cubano,,2,21000,0,42000,Efectivo,Recurrente,35-44,9.7,,,29.3,No
100003,2026-01-01,1,Enero,1,Jueves,No,Sí,13:45,Almuerzo,Granada,Domicilio,Bebida fría,Limonada de coco,S,2,9400,0,18800,Efectivo,Recurrente,25-34,,,,29.3,No
100013,2026-01-01,1,Enero,1,Jueves,No,Sí,15:01,Tarde,San Antonio,Mostrador,Panadería,Torta de zanahoria,,2,9000,0,18000,Tarjeta crédito,Nuevo,45-54,2.4,,,29.3,No
100014,2026-01-01,1,Enero,1,Jueves,No,Sí,15:24,Tarde,San Antonio,Mostrador,Café caliente,Capuchino,S,2,7200,0,14400,Billetera digital,Recurrente,25-34,6.7,,,29.3,No
100020,2026-01-01,1,Enero,1,Jueves,No,Sí,15:37,Tarde,Ciudad Jardín,Mostrador,Panadería,Buñuelo,,2,2200,0,4400,Billetera digital,Recurrente,18-24,4.8,,,29.3,No
100010,2026-01-01,1,Enero,1,Jueves,No,Sí,20:39,Noche,San Antonio,Mostrador,Café caliente,Capuchino,M,2,8500,0,17000,Tarjeta crédito,Recurrente,35-44,2.1,5,,29.3,No
100009,2026-01-01,1,Enero,1,Jueves,No,Sí,20:46,Noche,San Antonio,Mostrador,Bebida fría,Jugo natural,S,1,7200,0,7200,Billetera digital,Nuevo,25-34,3.5,,,29.3,No
100027,2026-01-02,1,Enero,1,Viernes,No,No,06:43,Mañana,Centro,Mostrador,Bebida fría,Cold brew,M,1,10500,0,10500,Tarjeta crédito,Nuevo,55 o más,8.4,,,31.0,No
100046,2026-01-02,1,Enero,1,Viernes,No,No,06:49,Mañana,Ciudad Jardín,Mostrador,Snacks,Empanada,,1,3500,0,3500,Efectivo,Nuevo,25-34,1.6,,,31.0,No
100036,2026-01-02,1,Enero,1,Viernes,No,No,07:08,Mañana,Granada,Mostrador,Panadería,Muffin,,3,7000,5,20000,Billetera digital,Fidelizado,18-24,2.3,,,31.0,No
100047,2026-01-02,1,Enero,1,Viernes,No,No,07:29,Mañana,Ciudad Jardín,Domicilio,Panadería,Buñuelo,,2,2200,0,4400,Efectivo,Nuevo,55 o más,,,,31.0,No
100038,2026-01-02,1,Enero,1,Viernes,No,No,08:38,Mañana,Granada,Mostrador,Panadería,Croissant,,1,6500,0,6500,Tarjeta crédito,Recurrente,18-24,3.8,,,31.0,No
100030,2026-01-02,1,Enero,1,Viernes,No,No,08:52,Mañana,Centro,Mostrador,Panadería,Pandebono,,1,2500,0,2500,Billetera digital,Nuevo,25-34,5.1,,,31.0,No
100035,2026-01-02,1,Enero,1,Viernes,No,No,09:27,Mañana,Centro,Mostrador,Panadería,Croissant,,1,6500,0,6500,Tarjeta crédito,Recurrente,18-24,14.1,,,31.0,No
100023,2026-01-02,1,Enero,1,Viernes,No,No,11:02,Media mañana,Centro,Mostrador,Bebida fría,Té helado,L,2,9400,5,17900,Tarjeta débito,Fidelizado,25-34,4.5,5,,31.0,No
100037,2026-01-02,1,Enero,1,Viernes,No,No,11:06,Media mañana,Granada,Mostrador,Snacks,Empanada,,1,3500,0,3500,Efectivo,Recurrente,25-34,2.8,,,31.0,No
100022,2026-01-02,1,Enero,1,Viernes,No,No,11:55,Media mañana,Centro,Mostrador,Bebida fría,Frappé de café,S,3,10600,5,30200,Billetera digital,Fidelizado,25-34,2.5,,,31.0,No
100021,2026-01-02,1,Enero,1,Viernes,No,No,12:09,Almuerzo,Centro,Mostrador,Bebida fría,Frappé de café,M,3,12500,0,37500,Tarjeta crédito,Recurrente,55 o más,10.6,5,,31.0,No
100042,2026-01-02,1,Enero,1,Viernes,No,No,12:26,Almuerzo,San Antonio,Mostrador,Almuerzo,Sándwich cubano,,4,21000,0,84000,Tarjeta crédito,Recurrente,35-44,6.2,,,31.0,No
100028,2026-01-02,1,Enero,1,Viernes,No,No,12:30,Almuerzo,Centro,Domicilio,Almuerzo,Ensalada César,,3,19500,5,55600,Billetera digital,Fidelizado,35-44,,,,31.0,No
100025,2026-01-02,1,Enero,1,Viernes,No,No,13:01,Almuerzo,Centro,Mostrador,Almuerzo,Ensalada César,,1,19500,0,19500,Tarjeta débito,Recurrente,45-54,13.2,,,31.0,No
100026,2026-01-02,1,Enero,1,Viernes,No,No,13:04,Almuerzo,Centro,Mostrador,Almuerzo,Ensalada César,,1,19500,0,19500,Efectivo,Recurrente,35-44,20.8,,,31.0,No
100039,2026-01-02,1,Enero,1,Viernes,No,No,13:13,Almuerzo,Granada,Mostrador,Café caliente,Capuchino,L,1,10600,0,10600,Billetera digital,Recurrente,25-34,2.9,4,,31.0,No
100033,2026-01-02,1,Enero,1,Viernes,No,No,13:30,Almuerzo,Centro,Mostrador,Almuerzo,Wrap de pollo,,2,18500,0,37000,Billetera digital,Recurrente,25-34,12.5,,,31.0,No
100041,2026-01-02,1,Enero,1,Viernes,No,No,16:08,Tarde,San Antonio,Mostrador,Bebida fría,Limonada de coco,M,1,11000,5,10400,Tarjeta débito,Fidelizado,18-24,7.0,,,31.0,No
100043,2026-01-02,1,Enero,1,Viernes,No,No,16:21,Tarde,San Antonio,Mostrador,Bebida fría,Limonada de coco,S,1,9400,0,9400,Billetera digital,Nuevo,45-54,3.3,4,Excelente atención,31.0,No
100034,2026-01-02,1,Enero,1,Viernes,No,No,16:25,Tarde,Centro,Mostrador,Bebida fría,Frappé de café,L,2,15600,5,29600,Tarjeta débito,Fidelizado,Menos de 18,5.3,5,,31.0,No
100032,2026-01-02,1,Enero,1,Viernes,No,No,16:46,Tarde,Centro,Mostrador,Snacks,Galletas,,1,4500,5,4300,Efectivo,Fidelizado,25-34,5.3,,,31.0,No
100040,2026-01-02,1,Enero,1,Viernes,No,No,17:20,Tarde,Granada,Mostrador,Café caliente,Capuchino,M,1,8500,5,8100,Billetera digital,Fidelizado,18-24,1.1,,,31.0,No
100044,2026-01-02,1,Enero,1,Viernes,No,No,17:49,Tarde,Ciudad Jardín,Mostrador,Bebida fría,Limonada de coco,L,2,13800,0,27600,Tarjeta débito,Recurrente,45-54,5.2,4,La app funciona bien,31.0,No
100031,2026-01-02,1,Enero,1,Viernes,No,No,17:51,Tarde,Centro,Domicilio,Café caliente,Mocaccino,S,2,8100,0,16200,Billetera digital,Nuevo,35-44,,,,31.0,No
100045,2026-01-02,1,Enero,1,Viernes,No,No,19:12,Noche,Ciudad Jardín,Mostrador,Panadería,Buñuelo,,2,2200,0,4400,Tarjeta crédito,Recurrente,35-44,3.7,5,Excelente atención,31.0,No
100029,2026-01-02,1,Enero,1,Viernes,No,No,19:13,Noche,Centro,Mostrador,Panadería,Buñuelo,,1,2200,0,2200,Efectivo,Recurrente,25-34,2.5,4,,31.0,No
100024,2026-01-02,1,Enero,1,Viernes,No,No,20:43,Noche,Centro,Mostrador,Bebida fría,Té helado,L,1,9400,0,9400,Tarjeta débito,Recurrente,25-34,2.2,2,,31.0,No
100054,2026-01-03,1,Enero,1,Sábado,Sí,No,06:30,Mañana,Granada,Domicilio,Snacks,Papas de paquete,,1,5000,0,5000,Efectivo,Recurrente,45-54,,,,28.6,No
100064,2026-01-03,1,Enero,1,Sábado,Sí,No,07:18,Mañana,San Antonio,Mostrador,Café caliente,Tinto,M,1,3500,0,3500,Billetera digital,Recurrente,25-34,3.3,,,28.6,No
100052,2026-01-03,1,Enero,1,Sábado,Sí,No,07:30,Mañana,Granada,Mostrador,Café caliente,Capuchino,S,1,7200,0,7200,Efectivo,Recurrente,18-24,6.2,,,28.6,No
100056,2026-01-03,1,Enero,1,Sábado,Sí,No,08:45,Mañana,Granada,Mostrador,Panadería,Pandebono,,1,2500,0,2500,Efectivo,Recurrente,18-24,7.1,4,,28.6,No
100065,2026-01-03,1,Enero,1,Sábado,Sí,No,09:28,Mañana,San Antonio,Mostrador,Café caliente,Latte,S,2,7600,5,14400,Efectivo,Fidelizado,18-24,2.6,,,28.6,No
100060,2026-01-03,1,Enero,1,Sábado,Sí,No,09:31,Mañana,Granada,Mostrador,Café caliente,Americano,L,3,6900,0,20700,Tarjeta débito,Recurrente,45-54,3.7,,,28.6,No
100049,2026-01-03,1,Enero,1,Sábado,Sí,No,09:45,Mañana,Centro,Mostrador,Snacks,Galletas,,3,4500,5,12800,Tarjeta crédito,Fidelizado,35-44,3.0,5,,28.6,No
100050,2026-01-03,1,Enero,1,Sábado,Sí,No,09:45,Mañana,Centro,Mostrador,Panadería,Buñuelo,,1,2200,0,2200,Tarjeta crédito,Nuevo,55 o más,2.8,,,28.6,No
100051,2026-01-03,1,Enero,1,Sábado,Sí,No,10:18,Media mañana,Centro,Mostrador,Snacks,Empanada,,2,3500,0,7000,Billetera digital,Recurrente,Menos de 18,2.9,,,28.6,No
100057,2026-01-03,1,Enero,1,Sábado,Sí,No,10:19,Media mañana,Granada,Mostrador,Café caliente,Capuchino,M,3,8500,0,25500,Tarjeta débito,Nuevo,35-44,4.8,5,Me encanta el ambiente,28.6,No
100069,2026-01-03,1,Enero,1,Sábado,Sí,No,10:41,Media mañana,Ciudad Jardín,Mostrador,Snacks,Galletas,,2,4500,0,9000,Tarjeta crédito,Recurrente,45-54,2.8,5,,28.6,No
100067,2026-01-03,1,Enero,1,Sábado,Sí,No,11:45,Media mañana,Ciudad Jardín,Mostrador,Almuerzo,Ensalada César,,3,19500,0,58500,Billetera digital,Recurrente,35-44,7.4,,,28.6,No
100048,2026-01-03,1,Enero,1,Sábado,Sí,No,12:26,Almuerzo,Centro,Mostrador,Panadería,Torta de zanahoria,,3,9000,0,27000,Tarjeta crédito,Recurrente,35-44,5.3,4,,28.6,No
100055,2026-01-03,1,Enero,1,Sábado,Sí,No,13:02,Almuerzo,Granada,Mostrador,Bebida fría,Limonada de coco,L,2,13800,0,27600,Billetera digital,Recurrente,35-44,4.1,5,,28.6,No
100058,2026-01-03,1,Enero,1,Sábado,Sí,No,14:13,Tarde,Granada,Mostrador,Café caliente,Latte,S,3,7600,5,21700,Tarjeta crédito,Fidelizado,25-34,1.5,5,Buen precio por el tamaño,28.6,No
100066,2026-01-03,1,Enero,1,Sábado,Sí,No,15:29,Tarde,Ciudad Jardín,Mostrador,Bebida fría,Cold brew,L,2,13100,0,26200,Efectivo,Recurrente,18-24,3.7,,,28.6,No
100059,2026-01-03,1,Enero,1,Sábado,Sí,No,17:04,Tarde,Granada,Mostrador,Bebida fría,Cold brew,M,1,10500,0,10500,Tarjeta crédito,Nuevo,25-34,4.6,4,Aceptable,28.6,No
100053,2026-01-03,1,Enero,1,Sábado,Sí,No,17:44,Tarde,Granada,Mostrador,Café caliente,Capuchino,M,2,8500,0,17000,Billetera digital,Recurrente,25-34,5.7,,,28.6,No
100061,2026-01-03,1,Enero,1,Sábado,Sí,No,18:47,Noche,San Antonio,Mostrador,Café caliente,Latte,M,2,9000,0,18000,Tarjeta débito,Recurrente,18-24,1.7,,,28.6,No
100068,2026-01-03,1,Enero,1,Sábado,Sí,No,18:59,Noche,Ciudad Jardín,Mostrador,Café caliente,Latte,M,1,9000,0,9000,Billetera digital,Recurrente,25-34,4.2,,,28.6,No
100062,2026-01-03,1,Enero,1,Sábado,Sí,No,20:38,Noche,San Antonio,Mostrador,Panadería,Pandebono,,1,2500,0,2500,Tarjeta débito,Recurrente,Menos de 18,4.7,4,"Bien, pero podría mejorar",28.6,No
100063,2026-01-03,1,Enero,1,Sábado,Sí,No,20:57,Noche,San Antonio,Mostrador,Snacks,Empanada,,2,3500,0,7000,Tarjeta débito,Recurrente,25-34,4.1,4,,28.6,No
100078,2026-01-04,1,Enero,1,Domingo,Sí,No,06:03,Mañana,Granada,Mostrador,Bebida fría,Frappé de café,M,2,12500,0,25000,Billetera digital,Recurrente,25-34,7.9,,,29.4,No
100076,2026-01-04,1,Enero,1,Domingo,Sí,No,06:40,Mañana,Granada,Mostrador,Snacks,Galletas,,3,4500,5,12800,Efectivo,Fidelizado,35-44,3.8,,,29.4,No
100083,2026-01-04,1,Enero,1,Domingo,Sí,No,07:05,Mañana,San Antonio,Mostrador,Panadería,Muffin,,3,7000,5,20000,Billetera digital,Fidelizado,25-34,3.4,,,29.4,No
100073,2026-01-04,1,Enero,1,Domingo,Sí,No,07:36,Mañana,Granada,Mostrador,Panadería,Pandebono,,2,2500,0,5000,Billetera digital,Recurrente,55 o más,6.4,,,29.4,No
100089,2026-01-04,1,Enero,1,Domingo,Sí,No,08:33,Mañana,Ciudad Jardín,Mostrador,Café caliente,Latte,S,3,7600,0,22800,Tarjeta crédito,Recurrente,45-54,2.9,,,29.4,No
100079,2026-01-04,1,Enero,1,Domingo,Sí,No,08:57,Mañana,Granada,Mostrador,Panadería,Torta de zanahoria,,1,9000,0,9000,Billetera digital,Nuevo,45-54,4.9,4,Bueno,29.4,No
100077,2026-01-04,1,Enero,1,Domingo,Sí,No,10:38,Media mañana,Granada,Mostrador,Café caliente,Tinto,S,1,3000,0,3000,Tarjeta débito,Recurrente,35-44,4.2,3,Aceptable,29.4,No
100088,2026-01-04,1,Enero,1,Domingo,Sí,No,11:10,Media mañana,Ciudad Jardín,Mostrador,Café caliente,Tinto,L,1,4400,0,4400,Tarjeta crédito,Recurrente,45-54,3.4,,,29.4,No
100081,2026-01-04,1,Enero,1,Domingo,Sí,No,11:22,Media mañana,San Antonio,Mostrador,Panadería,Pandebono,,2,2500,0,5000,Billetera digital,Recurrente,35-44,0.8,4,Aceptable,29.4,No
100071,2026-01-04,1,Enero,1,Domingo,Sí,No,11:33,Media mañana,Granada,Mostrador,Café caliente,Tinto,M,1,3500,0,3500,Efectivo,Recurrente,18-24,5.3,,,29.4,No
100087,2026-01-04,1,Enero,1,Domingo,Sí,No,11:33,Media mañana,San Antonio,Mostrador,Bebida fría,Frappé de café,S,2,10600,0,21200,Tarjeta crédito,Recurrente,45-54,4.0,,,29.4,No
100082,2026-01-04,1,Enero,1,Domingo,Sí,No,11:46,Media mañana,San Antonio,Mostrador,Bebida fría,Limonada de coco,M,1,11000,5,10400,Efectivo,Fidelizado,Menos de 18,9.5,5,Volveré pronto,29.4,No
100070,2026-01-04,1,Enero,1,Domingo,Sí,No,11:49,Media mañana,Granada,Mostrador,Snacks,Galletas,,1,4500,0,4500,Billetera digital,Recurrente,18-24,5.9,,,29.4,No
100072,2026-01-04,1,Enero,1,Domingo,Sí,No,13:14,Almuerzo,Granada,Mostrador,Almuerzo,Sándwich cubano,,1,21000,0,21000,Tarjeta crédito,Recurrente,35-44,11.9,3,,29.4,No
100085,2026-01-04,1,Enero,1,Domingo,Sí,No,14:31,Tarde,San Antonio,Mostrador,Bebida fría,Té helado,M,1,7500,0,7500,Efectivo,Recurrente,25-34,4.7,,,29.4,No
100075,2026-01-04,1,Enero,1,Domingo,Sí,No,15:41,Tarde,Granada,Mostrador,Snacks,Papas de paquete,,1,5000,0,5000,Tarjeta crédito,Recurrente,45-54,5.0,,,29.4,No
100084,2026-01-04,1,Enero,1,Domingo,Sí,No,15:52,Tarde,San Antonio,Mostrador,Café caliente,Tinto,S,1,3000,0,3000,Efectivo,Nuevo,25-34,1.7,4,,29.4,No
100080,2026-01-04,1,Enero,1,Domingo,Sí,No,17:26,Tarde,Granada,Mostrador,Panadería,Croissant,,2,6500,0,13000,Billetera digital,Nuevo,25-34,2.0,,,29.4,No
100074,2026-01-04,1,Enero,1,Domingo,Sí,No,19:48,Noche,Granada,Mostrador,Snacks,Empanada,,2,3500,5,6600,Tarjeta crédito,Fidelizado,25-34,2.8,,,29.4,No
100086,2026-01-04,1,Enero,1,Domingo,Sí,No,20:56,Noche,San Antonio,Domicilio,Bebida fría,Frappé de café,M,2,12500,0,25000,Efectivo,Recurrente,18-24,,3,,29.4,No
100099,2026-01-05,1,Enero,2,Lunes,No,No,07:11,Mañana,Granada,Mostrador,Panadería,Buñuelo,,1,2200,5,2100,Efectivo,Fidelizado,25-34,3.7,,,28.7,No
100095,2026-01-05,1,Enero,2,Lunes,No,No,07:14,Mañana,Centro,Mostrador,Café caliente,Americano,M,3,5500,0,16500,Billetera digital,Recurrente,35-44,5.1,,,28.7,No
100113,2026-01-05,1,Enero,2,Lunes,No,No,07:49,Mañana,Ciudad Jardín,Mostrador,Café caliente,Americano,M,1,5500,0,5500,Tarjeta débito,Recurrente,25-34,2.6,,,28.7,No
100109,2026-01-05,1,Enero,2,Lunes,No,No,08:00,Mañana,San Antonio,Domicilio,Panadería,Pandebono,,1,2500,0,2500,Efectivo,Nuevo,45-54,,4,,28.7,No
100098,2026-01-05,1,Enero,2,Lunes,No,No,08:48,Mañana,Granada,Domicilio,Café caliente,Chocolate caliente,M,3,8000,0,24000,Efectivo,Recurrente,55 o más,,4,Aceptable,28.7,No
100092,2026-01-05,1,Enero,2,Lunes,No,No,09:02,Mañana,Centro,Domicilio,Café caliente,Americano,M,1,5500,0,5500,Tarjeta crédito,Recurrente,25-34,,5,,28.7,No
100107,2026-01-05,1,Enero,2,Lunes,No,No,09:06,Mañana,San Antonio,Mostrador,Snacks,Papas de paquete,,2,5000,5,9500,Tarjeta crédito,Fidelizado,18-24,2.9,4,,28.7,No
100114,2026-01-05,1,Enero,2,Lunes,No,No,09:59,Mañana,Ciudad Jardín,Mostrador,Café caliente,Latte,M,1,9000,0,9000,Tarjeta crédito,Nuevo,35-44,2.1,,,28.7,No
100101,2026-01-05,1,Enero,2,Lunes,No,No,10:30,Media mañana,Granada,Mostrador,Panadería,Muffin,,2,7000,0,14000,Tarjeta débito,Nuevo,25-34,4.5,4,"Bien, pero podría mejorar",28.7,No
100100,2026-01-05,1,Enero,2,Lunes,No,No,10:36,Media mañana,Granada,Mostrador,Panadería,Buñuelo,,2,2200,0,4400,Billetera digital,Nuevo,55 o más,2.4,3,,28.7,No
100110,2026-01-05,1,Enero,2,Lunes,No,No,10:41,Media mañana,San Antonio,Mostrador,Panadería,Torta de zanahoria,,1,9000,0,9000,Tarjeta débito,Nuevo,18-24,1.0,5,,28.7,No
100115,2026-01-05,1,Enero,2,Lunes,No,No,11:03,Media mañana,Ciudad Jardín,Mostrador,Café caliente,Latte,L,2,11200,0,22400,Efectivo,Nuevo,45-54,5.9,,,28.7,No
100096,2026-01-05,1,Enero,2,Lunes,No,No,11:11,Media mañana,Granada,Mostrador,Bebida fría,Jugo natural,S,2,7200,5,13700,Billetera digital,Fidelizado,18-24,2.5,,,28.7,No
100094,2026-01-05,1,Enero,2,Lunes,No,No,12:21,Almuerzo,Centro,Domicilio,Bebida fría,Cold brew,M,2,10500,0,21000,Billetera digital,Recurrente,Menos de 18,,3,,28.7,No
100108,2026-01-05,1,Enero,2,Lunes,No,No,12:51,Almuerzo,San Antonio,Mostrador,Snacks,Galletas,,1,4500,5,4300,Efectivo,Fidelizado,25-34,7.3,,,28.7,No
100103,2026-01-05,1,Enero,2,Lunes,No,No,13:22,Almuerzo,Granada,Mostrador,Bebida fría,Frappé de café,M,1,12500,5,11900,Tarjeta débito,Fidelizado,18-24,10.0,5,Volveré pronto,28.7,No
100091,2026-01-05,1,Enero,2,Lunes,No,No,13:30,Almuerzo,Centro,Mostrador,Almuerzo,Wrap de pollo,,1,18500,5,17600,Tarjeta crédito,Fidelizado,45-54,9.6,,,28.7,No
100106,2026-01-05,1,Enero,2,Lunes,No,No,13:42,Almuerzo,San Antonio,Mostrador,Almuerzo,Wrap de pollo,,1,18500,0,18500,Tarjeta crédito,Nuevo,35-44,7.5,,,28.7,No
100112,2026-01-05,1,Enero,2,Lunes,No,No,13:56,Almuerzo,Ciudad Jardín,Mostrador,Almuerzo,Sándwich cubano,,2,21000,0,42000,Tarjeta débito,Nuevo,55 o más,13.9,,,28.7,No
100102,2026-01-05,1,Enero,2,Lunes,No,No,14:59,Tarde,Granada,Mostrador,Almuerzo,Wrap de pollo,,1,18500,0,18500,Efectivo,Recurrente,18-24,2.4,,,28.7,No
100093,2026-01-05,1,Enero,2,Lunes,No,No,15:19,Tarde,Centro,Mostrador,Café caliente,Tinto,M,1,3500,0,3500,Efectivo,Recurrente,25-34,3.1,4,Aceptable,28.7,No
100105,2026-01-05,1,Enero,2,Lunes,No,No,15:22,Tarde,Granada,Mostrador,Café caliente,Americano,M,2,5500,0,11000,Tarjeta débito,Recurrente,55 o más,5.8,4,,28.7,No
100090,2026-01-05,1,Enero,2,Lunes,No,No,15:32,Tarde,Centro,Mostrador,Snacks,Galletas,,1,4500,0,4500,Efectivo,Nuevo,25-34,4.8,5,,28.7,No
100111,2026-01-05,1,Enero,2,Lunes,No,No,16:17,Tarde,Ciudad Jardín,Mostrador,Panadería,Muffin,,3,7000,0,21000,Billetera digital,Recurrente,45-54,2.5,,,28.7,No
100097,2026-01-05,1,Enero,2,Lunes,No,No,19:14,Noche,Granada,Mostrador,Bebida fría,Té helado,L,3,9400,0,28200,Tarjeta crédito,Nuevo,35-44,3.4,,,28.7,No
100104,2026-01-05,1,Enero,2,Lunes,No,No,20:53,Noche,Granada,Mostrador,Panadería,Pandebono,,1,2500,0,2500,Efectivo,Nuevo,25-34,2.4,3,"Bien, pero podría mejorar",28.7,No
100142,2026-01-06,1,Enero,2,Martes,No,No,06:20,Mañana,Ciudad Jardín,Mostrador,Café caliente,Capuchino,M,2,8500,0,17000,Billetera digital,Recurrente,45-54,6.1,,,29.7,No
100119,2026-01-06,1,Enero,2,Martes,No,No,06:44,Mañana,Centro,Mostrador,Café caliente,Latte,L,3,11200,0,33600,Tarjeta crédito,Recurrente,35-44,6.6,,,29.7,No
100141,2026-01-06,1,Enero,2,Martes,No,No,07:39,Mañana,San Antonio,Mostrador,Café caliente,Tinto,S,1,3000,0,3000,Tarjeta débito,Nuevo,35-44,1.2,,,29.7,No
100116,2026-01-06,1,Enero,2,Martes,No,No,08:29,Mañana,Centro,Mostrador,Bebida fría,Frappé de café,M,2,12500,0,25000,Tarjeta crédito,Nuevo,55 o más,5.1,,,29.7,No
100126,2026-01-06,1,Enero,2,Martes,No,No,08:54,Mañana,Centro,Mostrador,Panadería,Torta de zanahoria,,3,9000,5,25600,Billetera digital,Fidelizado,45-54,3.5,,,29.7,No
100136,2026-01-06,1,Enero,2,Martes,No,No,08:57,Mañana,Granada,Mostrador,Café caliente,Capuchino,S,2,7200,0,14400,Tarjeta débito,Nuevo,25-34,3.2,,,29.7,No
100145,2026-01-06,1,Enero,2,Martes,No,No,08:57,Mañana,Ciudad Jardín,Mostrador,Café caliente,Mocaccino,M,3,9500,5,27100,Tarjeta débito,Fidelizado,55 o más,1.6,4,Excelente atención,29.7,No
100120,2026-01-06,1,Enero,2,Martes,No,No,09:07,Mañana,Centro,Mostrador,Panadería,Croissant,,1,6500,0,6500,Tarjeta débito,Recurrente,25-34,7.5,,,29.7,No
100124,2026-01-06,1,Enero,2,Martes,No,No,09:09,Mañana,Centro,Mostrador,Snacks,Papas de paquete,,1,5000,0,5000,Tarjeta crédito,Recurrente,18-24,4.3,,,29.7,No
100144,2026-01-06,1,Enero,2,Martes,No,No,10:02,Media mañana,Ciudad Jardín,Mostrador,Bebida fría,Jugo natural,L,2,10600,0,21200,Billetera digital,Recurrente,25-34,3.6,,,29.7,No
100122,2026-01-06,1,Enero,2,Martes,No,No,10:21,Media mañana,Centro,Mostrador,Panadería,Pandebono,,1,2500,0,2500,Tarjeta crédito,Recurrente,18-24,2.4,4,Muy buen café,29.7,No
100130,2026-01-06,1,Enero,2,Martes,No,No,10:30,Media mañana,Granada,Mostrador,Panadería,Croissant,,2,6500,0,13000,Efectivo,Recurrente,25-34,1.4,,,29.7,No
100123,2026-01-06,1,Enero,2,Martes,No,No,10:43,Media mañana,Centro,Mostrador,Panadería,Buñuelo,,1,2200,0,2200,Tarjeta crédito,Nuevo,35-44,3.6,4,,29.7,No
100131,2026-01-06,1,Enero,2,Martes,No,No,10:57,Media mañana,Granada,Mostrador,Café caliente,Capuchino,M,2,8500,0,17000,Efectivo,Recurrente,45-54,1.9,,,29.7,No
100139,2026-01-06,1,Enero,2,Martes,No,No,11:09,Media mañana,San Antonio,Mostrador,Panadería,Muffin,,2,7000,0,14000,Efectivo,Nuevo,55 o más,1.9,5,Excelente atención,29.7,No
100118,2026-01-06,1,Enero,2,Martes,No,No,11:58,Media mañana,Centro,Mostrador,Café caliente,Capuchino,M,1,8500,0,8500,Efectivo,Recurrente,25-34,3.8,,,29.7,No
100132,2026-01-06,1,Enero,2,Martes,No,No,12:43,Almuerzo,Granada,Domicilio,Bebida fría,Frappé de café,L,2,15600,0,31200,Efectivo,Recurrente,55 o más,,,,29.7,No
100117,2026-01-06,1,Enero,2,Martes,No,No,13:02,Almuerzo,Centro,Mostrador,Almuerzo,Wrap de pollo,,1,18500,0,18500,Billetera digital,Recurrente,Menos de 18,19.3,,,29.7,No
100135,2026-01-06,1,Enero,2,Martes,No,No,13:44,Almuerzo,Granada,Mostrador,Bebida fría,Cold brew,L,1,13100,5,12400,Tarjeta débito,Fidelizado,25-34,10.6,,,29.7,No
100127,2026-01-06,1,Enero,2,Martes,No,No,15:04,Tarde,Centro,Mostrador,Bebida fría,Té helado,S,1,6400,0,6400,Tarjeta débito,Nuevo,35-44,4.5,2,,29.7,No
100133,2026-01-06,1,Enero,2,Martes,No,No,15:43,Tarde,Granada,Mostrador,Bebida fría,Té helado,M,1,7500,0,7500,Efectivo,Recurrente,18-24,3.0,,,29.7,No
100137,2026-01-06,1,Enero,2,Martes,No,No,15:55,Tarde,Granada,Mostrador,Panadería,Pandebono,,1,2500,0,2500,Tarjeta débito,Recurrente,18-24,1.9,,,29.7,No
100140,2026-01-06,1,Enero,2,Martes,No,No,16:55,Tarde,San Antonio,Mostrador,Café caliente,Chocolate caliente,L,1,10000,5,9500,Efectivo,Fidelizado,25-34,3.1,,,29.7,No
100134,2026-01-06,1,Enero,2,Martes,No,No,17:07,Tarde,Granada,Mostrador,Bebida fría,Limonada de coco,L,1,13800,0,13800,Efectivo,Recurrente,18-24,5.0,,,29.7,No
100121,2026-01-06,1,Enero,2,Martes,No,No,17:38,Tarde,Centro,Domicilio,Snacks,Empanada,,2,3500,0,7000,Tarjeta débito,Recurrente,25-34,,5,,29.7,No
100143,2026-01-06,1,Enero,2,Martes,No,No,17:56,Tarde,Ciudad Jardín,Mostrador,Panadería,Muffin,,2,7000,0,14000,Billetera digital,Nuevo,35-44,2.3,,,29.7,No
100129,2026-01-06,1,Enero,2,Martes,No,No,18:28,Noche,Granada,Mostrador,Panadería,Pandebono,,2,2500,0,5000,Tarjeta crédito,Nuevo,Menos de 18,4.4,,,29.7,No
100125,2026-01-06,1,Enero,2,Martes,No,No,19:27,Noche,Centro,Mostrador,Café caliente,Tinto,S,1,3000,0,3000,Tarjeta crédito,Nuevo,25-34,1.8,,,29.7,No
100138,2026-01-06,1,Enero,2,Martes,No,No,19:45,Noche,Granada,Mostrador,Café caliente,Latte,S,2,7600,5,14400,Tarjeta crédito,Fidelizado,55 o más,3.0,,,29.7,No
100128,2026-01-06,1,Enero,2,Martes,No,No,20:58,Noche,Granada,Mostrador,Bebida fría,Jugo natural,S,1,7200,0,7200,Tarjeta crédito,Recurrente,18-24,4.1,,,29.7,No
100146,2026-01-07,1,Enero,2,Miércoles,No,No,06:06,Mañana,Centro,Mostrador,Café caliente,Mocaccino,L,3,11900,0,35700,Efectivo,Recurrente,55 o más,16.6,,,28.9,No
100155,2026-01-07,1,Enero,2,Miércoles,No,No,06:54,Mañana,Granada,Mostrador,Café caliente,Americano,L,2,6900,5,13100,Tarjeta débito,Fidelizado,45-54,4.4,,,28.9,No
100157,2026-01-07,1,Enero,2,Miércoles,No,No,06:58,Mañana,Granada,Mostrador,Panadería,Pandebono,,2,2500,5,4800,Billetera digital,Fidelizado,25-34,2.8,,,28.9,No
100172,2026-01-07,1,Enero,2,Miércoles,No,No,07:09,Mañana,Ciudad Jardín,Domicilio,Panadería,Croissant,,2,6500,0,13000,Efectivo,Recurrente,45-54,,,,28.9,No
100165,2026-01-07,1,Enero,2,Miércoles,No,No,07:47,Mañana,Ciudad Jardín,Mostrador,Café caliente,Tinto,S,1,3000,0,3000,Efectivo,Nuevo,Menos de 18,4.0,,,28.9,No
100147,2026-01-07,1,Enero,2,Miércoles,No,No,08:14,Mañana,Centro,Mostrador,Panadería,Pandebono,,1,2500,0,2500,Efectivo,Recurrente,18-24,6.3,5,Rápido y amable,28.9,No
100170,2026-01-07,1,Enero,2,Miércoles,No,No,08:26,Mañana,Ciudad Jardín,Mostrador,Bebida fría,Limonada de coco,M,1,11000,5,10400,Tarjeta débito,Fidelizado,18-24,3.4,5,,28.9,No
100162,2026-01-07,1,Enero,2,Miércoles,No,No,08:57,Mañana,San Antonio,Mostrador,Café caliente,Tinto,M,1,3500,0,3500,Tarjeta crédito,Recurrente,18-24,3.5,,,28.9,No
100148,2026-01-07,1,Enero,2,Miércoles,No,No,09:04,Mañana,Centro,Mostrador,Panadería,Muffin,,1,7000,0,7000,Tarjeta débito,Recurrente,45-54,3.5,,,28.9,No
100153,2026-01-07,1,Enero,2,Miércoles,No,No,09:36,Mañana,Centro,Domicilio,Café caliente,Americano,M,1,5500,5,5200,Tarjeta crédito,Fidelizado,18-24,,,,28.9,No
100171,2026-01-07,1,Enero,2,Miércoles,No,No,10:07,Media mañana,Ciudad Jardín,Mostrador,Bebida fría,Frappé de café,M,2,12500,5,23800,Efectivo,Fidelizado,35-44,3.9,,,28.9,No
100166,2026-01-07,1,Enero,2,Miércoles,No,No,10:58,Media mañana,Ciudad Jardín,Mostrador,Snacks,Empanada,,2,3500,0,7000,Efectivo,Recurrente,45-54,1.2,,,28.9,No
100163,2026-01-07,1,Enero,2,Miércoles,No,No,11:10,Media mañana,San Antonio,Mostrador,Panadería,Buñuelo,,1,2200,0,2200,Efectivo,Recurrente,35-44,2.1,5,Volveré pronto,28.9,No
100150,2026-01-07,1,Enero,2,Miércoles,No,No,12:07,Almuerzo,Centro,Mostrador,Almuerzo,Ensalada César,,1,19500,0,19500,Efectivo,Recurrente,45-54,12.7,2,Me tocó esperar mucho,28.9,No
100151,2026-01-07,1,Enero,2,Miércoles,No,No,12:28,Almuerzo,Centro,Mostrador,Café caliente,Tinto,L,1,4400,5,4200,Efectivo,Fidelizado,25-34,8.8,,,28.9,No
100167,2026-01-07,1,Enero,2,Miércoles,No,No,12:42,Almuerzo,Ciudad Jardín,Mostrador,Almuerzo,Wrap de pollo,,2,18500,0,37000,Efectivo,Nuevo,55 o más,3.0,3,,28.9,No
100160,2026-01-07,1,Enero,2,Miércoles,No,No,12:45,Almuerzo,San Antonio,Mostrador,Almuerzo,Ensalada César,,1,19500,0,19500,Billetera digital,Recurrente,18-24,6.9,,,28.9,No
100168,2026-01-07,1,Enero,2,Miércoles,No,No,13:23,Almuerzo,Ciudad Jardín,Mostrador,Bebida fría,Limonada de coco,S,3,9400,5,26800,Efectivo,Fidelizado,35-44,8.9,4,,28.9,No
100152,2026-01-07,1,Enero,2,Miércoles,No,No,13:42,Almuerzo,Centro,Mostrador,Almuerzo,Sándwich cubano,,1,21000,5,20000,Efectivo,Fidelizado,55 o más,12.5,,,28.9,No
100169,2026-01-07,1,Enero,2,Miércoles,No,No,13:47,Almuerzo,Ciudad Jardín,Mostrador,Panadería,Muffin,,2,7000,5,13300,Tarjeta débito,Fidelizado,45-54,2.1,4,,28.9,No
100154,2026-01-07,1,Enero,2,Miércoles,No,No,14:31,Tarde,Centro,Mostrador,Snacks,Galletas,,1,4500,0,4500,Efectivo,Nuevo,25-34,5.1,4,,28.9,No
100156,2026-01-07,1,Enero,2,Miércoles,No,No,15:00,Tarde,Granada,Mostrador,Snacks,Empanada,,2,3500,0,7000,Tarjeta débito,Nuevo,18-24,3.1,,,28.9,No
100159,2026-01-07,1,Enero,2,Miércoles,No,No,16:11,Tarde,San Antonio,Mostrador,Snacks,Barra de granola,,1,5500,0,5500,Efectivo,Recurrente,35-44,3.0,,,28.9,No
100161,2026-01-07,1,Enero,2,Miércoles,No,No,16:57,Tarde,San Antonio,Mostrador,Café caliente,Latte,M,2,9000,0,18000,Tarjeta crédito,Nuevo,25-34,5.0,,,28.9,No
100164,2026-01-07,1,Enero,2,Miércoles,No,No,17:03,Tarde,San Antonio,Mostrador,Panadería,Pandebono,,1,2500,0,2500,Tarjeta crédito,Recurrente,18-24,3.0,,,28.9,No
100149,2026-01-07,1,Enero,2,Miércoles,No,No,19:48,Noche,Centro,Mostrador,Café caliente,Chocolate caliente,M,4,8000,5,30400,Efectivo,Fidelizado,45-54,4.5,,,28.9,No
100158,2026-01-07,1,Enero,2,Miércoles,No,No,20:34,Noche,San Antonio,Mostrador,Bebida fría,Cold brew,S,1,8900,0,8900,Tarjeta débito,Recurrente,45-54,5.2,5,,28.9,No
100176,2026-01-08,1,Enero,2,Jueves,No,No,06:26,Mañana,Centro,Mostrador,Café caliente,Capuchino,L,1,10600,0,10600,Billetera digital,Recurrente,25-34,9.4,,,28.1,No
100175,2026-01-08,1,Enero,2,Jueves,No,No,06:52,Mañana,Centro,Mostrador,Café caliente,Capuchino,M,1,8500,0,8500,Tarjeta débito,Recurrente,18-24,7.0,5,Volveré pronto,28.1,No
100173,2026-01-08,1,Enero,2,Jueves,No,No,06:57,Mañana,Centro,Mostrador,Panadería,Pandebono,,2,2500,5,4800,Efectivo,Fidelizado,25-34,7.9,,,28.1,No
100196,2026-01-08,1,Enero,2,Jueves,No,No,08:49,Mañana,Ciudad Jardín,Mostrador,Café caliente,Tinto,M,1,3500,0,3500,Billetera digital,Recurrente,45-54,4.2,,,28.1,No
100197,2026-01-08,1,Enero,2,Jueves,No,No,10:04,Media mañana,Ciudad Jardín,Mostrador,Snacks,Galletas,,1,4500,0,4500,Billetera digital,Nuevo,45-54,6.1,,,28.1,No
100195,2026-01-08,1,Enero,2,Jueves,No,No,10:20,Media mañana,Ciudad Jardín,Mostrador,Café caliente,Tinto,M,3,3500,0,10500,Tarjeta débito,Recurrente,35-44,1.6,,,28.1,No
100174,2026-01-08,1,Enero,2,Jueves,No,No,10:28,Media mañana,Centro,Mostrador,Almuerzo,Ensalada César,,1,19500,0,19500,Tarjeta débito,Recurrente,25-34,2.0,4,Muy buen café,28.1,No
100191,2026-01-08,1,Enero,2,Jueves,No,No,10:40,Media mañana,San Antonio,Mostrador,Almuerzo,Sándwich cubano,,1,21000,0,21000,Tarjeta crédito,Recurrente,45-54,1.6,,,28.1,No
105626,2026-01-08,1,Enero,2,Jueves,No,No,11:30,Media mañana,Centro,Domicilio,Almuerzo,Wrap de pollo,,41,18500,10,682600,Tarjeta crédito,Fidelizado,35-44,,,Pedido corporativo,28.1,No
100185,2026-01-08,1,Enero,2,Jueves,No,No,12:40,Almuerzo,Granada,Mostrador,Almuerzo,Sándwich cubano,,1,21000,0,21000,Tarjeta crédito,Nuevo,35-44,7.4,,,28.1,No
100184,2026-01-08,1,Enero,2,Jueves,No,No,12:50,Almuerzo,Granada,Domicilio,Bebida fría,Frappé de café,L,2,15600,5,29600,Tarjeta débito,Fidelizado,18-24,,,,28.1,No
100179,2026-01-08,1,Enero,2,Jueves,No,No,13:01,Almuerzo,Centro,Mostrador,Bebida fría,Limonada de coco,S,3,9400,0,28200,Tarjeta débito,Nuevo,18-24,11.9,3,,28.1,No
100181,2026-01-08,1,Enero,2,Jueves,No,No,13:15,Almuerzo,Centro,Mostrador,Almuerzo,Ensalada César,,1,19500,0,19500,Billetera digital,Nuevo,25-34,11.6,,,28.1,No
100180,2026-01-08,1,Enero,2,Jueves,No,No,13:16,Almuerzo,Centro,Mostrador,Panadería,Torta de zanahoria,,3,9000,0,27000,Efectivo,Nuevo,25-34,9.7,4,,28.1,No
100178,2026-01-08,1,Enero,2,Jueves,No,No,13:24,Almuerzo,Centro,Mostrador,Almuerzo,Wrap de pollo,,1,18500,0,18500,Tarjeta débito,Recurrente,25-34,7.9,,,28.1,No
100189,2026-01-08,1,Enero,2,Jueves,No,No,13:39,Almuerzo,Granada,Mostrador,Bebida fría,Limonada de coco,L,2,13800,0,27600,Billetera digital,Nuevo,25-34,13.2,,,28.1,No
100193,2026-01-08,1,Enero,2,Jueves,No,No,13:52,Almuerzo,San Antonio,Mostrador,Almuerzo,Sándwich cubano,,1,21000,0,21000,Billetera digital,Recurrente,25-34,8.4,,,28.1,No
100194,2026-01-08,1,Enero,2,Jueves,No,No,13:57,Almuerzo,Ciudad Jardín,Mostrador,Panadería,Pandebono,,1,2500,0,2500,Tarjeta débito,Nuevo,55 o más,15.2,,,28.1,No
100182,2026-01-08,1,Enero,2,Jueves,No,No,13:59,Almuerzo,Centro,Domicilio,Almuerzo,Sándwich cubano,,1,21000,5,20000,Efectivo,Fidelizado,18-24,,,,28.1,No
100183,2026-01-08,1,Enero,2,Jueves,No,No,15:05,Tarde,Centro,Mostrador,Café caliente,Capuchino,S,2,7200,5,13700,Billetera digital,Fidelizado,18-24,3.2,5,,28.1,No
100192,2026-01-08,1,Enero,2,Jueves,No,No,15:09,Tarde,San Antonio,Mostrador,Bebida fría,Cold brew,M,4,10500,0,42000,Tarjeta crédito,Nuevo,18-24,3.2,3,"Bien, pero podría mejorar",28.1,No
100190,2026-01-08,1,Enero,2,Jueves,No,No,15:18,Tarde,Granada,Domicilio,Bebida fría,Limonada de coco,S,2,9400,0,18800,Billetera digital,Nuevo,25-34,,,,28.1,No
100177,2026-01-08,1,Enero,2,Jueves,No,No,16:18,Tarde,Centro,Domicilio,Panadería,Buñuelo,,1,2200,0,2200,Tarjeta débito,Recurrente,25-34,,,,28.1,No
100187,2026-01-08,1,Enero,2,Jueves,No,No,18:51,Noche,Granada,Mostrador,Café caliente,Americano,L,1,6900,0,6900,Billetera digital,Nuevo,25-34,1.7,3,,28.1,No
100188,2026-01-08,1,Enero,2,Jueves,No,No,19:57,Noche,Granada,Domicilio,Almuerzo,Sándwich cubano,,2,21000,5,39900,Efectivo,Fidelizado,45-54,,5,La app funciona bien,28.1,No
100186,2026-01-08,1,Enero,2,Jueves,No,No,20:38,Noche,Granada,Mostrador,Panadería,Pandebono,,1,2500,0,2500,Efectivo,Nuevo,25-34,3.7,,,28.1,No
100202,2026-01-09,1,Enero,2,Viernes,No,No,07:37,Mañana,Centro,Mostrador,Snacks,Empanada,,3,3500,0,10500,Billetera digital,Nuevo,25-34,6.7,2,,29.8,No
100211,2026-01-09,1,Enero,2,Viernes,No,No,07:37,Mañana,San Antonio,Mostrador,Café caliente,Tinto,L,1,4400,0,4400,Efectivo,Recurrente,Menos de 18,2.4,,,29.8,No
100200,2026-01-09,1,Enero,2,Viernes,No,No,07:42,Mañana,Centro,Mostrador,Panadería,Pandebono,,2,2500,5,4800,Tarjeta débito,Fidelizado,45-54,12.7,,,29.8,No
100204,2026-01-09,1,Enero,2,Viernes,No,No,09:01,Mañana,Centro,Mostrador,Panadería,Croissant,,1,6500,0,6500,Tarjeta débito,Recurrente,18-24,11.5,,,29.8,No
100198,2026-01-09,1,Enero,2,Viernes,No,No,09:29,Mañana,Centro,Mostrador,Panadería,Pandebono,,1,2500,0,2500,Tarjeta débito,Recurrente,35-44,5.8,,,29.8,No
100217,2026-01-09,1,Enero,2,Viernes,No,No,10:24,Media mañana,Ciudad Jardín,Mostrador,Snacks,Empanada,,4,3500,0,14000,Tarjeta débito,Nuevo,45-54,5.5,,,29.8,No
100216,2026-01-09,1,Enero,2,Viernes,No,No,11:03,Media mañana,Ciudad Jardín,Mostrador,Café caliente,Americano,M,1,5500,0,5500,Tarjeta crédito,Recurrente,35-44,1.6,,,29.8,No
100201,2026-01-09,1,Enero,2,Viernes,No,No,12:03,Almuerzo,Centro,Mostrador,Almuerzo,Wrap de pollo,,4,18500,0,74000,Billetera digital,Recurrente,35-44,20.3,,,29.8,No
100213,2026-01-09,1,Enero,2,Viernes,No,No,12:59,Almuerzo,San Antonio,Mostrador,Bebida fría,Limonada de coco,M,2,11000,5,20900,Tarjeta débito,Fidelizado,18-24,15.5,3,,29.8,No
100205,2026-01-09,1,Enero,2,Viernes,No,No,14:21,Tarde,Granada,Mostrador,Bebida fría,Té helado,M,1,7500,0,7500,Tarjeta débito,Recurrente,45-54,2.3,5,Buen precio por el tamaño,29.8,No
100214,2026-01-09,1,Enero,2,Viernes,No,No,15:21,Tarde,San Antonio,Mostrador,Snacks,Galletas,,4,4500,0,18000,Billetera digital,Recurrente,25-34,3.9,,,29.8,No
100215,2026-01-09,1,Enero,2,Viernes,No,No,15:46,Tarde,San Antonio,Mostrador,Café caliente,Chocolate caliente,M,1,8000,0,8000,Tarjeta crédito,Recurrente,35-44,3.7,,,29.8,No
100209,2026-01-09,1,Enero,2,Viernes,No,No,16:54,Tarde,San Antonio,Mostrador,Café caliente,Chocolate caliente,M,1,8000,0,8000,Tarjeta crédito,Recurrente,18-24,5.5,,,29.8,No
100199,2026-01-09,1,Enero,2,Viernes,No,No,17:25,Tarde,Centro,Mostrador,Bebida fría,Limonada de coco,S,2,9400,0,18800,Billetera digital,Recurrente,18-24,2.7,3,,29.8,No
100207,2026-01-09,1,Enero,2,Viernes,No,No,17:28,Tarde,Granada,Mostrador,Bebida fría,Limonada de coco,M,2,11000,5,20900,Billetera digital,Fidelizado,18-24,3.7,,,29.8,No
100203,2026-01-09,1,Enero,2,Viernes,No,No,17:36,Tarde,Centro,Mostrador,Snacks,Papas de paquete,,1,5000,5,4800,Tarjeta crédito,Fidelizado,25-34,2.9,,,29.8,No
100210,2026-01-09,1,Enero,2,Viernes,No,No,18:59,Noche,San Antonio,Mostrador,Panadería,Croissant,,1,6500,0,6500,Tarjeta débito,Recurrente,35-44,5.3,,,29.8,No
100212,2026-01-09,1,Enero,2,Viernes,No,No,19:01,Noche,San Antonio,Mostrador,Bebida fría,Limonada de coco,M,1,11000,5,10400,Tarjeta crédito,Fidelizado,18-24,4.5,5,,29.8,No
100208,2026-01-09,1,Enero,2,Viernes,No,No,20:14,Noche,Granada,Domicilio,Snacks,Empanada,,4,3500,5,13300,Billetera digital,Fidelizado,35-44,,,,29.8,No
100206,2026-01-09,1,Enero,2,Viernes,No,No,20:45,Noche,Granada,Mostrador,Bebida fría,Frappé de café,S,1,10600,0,10600,Tarjeta débito,Recurrente,Menos de 18,3.9,,,29.8,No
100251,2026-01-10,1,Enero,2,Sábado,Sí,No,06:02,Mañana,Ciudad Jardín,Mostrador,Panadería,Buñuelo,,2,2200,0,4400,Efectivo,Recurrente,35-44,2.0,,,27.1,No
100239,2026-01-10,1,Enero,2,Sábado,Sí,No,06:19,Mañana,San Antonio,Mostrador,Café caliente,Tinto,S,2,3000,0,6000,Billetera digital,Nuevo,35-44,4.0,,,27.1,No
100250,2026-01-10,1,Enero,2,Sábado,Sí,No,07:10,Mañana,Ciudad Jardín,Mostrador,Snacks,Empanada,,2,3500,5,6600,Billetera digital,Fidelizado,25-34,5.5,,,27.1,No
100230,2026-01-10,1,Enero,2,Sábado,Sí,No,07:11,Mañana,Granada,Mostrador,Snacks,Empanada,,1,3500,5,3300,Tarjeta débito,Fidelizado,25-34,4.6,5,Buen precio por el tamaño,27.1,No
100221,2026-01-10,1,Enero,2,Sábado,Sí,No,07:12,Mañana,Centro,Mostrador,Panadería,Croissant,,2,6500,5,12400,Efectivo,Fidelizado,25-34,5.8,,,27.1,No
100238,2026-01-10,1,Enero,2,Sábado,Sí,No,07:23,Mañana,San Antonio,Mostrador,Café caliente,Tinto,L,2,4400,0,8800,Billetera digital,Nuevo,25-34,3.1,,,27.1,No
100236,2026-01-10,1,Enero,2,Sábado,Sí,No,07:26,Mañana,Granada,Mostrador,Panadería,Muffin,,2,7000,5,13300,Efectivo,Fidelizado,25-34,5.5,5,,27.1,No
100224,2026-01-10,1,Enero,2,Sábado,Sí,No,07:37,Mañana,Granada,Mostrador,Café caliente,Tinto,M,1,3500,0,3500,Efectivo,Nuevo,25-34,1.4,4,,27.1,No
100219,2026-01-10,1,Enero,2,Sábado,Sí,No,08:32,Mañana,Centro,Mostrador,Panadería,Buñuelo,,3,2200,0,6600,Billetera digital,Nuevo,25-34,3.9,,,27.1,No
100247,2026-01-10,1,Enero,2,Sábado,Sí,No,09:20,Mañana,San Antonio,Domicilio,Panadería,Buñuelo,,1,2200,0,2200,Tarjeta débito,Nuevo,25-34,,,,27.1,No
100225,2026-01-10,1,Enero,2,Sábado,Sí,No,10:16,Media mañana,Granada,Domicilio,Almuerzo,Bowl vegetariano,,1,22000,0,22000,Tarjeta débito,Recurrente,Menos de 18,,3,Rico pero un poco demorado,27.1,No
100242,2026-01-10,1,Enero,2,Sábado,Sí,No,10:19,Media mañana,San Antonio,Mostrador,Almuerzo,Sándwich cubano,,1,21000,0,21000,Tarjeta crédito,Recurrente,18-24,2.2,,,27.1,No
100235,2026-01-10,1,Enero,2,Sábado,Sí,No,10:25,Media mañana,Granada,Domicilio,Café caliente,Tinto,M,1,3500,5,3300,Efectivo,Fidelizado,45-54,,3,,27.1,No
100233,2026-01-10,1,Enero,2,Sábado,Sí,No,10:41,Media mañana,Granada,Mostrador,Café caliente,Tinto,M,3,3500,0,10500,Tarjeta débito,Nuevo,35-44,3.6,5,,27.1,No
100229,2026-01-10,1,Enero,2,Sábado,Sí,No,10:47,Media mañana,Granada,Mostrador,Bebida fría,Limonada de coco,L,1,13800,0,13800,Efectivo,Nuevo,45-54,3.4,,,27.1,No
100232,2026-01-10,1,Enero,2,Sábado,Sí,No,10:53,Media mañana,Granada,Mostrador,Bebida fría,Cold brew,M,1,10500,0,10500,Tarjeta crédito,Recurrente,45-54,2.9,5,,27.1,No
100252,2026-01-10,1,Enero,2,Sábado,Sí,No,11:02,Media mañana,Ciudad Jardín,Mostrador,Snacks,Papas de paquete,,1,5000,5,4800,Tarjeta débito,Fidelizado,25-34,2.4,5,,27.1,No
100226,2026-01-10,1,Enero,2,Sábado,Sí,No,11:04,Media mañana,Granada,Mostrador,Panadería,Buñuelo,,1,2200,0,2200,Tarjeta crédito,Nuevo,Menos de 18,1.8,3,,27.1,No
100253,2026-01-10,1,Enero,2,Sábado,Sí,No,12:05,Almuerzo,Ciudad Jardín,Mostrador,Café caliente,Mocaccino,S,2,8100,0,16200,Tarjeta débito,Recurrente,55 o más,6.4,,,27.1,No
100223,2026-01-10,1,Enero,2,Sábado,Sí,No,12:14,Almuerzo,Granada,Mostrador,Almuerzo,Bowl vegetariano,,2,22000,5,41800,Tarjeta crédito,Fidelizado,45-54,8.4,4,La app funciona bien,27.1,No
100237,2026-01-10,1,Enero,2,Sábado,Sí,No,12:49,Almuerzo,Granada,Mostrador,Almuerzo,Wrap de pollo,,2,18500,0,37000,Billetera digital,Recurrente,18-24,13.9,2,,27.1,No
100222,2026-01-10,1,Enero,2,Sábado,Sí,No,13:39,Almuerzo,Centro,Mostrador,Bebida fría,Frappé de café,L,2,15600,0,31200,Tarjeta crédito,Recurrente,25-34,5.2,5,,27.1,No
100243,2026-01-10,1,Enero,2,Sábado,Sí,No,13:47,Almuerzo,San Antonio,Mostrador,Almuerzo,Ensalada César,,3,19500,5,55600,Tarjeta débito,Fidelizado,45-54,5.7,,,27.1,No
100218,2026-01-10,1,Enero,2,Sábado,Sí,No,13:49,Almuerzo,Centro,Mostrador,Bebida fría,Limonada de coco,M,1,11000,0,11000,Tarjeta débito,Nuevo,35-44,13.7,,,27.1,No
100234,2026-01-10,1,Enero,2,Sábado,Sí,No,13:51,Almuerzo,Granada,Mostrador,Almuerzo,Wrap de pollo,,1,18500,0,18500,Efectivo,Nuevo,45-54,6.1,,,27.1,No
100245,2026-01-10,1,Enero,2,Sábado,Sí,No,13:54,Almuerzo,San Antonio,Mostrador,Snacks,Empanada,,2,3500,0,7000,Tarjeta débito,Recurrente,35-44,5.2,,,27.1,No
100228,2026-01-10,1,Enero,2,Sábado,Sí,No,14:44,Tarde,Granada,Mostrador,Snacks,Galletas,,1,4500,5,4300,Efectivo,Fidelizado,45-54,4.3,4,,27.1,No
100220,2026-01-10,1,Enero,2,Sábado,Sí,No,14:52,Tarde,Centro,Mostrador,Snacks,Papas de paquete,,3,5000,0,15000,Tarjeta débito,Nuevo,35-44,3.5,4,Rápido y amable,27.1,No
100249,2026-01-10,1,Enero,2,Sábado,Sí,No,14:57,Tarde,Ciudad Jardín,Mostrador,Café caliente,Americano,M,1,5500,0,5500,Tarjeta débito,Recurrente,45-54,2.1,,,27.1,No
100231,2026-01-10,1,Enero,2,Sábado,Sí,No,15:24,Tarde,Granada,Mostrador,Café caliente,Tinto,M,1,3500,0,3500,Tarjeta crédito,Nuevo,25-34,4.1,,,27.1,No
100246,2026-01-10,1,Enero,2,Sábado,Sí,No,16:10,Tarde,San Antonio,Mostrador,Almuerzo,Wrap de pollo,,2,18500,0,37000,Billetera digital,Recurrente,18-24,3.6,,,27.1,No
100244,2026-01-10,1,Enero,2,Sábado,Sí,No,16:58,Tarde,San Antonio,Mostrador,Bebida fría,Limonada de coco,M,2,11000,0,22000,Efectivo,Recurrente,25-34,4.3,5,,27.1,No
100241,2026-01-10,1,Enero,2,Sábado,Sí,No,17:52,Tarde,San Antonio,Mostrador,Café caliente,Tinto,L,2,4400,0,8800,Efectivo,Nuevo,35-44,5.4,,,27.1,No
100227,2026-01-10,1,Enero,2,Sábado,Sí,No,19:13,Noche,Granada,Mostrador,Bebida fría,Jugo natural,L,2,10600,0,21200,Efectivo,Recurrente,25-34,1.8,,,27.1,No
100248,2026-01-10,1,Enero,2,Sábado,Sí,No,19:57,Noche,San Antonio,Mostrador,Snacks,Galletas,,1,4500,0,4500,Billetera digital,Recurrente,25-34,2.6,5,,27.1,No
100240,2026-01-10,1,Enero,2,Sábado,Sí,No,20:58,Noche,San Antonio,Domicilio,Snacks,Empanada,,1,3500,0,3500,Efectivo,Recurrente,18-24,,,,27.1,No
100273,2026-01-11,1,Enero,2,Domingo,Sí,No,06:43,Mañana,San Antonio,Mostrador,Café caliente,Chocolate caliente,L,1,10000,0,10000,Billetera digital,Recurrente,25-34,3.1,,,29.9,No
100280,2026-01-11,1,Enero,2,Domingo,Sí,No,06:58,Mañana,Ciudad Jardín,Mostrador,Café caliente,Tinto,S,2,3000,5,5700,Tarjeta débito,Fidelizado,35-44,4.7,,,29.9,No
100272,2026-01-11,1,Enero,2,Domingo,Sí,No,07:11,Mañana,San Antonio,Mostrador,Café caliente,Tinto,M,3,3500,0,10500,Efectivo,Recurrente,25-34,5.1,,,29.9,No
100279,2026-01-11,1,Enero,2,Domingo,Sí,No,07:53,Mañana,Ciudad Jardín,Mostrador,Café caliente,Tinto,M,3,3500,0,10500,Efectivo,Recurrente,55 o más,1.4,,,29.9,No
100263,2026-01-11,1,Enero,2,Domingo,Sí,No,08:17,Mañana,Granada,Mostrador,Panadería,Croissant,,1,6500,0,6500,Billetera digital,Recurrente,25-34,1.6,,,29.9,No
100266,2026-01-11,1,Enero,2,Domingo,Sí,No,09:21,Mañana,Granada,Mostrador,Café caliente,Tinto,M,2,3500,0,7000,Tarjeta débito,Recurrente,25-34,1.3,,,29.9,No
100269,2026-01-11,1,Enero,2,Domingo,Sí,No,09:28,Mañana,Granada,Mostrador,Panadería,Pandebono,,1,2500,0,2500,Tarjeta crédito,Nuevo,35-44,2.8,,,29.9,No
100278,2026-01-11,1,Enero,2,Domingo,Sí,No,09:59,Mañana,Ciudad Jardín,Mostrador,Café caliente,Latte,L,1,11200,0,11200,Tarjeta crédito,Recurrente,25-34,4.1,,,29.9,No
100264,2026-01-11,1,Enero,2,Domingo,Sí,No,10:46,Media mañana,Granada,Mostrador,Panadería,Muffin,,4,7000,0,28000,Billetera digital,Recurrente,18-24,2.1,5,,29.9,No
100270,2026-01-11,1,Enero,2,Domingo,Sí,No,11:07,Media mañana,Granada,Mostrador,Bebida fría,Jugo natural,M,1,8500,0,8500,Tarjeta crédito,Nuevo,45-54,3.8,,,29.9,No
100267,2026-01-11,1,Enero,2,Domingo,Sí,No,11:17,Media mañana,Granada,Mostrador,Panadería,Pandebono,,1,2500,0,2500,Tarjeta débito,Nuevo,55 o más,2.9,,,29.9,No
100260,2026-01-11,1,Enero,2,Domingo,Sí,No,11:18,Media mañana,Granada,Mostrador,Snacks,Barra de granola,,3,5500,0,16500,Tarjeta crédito,Nuevo,25-34,4.0,,,29.9,No
100268,2026-01-11,1,Enero,2,Domingo,Sí,No,11:18,Media mañana,Granada,Mostrador,Café caliente,Americano,M,1,5500,0,5500,Efectivo,Recurrente,18-24,7.9,,,29.9,No
100257,2026-01-11,1,Enero,2,Domingo,Sí,No,11:34,Media mañana,Granada,Mostrador,Café caliente,Americano,M,1,5500,0,5500,Tarjeta débito,Recurrente,55 o más,5.0,4,,29.9,No
100281,2026-01-11,1,Enero,2,Domingo,Sí,No,11:39,Media mañana,Ciudad Jardín,Mostrador,Panadería,Torta de zanahoria,,2,9000,0,18000,Efectivo,Recurrente,55 o más,4.5,,,29.9,No
100259,2026-01-11,1,Enero,2,Domingo,Sí,No,12:22,Almuerzo,Granada,Mostrador,Panadería,Buñuelo,,1,2200,5,2100,Tarjeta débito,Fidelizado,18-24,10.2,,,29.9,No
100275,2026-01-11,1,Enero,2,Domingo,Sí,No,12:25,Almuerzo,San Antonio,Mostrador,Almuerzo,Sándwich cubano,,1,21000,5,20000,Tarjeta débito,Fidelizado,18-24,4.8,,,29.9,No
100261,2026-01-11,1,Enero,2,Domingo,Sí,No,12:34,Almuerzo,Granada,Domicilio,Almuerzo,Bowl vegetariano,,1,22000,0,22000,Tarjeta débito,Recurrente,45-54,,4,,29.9,No
100265,2026-01-11,1,Enero,2,Domingo,Sí,No,12:57,Almuerzo,Granada,Mostrador,Almuerzo,Wrap de pollo,,1,18500,0,18500,Billetera digital,Nuevo,18-24,4.8,,,29.9,No
100274,2026-01-11,1,Enero,2,Domingo,Sí,No,13:15,Almuerzo,San Antonio,Mostrador,Almuerzo,Wrap de pollo,,1,18500,0,18500,Billetera digital,Recurrente,25-34,4.8,,,29.9,No
100255,2026-01-11,1,Enero,2,Domingo,Sí,No,13:31,Almuerzo,Granada,Domicilio,Bebida fría,Frappé de café,M,1,12500,0,12500,Efectivo,Recurrente,45-54,,,,29.9,No
100262,2026-01-11,1,Enero,2,Domingo,Sí,No,15:40,Tarde,Granada,Mostrador,Panadería,Croissant,,4,6500,0,26000,Tarjeta débito,Nuevo,25-34,2.7,,,29.9,No
100271,2026-01-11,1,Enero,2,Domingo,Sí,No,15:42,Tarde,Granada,Domicilio,Café caliente,Americano,M,1,5500,0,5500,Tarjeta crédito,Nuevo,25-34,,4,,29.9,No
100258,2026-01-11,1,Enero,2,Domingo,Sí,No,16:01,Tarde,Granada,Mostrador,Café caliente,Latte,S,1,7600,0,7600,Tarjeta crédito,Recurrente,35-44,1.3,,,29.9,No
100276,2026-01-11,1,Enero,2,Domingo,Sí,No,18:03,Noche,San Antonio,Mostrador,Panadería,Muffin,,1,7000,5,6600,Efectivo,Fidelizado,45-54,2.9,,,29.9,No
100256,2026-01-11,1,Enero,2,Domingo,Sí,No,20:19,Noche,Granada,Mostrador,Bebida fría,Cold brew,S,1,8900,0,8900,Tarjeta débito,Nuevo,35-44,3.0,,,29.9,No
100277,2026-01-11,1,Enero,2,Domingo,Sí,No,20:42,Noche,San Antonio,Mostrador,Snacks,Empanada,,3,3500,0,10500,Billetera digital,Recurrente,Menos de 18,4.1,4,,29.9,No
100254,2026-01-11,1,Enero,2,Domingo,Sí,No,20:48,Noche,Granada,Mostrador,Café caliente,Americano,S,1,4700,0,4700,Billetera digital,Recurrente,25-34,1.8,5,,29.9,No
100303,2026-01-12,1,Enero,3,Lunes,No,Sí,06:49,Mañana,Ciudad Jardín,Mostrador,Bebida fría,Frappé de café,M,2,12500,0,25000,Tarjeta débito,Recurrente,45-54,4.3,,,28.8,No
100291,2026-01-12,1,Enero,3,Lunes,No,Sí,06:53,Mañana,San Antonio,Mostrador,Panadería,Croissant,,1,6500,0,6500,Billetera digital,Recurrente,35-44,2.2,5,Excelente atención,28.8,No
100305,2026-01-12,1,Enero,3,Lunes,No,Sí,07:10,Mañana,Ciudad Jardín,Mostrador,Panadería,Buñuelo,,1,2200,5,2100,Billetera digital,Fidelizado,55 o más,3.5,5,,28.8,No
100300,2026-01-12,1,Enero,3,Lunes,No,Sí,07:18,Mañana,San Antonio,Mostrador,Café caliente,Capuchino,S,2,7200,0,14400,Tarjeta crédito,Recurrente,18-24,2.9,,,28.8,No
100284,2026-01-12,1,Enero,3,Lunes,No,Sí,07:36,Mañana,Granada,Mostrador,Café caliente,Latte,M,1,9000,0,9000,Tarjeta crédito,Nuevo,18-24,8.6,,,28.8,No
100286,2026-01-12,1,Enero,3,Lunes,No,Sí,08:21,Mañana,Granada,Mostrador,Panadería,Muffin,,1,7000,0,7000,Tarjeta débito,Recurrente,18-24,6.0,5,,28.8,No
100295,2026-01-12,1,Enero,3,Lunes,No,Sí,09:06,Mañana,San Antonio,Mostrador,Panadería,Torta de zanahoria,,2,9000,5,17100,Billetera digital,Fidelizado,25-34,2.0,,,28.8,No
100306,2026-01-12,1,Enero,3,Lunes,No,Sí,09:11,Mañana,Ciudad Jardín,Mostrador,Café caliente,Tinto,M,2,3500,5,6600,Billetera digital,Fidelizado,35-44,3.4,4,,28.8,No
100285,2026-01-12,1,Enero,3,Lunes,No,Sí,09:19,Mañana,Granada,Mostrador,Café caliente,Tinto,L,2,4400,5,8400,Tarjeta débito,Fidelizado,Menos de 18,2.9,,,28.8,No
100289,2026-01-12,1,Enero,3,Lunes,No,Sí,09:39,Mañana,Granada,Mostrador,Café caliente,Capuchino,M,2,8500,5,16200,Efectivo,Fidelizado,25-34,7.2,,,28.8,No
100287,2026-01-12,1,Enero,3,Lunes,No,Sí,10:39,Media mañana,Granada,Domicilio,Snacks,Barra de granola,,2,5500,5,10400,Efectivo,Fidelizado,55 o más,,,,28.8,No
100307,2026-01-12,1,Enero,3,Lunes,No,Sí,10:50,Media mañana,Ciudad Jardín,Mostrador,Café caliente,Capuchino,S,2,7200,0,14400,Billetera digital,Recurrente,18-24,2.9,,,28.8,No
100301,2026-01-12,1,Enero,3,Lunes,No,Sí,11:17,Media mañana,San Antonio,Mostrador,Panadería,Pandebono,,3,2500,0,7500,Tarjeta crédito,Recurrente,18-24,3.5,,,28.8,No
100294,2026-01-12,1,Enero,3,Lunes,No,Sí,11:26,Media mañana,San Antonio,Mostrador,Café caliente,Mocaccino,S,1,8100,0,8100,Efectivo,Recurrente,18-24,4.2,,,28.8,No
100292,2026-01-12,1,Enero,3,Lunes,No,Sí,11:57,Media mañana,San Antonio,Mostrador,Café caliente,Latte,L,1,11200,5,10600,Billetera digital,Fidelizado,35-44,5.9,,,28.8,No
100304,2026-01-12,1,Enero,3,Lunes,No,Sí,12:01,Almuerzo,Ciudad Jardín,Mostrador,Snacks,Galletas,,5,4500,5,21400,Tarjeta débito,Fidelizado,35-44,3.8,4,Bueno,28.8,No
100282,2026-01-12,1,Enero,3,Lunes,No,Sí,12:03,Almuerzo,Granada,Domicilio,Almuerzo,Bowl vegetariano,,1,22000,0,22000,Tarjeta crédito,Recurrente,25-34,,,,28.8,No
100293,2026-01-12,1,Enero,3,Lunes,No,Sí,12:33,Almuerzo,San Antonio,Mostrador,Almuerzo,Wrap de pollo,,1,18500,0,18500,Tarjeta débito,Recurrente,45-54,6.5,,,28.8,No
100288,2026-01-12,1,Enero,3,Lunes,No,Sí,13:13,Almuerzo,Granada,Domicilio,Almuerzo,Wrap de pollo,,1,18500,0,18500,Efectivo,Nuevo,35-44,,,,28.8,No
100297,2026-01-12,1,Enero,3,Lunes,No,Sí,13:18,Almuerzo,San Antonio,Mostrador,Bebida fría,Limonada de coco,M,1,11000,0,11000,Billetera digital,Recurrente,25-34,5.7,,,28.8,No
100308,2026-01-12,1,Enero,3,Lunes,No,Sí,14:25,Tarde,Ciudad Jardín,Mostrador,Bebida fría,Cold brew,L,4,13100,0,52400,Tarjeta débito,Nuevo,45-54,3.9,3,Rico pero un poco demorado,28.8,No
100296,2026-01-12,1,Enero,3,Lunes,No,Sí,14:36,Tarde,San Antonio,Mostrador,Bebida fría,Frappé de café,M,1,12500,0,12500,Efectivo,Nuevo,18-24,7.7,,,28.8,No
100298,2026-01-12,1,Enero,3,Lunes,No,Sí,15:56,Tarde,San Antonio,Mostrador,Bebida fría,Jugo natural,M,2,8500,0,17000,Tarjeta crédito,Recurrente,35-44,3.5,,,28.8,No
100302,2026-01-12,1,Enero,3,Lunes,No,Sí,17:15,Tarde,San Antonio,Mostrador,Panadería,Muffin,,1,7000,0,7000,Tarjeta débito,Nuevo,25-34,2.2,5,,28.8,No
100290,2026-01-12,1,Enero,3,Lunes,No,Sí,20:01,Noche,San Antonio,Mostrador,Bebida fría,Té helado,S,1,6400,5,6100,Billetera digital,Fidelizado,18-24,3.3,,,28.8,No
100283,2026-01-12,1,Enero,3,Lunes,No,Sí,20:15,Noche,Granada,Mostrador,Bebida fría,Frappé de café,S,2,10600,0,21200,Tarjeta débito,Recurrente,25-34,1.9,,,28.8,No
100299,2026-01-12,1,Enero,3,Lunes,No,Sí,20:37,Noche,San Antonio,Mostrador,Café caliente,Tinto,S,2,3000,0,6000,Efectivo,Nuevo,18-24,2.7,,,28.8,No
100311,2026-01-13,1,Enero,3,Martes,No,No,06:51,Mañana,Centro,Mostrador,Café caliente,Tinto,S,2,3000,0,6000,Tarjeta crédito,Nuevo,25-34,4.9,4,,31.6,No
100317,2026-01-13,1,Enero,3,Martes,No,No,06:57,Mañana,Centro,Mostrador,Panadería,Muffin,,3,7000,5,20000,Efectivo,Fidelizado,45-54,4.8,5,,31.6,No
100319,2026-01-13,1,Enero,3,Martes,No,No,08:00,Mañana,Centro,Mostrador,Bebida fría,Limonada de coco,L,2,13800,0,27600,Tarjeta crédito,Recurrente,18-24,7.0,5,,31.6,No
100334,2026-01-13,1,Enero,3,Martes,No,No,08:21,Mañana,San Antonio,Mostrador,Café caliente,Mocaccino,S,1,8100,0,8100,Efectivo,Nuevo,35-44,3.5,,,31.6,No
100314,2026-01-13,1,Enero,3,Martes,No,No,08:54,Mañana,Centro,Mostrador,Café caliente,Americano,S,1,4700,0,4700,Tarjeta crédito,Nuevo,25-34,5.0,3,,31.6,No
100312,2026-01-13,1,Enero,3,Martes,No,No,08:59,Mañana,Centro,Mostrador,Panadería,Pandebono,,1,2500,0,2500,Billetera digital,Recurrente,25-34,10.6,4,Excelente atención,31.6,No
100330,2026-01-13,1,Enero,3,Martes,No,No,09:35,Mañana,San Antonio,Mostrador,Café caliente,Tinto,S,1,3000,5,2800,Billetera digital,Fidelizado,35-44,3.8,,,31.6,No
100313,2026-01-13,1,Enero,3,Martes,No,No,09:52,Mañana,Centro,Mostrador,Bebida fría,Cold brew,M,2,10500,0,21000,Tarjeta débito,Nuevo,45-54,7.8,,,31.6,No
100329,2026-01-13,1,Enero,3,Martes,No,No,09:57,Mañana,San Antonio,Mostrador,Café caliente,Capuchino,S,2,7200,5,13700,Billetera digital,Fidelizado,18-24,3.0,,,31.6,No
100325,2026-01-13,1,Enero,3,Martes,No,No,10:26,Media mañana,Granada,Mostrador,Bebida fría,Frappé de café,M,2,12500,5,23800,Billetera digital,Fidelizado,25-34,4.6,,,31.6,No
100321,2026-01-13,1,Enero,3,Martes,No,No,10:28,Media mañana,Granada,Mostrador,Bebida fría,Cold brew,S,3,8900,5,25400,Tarjeta crédito,Fidelizado,25-34,3.5,,,31.6,No
100324,2026-01-13,1,Enero,3,Martes,No,No,11:36,Media mañana,Granada,Mostrador,Panadería,Croissant,,3,6500,0,19500,Tarjeta débito,Recurrente,35-44,2.3,,,31.6,No
100309,2026-01-13,1,Enero,3,Martes,No,No,12:01,Almuerzo,Centro,Mostrador,Almuerzo,Wrap de pollo,,1,18500,0,18500,Efectivo,Nuevo,45-54,5.3,,,31.6,No
100335,2026-01-13,1,Enero,3,Martes,No,No,12:14,Almuerzo,San Antonio,Mostrador,Bebida fría,Cold brew,M,2,10500,0,21000,Billetera digital,Nuevo,18-24,3.9,,,31.6,No
100310,2026-01-13,1,Enero,3,Martes,No,No,13:03,Almuerzo,Centro,Mostrador,Almuerzo,Wrap de pollo,,2,18500,0,37000,Tarjeta débito,Nuevo,25-34,13.5,,,31.6,No
100318,2026-01-13,1,Enero,3,Martes,No,No,13:03,Almuerzo,Centro,Mostrador,Almuerzo,Bowl vegetariano,,2,22000,0,44000,Billetera digital,Recurrente,35-44,18.9,3,,31.6,No
100315,2026-01-13,1,Enero,3,Martes,No,No,13:20,Almuerzo,Centro,Mostrador,Bebida fría,Frappé de café,M,1,12500,0,12500,Efectivo,Recurrente,25-34,15.0,,,31.6,No
100320,2026-01-13,1,Enero,3,Martes,No,No,13:25,Almuerzo,Centro,Mostrador,Almuerzo,Sándwich cubano,,2,21000,0,42000,Tarjeta débito,Recurrente,25-34,13.2,,,31.6,No
100328,2026-01-13,1,Enero,3,Martes,No,No,13:46,Almuerzo,San Antonio,Mostrador,Café caliente,Americano,S,3,4700,0,14100,Tarjeta débito,Nuevo,18-24,8.8,3,,31.6,No
100331,2026-01-13,1,Enero,3,Martes,No,No,13:55,Almuerzo,San Antonio,Mostrador,Almuerzo,Ensalada César,,2,19500,0,39000,Tarjeta crédito,Nuevo,18-24,5.9,,,31.6,No
100339,2026-01-13,1,Enero,3,Martes,No,No,14:38,Tarde,Ciudad Jardín,Mostrador,Panadería,Pandebono,,2,2500,5,4800,Efectivo,Fidelizado,Menos de 18,1.6,,,31.6,No
100338,2026-01-13,1,Enero,3,Martes,No,No,14:39,Tarde,Ciudad Jardín,Mostrador,Café caliente,Latte,S,1,7600,0,7600,Tarjeta crédito,Recurrente,45-54,2.6,,,31.6,No
100337,2026-01-13,1,Enero,3,Martes,No,No,14:51,Tarde,Ciudad Jardín,Mostrador,Bebida fría,Limonada de coco,M,2,11000,0,22000,Billetera digital,Recurrente,45-54,3.6,5,El pandebono estaba recién hecho,31.6,No
100333,2026-01-13,1,Enero,3,Martes,No,No,16:17,Tarde,San Antonio,Domicilio,Panadería,Pandebono,,1,2500,0,2500,Efectivo,Nuevo,18-24,,,,31.6,No
100323,2026-01-13,1,Enero,3,Martes,No,No,16:54,Tarde,Granada,Mostrador,Panadería,Pandebono,,1,2500,0,2500,Billetera digital,Nuevo,18-24,2.4,4,Rápido y amable,31.6,No
100322,2026-01-13,1,Enero,3,Martes,No,No,17:26,Tarde,Granada,Mostrador,Panadería,Buñuelo,,1,2200,0,2200,Efectivo,Recurrente,25-34,3.0,,,31.6,No
100316,2026-01-13,1,Enero,3,Martes,No,No,17:30,Tarde,Centro,Mostrador,Panadería,Pandebono,,2,2500,0,5000,Efectivo,Recurrente,45-54,5.7,5,Rápido y amable,31.6,No
100327,2026-01-13,1,Enero,3,Martes,No,No,17:33,Tarde,Granada,Mostrador,Café caliente,Chocolate caliente,M,2,8000,5,15200,Billetera digital,Fidelizado,18-24,3.6,,,31.6,No
100336,2026-01-13,1,Enero,3,Martes,No,No,18:14,Noche,San Antonio,Domicilio,Snacks,Barra de granola,,2,5500,0,11000,Tarjeta débito,Recurrente,25-34,,3,Bueno,31.6,No
100326,2026-01-13,1,Enero,3,Martes,No,No,18:15,Noche,Granada,Mostrador,Bebida fría,Limonada de coco,M,1,11000,0,11000,Efectivo,Recurrente,18-24,3.3,,,31.6,No
100332,2026-01-13,1,Enero,3,Martes,No,No,20:48,Noche,San Antonio,Mostrador,Snacks,Galletas,,1,4500,0,4500,Tarjeta débito,Nuevo,35-44,4.8,5,,31.6,No
100345,2026-01-14,1,Enero,3,Miércoles,No,No,06:00,Mañana,Centro,Mostrador,Panadería,Croissant,,1,6500,0,6500,Tarjeta crédito,Recurrente,55 o más,7.3,,,30.9,No
100344,2026-01-14,1,Enero,3,Miércoles,No,No,06:17,Mañana,Centro,Mostrador,Panadería,Pandebono,,1,2500,0,2500,Billetera digital,Nuevo,25-34,11.1,,,30.9,No
100341,2026-01-14,1,Enero,3,Miércoles,No,No,06:40,Mañana,Centro,Mostrador,Panadería,Pandebono,,2,2500,0,5000,Tarjeta débito,Recurrente,18-24,9.0,4,Rico pero un poco demorado,30.9,No
100351,2026-01-14,1,Enero,3,Miércoles,No,No,08:15,Mañana,Centro,Mostrador,Snacks,Barra de granola,,3,5500,0,16500,Billetera digital,Nuevo,25-34,15.3,,,30.9,No
100366,2026-01-14,1,Enero,3,Miércoles,No,No,08:17,Mañana,Ciudad Jardín,Mostrador,Panadería,Muffin,,5,7000,5,33200,Tarjeta crédito,Fidelizado,35-44,4.6,5,,30.9,No
100342,2026-01-14,1,Enero,3,Miércoles,No,No,08:27,Mañana,Centro,Mostrador,Panadería,Pandebono,,1,2500,0,2500,Billetera digital,Nuevo,35-44,4.9,,,30.9,No
100360,2026-01-14,1,Enero,3,Miércoles,No,No,09:15,Mañana,Granada,Mostrador,Snacks,Empanada,,3,3500,0,10500,Billetera digital,Nuevo,25-34,2.0,,,30.9,No
100354,2026-01-14,1,Enero,3,Miércoles,No,No,10:03,Media mañana,Granada,Mostrador,Panadería,Pandebono,,3,2500,0,7500,Tarjeta débito,Recurrente,25-34,2.0,5,,30.9,No
100355,2026-01-14,1,Enero,3,Miércoles,No,No,10:09,Media mañana,Granada,Mostrador,Café caliente,Latte,M,2,9000,5,17100,Tarjeta crédito,Fidelizado,55 o más,2.7,,,30.9,No
100357,2026-01-14,1,Enero,3,Miércoles,No,No,10:43,Media mañana,Granada,Mostrador,Bebida fría,Frappé de café,M,2,12500,0,25000,Tarjeta crédito,Recurrente,45-54,3.7,,,30.9,No
100365,2026-01-14,1,Enero,3,Miércoles,No,No,10:50,Media mañana,San Antonio,Domicilio,Bebida fría,Frappé de café,S,2,10600,0,21200,Tarjeta débito,Recurrente,18-24,,,,30.9,No
105627,2026-01-14,1,Enero,3,Miércoles,No,No,11:30,Media mañana,Centro,Domicilio,Almuerzo,Wrap de pollo,,41,18500,10,682600,Tarjeta crédito,Fidelizado,35-44,,,Pedido corporativo,30.9,No
100368,2026-01-14,1,Enero,3,Miércoles,No,No,11:33,Media mañana,Ciudad Jardín,Mostrador,Snacks,Barra de granola,,3,5500,5,15700,Efectivo,Fidelizado,25-34,3.4,5,,30.9,No
100361,2026-01-14,1,Enero,3,Miércoles,No,No,11:45,Media mañana,San Antonio,Mostrador,Café caliente,Latte,L,1,11200,5,10600,Billetera digital,Fidelizado,35-44,1.5,,,30.9,No
100358,2026-01-14,1,Enero,3,Miércoles,No,No,11:52,Media mañana,Granada,Mostrador,Panadería,Pandebono,,1,2500,0,2500,Tarjeta débito,Recurrente,35-44,1.8,4,Muy buen café,30.9,No
100363,2026-01-14,1,Enero,3,Miércoles,No,No,12:29,Almuerzo,San Antonio,Mostrador,Almuerzo,Bowl vegetariano,,3,22000,5,62700,Tarjeta crédito,Fidelizado,35-44,12.1,,,30.9,No
100356,2026-01-14,1,Enero,3,Miércoles,No,No,13:02,Almuerzo,Granada,Mostrador,Bebida fría,Cold brew,M,2,10500,0,21000,Tarjeta crédito,Recurrente,25-34,6.9,4,,30.9,No
100348,2026-01-14,1,Enero,3,Miércoles,No,No,13:03,Almuerzo,Centro,Mostrador,Almuerzo,Ensalada César,,1,19500,5,18500,Tarjeta crédito,Fidelizado,25-34,12.7,3,,30.9,No
100350,2026-01-14,1,Enero,3,Miércoles,No,No,13:07,Almuerzo,Centro,Mostrador,Snacks,Galletas,,1,4500,0,4500,Efectivo,Recurrente,35-44,16.5,,,30.9,No
100343,2026-01-14,1,Enero,3,Miércoles,No,No,13:14,Almuerzo,Centro,Mostrador,Panadería,Pandebono,,1,2500,5,2400,Billetera digital,Fidelizado,35-44,13.8,,,30.9,No
100349,2026-01-14,1,Enero,3,Miércoles,No,No,13:43,Almuerzo,Centro,Mostrador,Bebida fría,Limonada de coco,M,2,11000,5,20900,Billetera digital,Fidelizado,35-44,8.9,,,30.9,No
100353,2026-01-14,1,Enero,3,Miércoles,No,No,13:51,Almuerzo,Granada,Mostrador,Almuerzo,Sándwich cubano,,1,21000,0,21000,Billetera digital,Nuevo,35-44,2.9,,,30.9,No
100367,2026-01-14,1,Enero,3,Miércoles,No,No,13:54,Almuerzo,Ciudad Jardín,Mostrador,Bebida fría,Té helado,S,4,6400,5,24300,Billetera digital,Fidelizado,25-34,11.5,4,,30.9,No
100352,2026-01-14,1,Enero,3,Miércoles,No,No,14:05,Tarde,Granada,Mostrador,Panadería,Croissant,,2,6500,0,13000,Tarjeta débito,Recurrente,25-34,3.4,,,30.9,No
100364,2026-01-14,1,Enero,3,Miércoles,No,No,14:54,Tarde,San Antonio,Mostrador,Café caliente,Americano,S,1,4700,0,4700,Efectivo,Recurrente,45-54,4.1,5,La app funciona bien,30.9,No
100346,2026-01-14,1,Enero,3,Miércoles,No,No,16:29,Tarde,Centro,Mostrador,Snacks,Empanada,,1,3500,0,3500,Tarjeta débito,Recurrente,18-24,3.5,5,Rápido y amable,30.9,No
100347,2026-01-14,1,Enero,3,Miércoles,No,No,17:48,Tarde,Centro,Domicilio,Café caliente,Latte,S,2,7600,5,14400,Tarjeta crédito,Fidelizado,25-34,,4,,30.9,No
100362,2026-01-14,1,Enero,3,Miércoles,No,No,19:15,Noche,San Antonio,Mostrador,Panadería,Pandebono,,2,2500,0,5000,Efectivo,Recurrente,18-24,2.2,,,30.9,No
100340,2026-01-14,1,Enero,3,Miércoles,No,No,20:19,Noche,Centro,Mostrador,Bebida fría,Frappé de café,S,1,10600,0,10600,Tarjeta crédito,Nuevo,45-54,6.6,,,30.9,No
100369,2026-01-14,1,Enero,3,Miércoles,No,No,20:46,Noche,Ciudad Jardín,Mostrador,Bebida fría,Cold brew,S,2,8900,0,17800,Billetera digital,Nuevo,25-34,4.0,,,30.9,No
100359,2026-01-14,1,Enero,3,Miércoles,No,No,20:51,Noche,Granada,Mostrador,Panadería,Muffin,,3,7000,0,21000,Tarjeta débito,Recurrente,45-54,4.0,,,30.9,No
100385,2026-01-15,1,Enero,3,Jueves,No,No,06:08,Mañana,Granada,Mostrador,Café caliente,Americano,M,2,5500,0,11000,Tarjeta débito,Nuevo,35-44,6.8,,,29.2,No
100371,2026-01-15,1,Enero,3,Jueves,No,No,07:29,Mañana,Centro,Domicilio,Café caliente,Tinto,L,3,4400,0,13200,Efectivo,Recurrente,55 o más,,,,29.2,No
100395,2026-01-15,1,Enero,3,Jueves,No,No,07:39,Mañana,San Antonio,Mostrador,Panadería,Pandebono,,3,2500,5,7100,Billetera digital,Fidelizado,25-34,2.9,,,29.2,No
100400,2026-01-15,1,Enero,3,Jueves,No,No,08:33,Mañana,Ciudad Jardín,Mostrador,Panadería,Buñuelo,,2,2200,5,4200,Efectivo,Fidelizado,25-34,3.4,,,29.2,No
100384,2026-01-15,1,Enero,3,Jueves,No,No,08:54,Mañana,Granada,Mostrador,Snacks,Papas de paquete,,2,5000,0,10000,Efectivo,Recurrente,Menos de 18,12.0,,,29.2,No
100377,2026-01-15,1,Enero,3,Jueves,No,No,09:38,Mañana,Centro,Mostrador,Panadería,Croissant,,1,6500,0,6500,Tarjeta crédito,Recurrente,35-44,2.7,,,29.2,No
100397,2026-01-15,1,Enero,3,Jueves,No,No,10:59,Media mañana,San Antonio,Mostrador,Bebida fría,Jugo natural,L,1,10600,0,10600,Efectivo,Nuevo,45-54,2.8,,,29.2,No
100370,2026-01-15,1,Enero,3,Jueves,No,No,11:03,Media mañana,Centro,Mostrador,Café caliente,Latte,S,2,7600,0,15200,Tarjeta crédito,Recurrente,45-54,2.9,,,29.2,No
100378,2026-01-15,1,Enero,3,Jueves,No,No,11:09,Media mañana,Centro,Mostrador,Panadería,Pandebono,,2,2500,0,5000,Tarjeta crédito,Recurrente,45-54,3.7,5,La app funciona bien,29.2,No
100387,2026-01-15,1,Enero,3,Jueves,No,No,12:20,Almuerzo,Granada,Mostrador,Almuerzo,Wrap de pollo,,1,18500,5,17600,Tarjeta débito,Fidelizado,45-54,5.9,,,29.2,No
100383,2026-01-15,1,Enero,3,Jueves,No,No,12:30,Almuerzo,Granada,Domicilio,Almuerzo,Sándwich cubano,,2,21000,5,39900,Efectivo,Fidelizado,55 o más,,,,29.2,No
100401,2026-01-15,1,Enero,3,Jueves,No,No,12:50,Almuerzo,Ciudad Jardín,Mostrador,Almuerzo,Sándwich cubano,,1,21000,0,21000,Efectivo,Recurrente,45-54,3.6,,,29.2,No
100373,2026-01-15,1,Enero,3,Jueves,No,No,13:00,Almuerzo,Centro,Mostrador,Bebida fría,Frappé de café,S,1,10600,0,10600,Billetera digital,Nuevo,25-34,15.6,,,29.2,No
100374,2026-01-15,1,Enero,3,Jueves,No,No,13:02,Almuerzo,Centro,Domicilio,Bebida fría,Cold brew,S,2,8900,5,16900,Tarjeta débito,Fidelizado,25-34,,,,29.2,No
100376,2026-01-15,1,Enero,3,Jueves,No,No,13:14,Almuerzo,Centro,Mostrador,Snacks,Galletas,,2,4500,5,8600,Billetera digital,Fidelizado,25-34,12.5,,,29.2,No
100381,2026-01-15,1,Enero,3,Jueves,No,No,13:48,Almuerzo,Granada,Mostrador,Almuerzo,Sándwich cubano,,2,21000,5,39900,Efectivo,Fidelizado,45-54,4.3,,,29.2,No
100375,2026-01-15,1,Enero,3,Jueves,No,No,14:15,Tarde,Centro,Domicilio,Café caliente,Chocolate caliente,L,1,10000,0,10000,Efectivo,Recurrente,25-34,,,,29.2,No
100372,2026-01-15,1,Enero,3,Jueves,No,No,14:16,Tarde,Centro,Mostrador,Café caliente,Tinto,M,1,3500,5,3300,Efectivo,Fidelizado,25-34,3.6,,,29.2,No
100380,2026-01-15,1,Enero,3,Jueves,No,No,15:02,Tarde,Granada,Mostrador,Snacks,Barra de granola,,2,5500,0,11000,Tarjeta crédito,Recurrente,25-34,2.9,,,29.2,No
100396,2026-01-15,1,Enero,3,Jueves,No,No,15:26,Tarde,San Antonio,Mostrador,Café caliente,Capuchino,L,1,10600,0,10600,Billetera digital,Nuevo,18-24,0.9,4,Buen precio por el tamaño,29.2,No
100389,2026-01-15,1,Enero,3,Jueves,No,No,15:51,Tarde,San Antonio,Mostrador,Café caliente,Mocaccino,M,1,9500,0,9500,Billetera digital,Recurrente,35-44,4.6,4,,29.2,No
100403,2026-01-15,1,Enero,3,Jueves,No,No,16:12,Tarde,Ciudad Jardín,Mostrador,Café caliente,Capuchino,M,2,8500,5,16200,Efectivo,Fidelizado,55 o más,3.5,4,Buen precio por el tamaño,29.2,No
100390,2026-01-15,1,Enero,3,Jueves,No,No,16:33,Tarde,San Antonio,Mostrador,Snacks,Empanada,,1,3500,0,3500,Tarjeta débito,Recurrente,25-34,4.1,,,29.2,No
100388,2026-01-15,1,Enero,3,Jueves,No,No,18:03,Noche,San Antonio,Mostrador,Café caliente,Latte,M,1,9000,0,9000,Tarjeta débito,Recurrente,35-44,1.5,5,,29.2,No
100398,2026-01-15,1,Enero,3,Jueves,No,No,18:06,Noche,San Antonio,Mostrador,Bebida fría,Frappé de café,L,2,15600,5,29600,Billetera digital,Fidelizado,35-44,9.5,5,Excelente atención,29.2,No
100402,2026-01-15,1,Enero,3,Jueves,No,No,18:15,Noche,Ciudad Jardín,Mostrador,Bebida fría,Frappé de café,M,1,12500,0,12500,Efectivo,Recurrente,35-44,5.7,,,29.2,No
100391,2026-01-15,1,Enero,3,Jueves,No,No,18:16,Noche,San Antonio,Mostrador,Bebida fría,Jugo natural,L,1,10600,5,10100,Efectivo,Fidelizado,18-24,1.9,,,29.2,No
100399,2026-01-15,1,Enero,3,Jueves,No,No,18:25,Noche,Ciudad Jardín,Mostrador,Café caliente,Americano,S,2,4700,5,8900,Tarjeta débito,Fidelizado,Menos de 18,6.8,4,,29.2,No
100379,2026-01-15,1,Enero,3,Jueves,No,No,18:27,Noche,Granada,Mostrador,Panadería,Torta de zanahoria,,1,9000,0,9000,Tarjeta crédito,Recurrente,25-34,2.5,,,29.2,No
100382,2026-01-15,1,Enero,3,Jueves,No,No,18:48,Noche,Granada,Mostrador,Panadería,Buñuelo,,1,2200,0,2200,Efectivo,Recurrente,45-54,6.0,,,29.2,No
100386,2026-01-15,1,Enero,3,Jueves,No,No,18:56,Noche,Granada,Mostrador,Snacks,Galletas,,2,4500,0,9000,Tarjeta crédito,Recurrente,25-34,1.2,,,29.2,No
100393,2026-01-15,1,Enero,3,Jueves,No,No,18:56,Noche,San Antonio,Mostrador,Bebida fría,Frappé de café,M,1,12500,5,11900,Billetera digital,Fidelizado,18-24,4.5,4,Volveré pronto,29.2,No
100392,2026-01-15,1,Enero,3,Jueves,No,No,20:54,Noche,San Antonio,Mostrador,Snacks,Empanada,,1,3500,0,3500,Efectivo,Recurrente,45-54,8.7,4,,29.2,No
100394,2026-01-15,1,Enero,3,Jueves,No,No,20:56,Noche,San Antonio,Mostrador,Café caliente,Americano,L,3,6900,0,20700,Tarjeta crédito,Nuevo,Menos de 18,6.0,,,29.2,No
100412,2026-01-16,1,Enero,3,Viernes,No,No,07:41,Mañana,Centro,Mostrador,Panadería,Torta de zanahoria,,1,9000,0,9000,Efectivo,Nuevo,25-34,14.4,,,30.9,No
100404,2026-01-16,1,Enero,3,Viernes,No,No,08:23,Mañana,Centro,Mostrador,Panadería,Torta de zanahoria,,1,9000,0,9000,Tarjeta crédito,Nuevo,18-24,6.4,3,,30.9,No
100418,2026-01-16,1,Enero,3,Viernes,No,No,09:31,Mañana,Centro,Mostrador,Panadería,Croissant,,2,6500,5,12400,Tarjeta crédito,Fidelizado,25-34,24.2,,,30.9,No
100431,2026-01-16,1,Enero,3,Viernes,No,No,09:56,Mañana,San Antonio,Mostrador,Snacks,Galletas,,1,4500,5,4300,Billetera digital,Fidelizado,18-24,3.9,5,,30.9,No
100422,2026-01-16,1,Enero,3,Viernes,No,No,11:08,Media mañana,Granada,Mostrador,Snacks,Barra de granola,,2,5500,5,10400,Efectivo,Fidelizado,25-34,2.2,5,,30.9,No
100416,2026-01-16,1,Enero,3,Viernes,No,No,11:24,Media mañana,Centro,Mostrador,Snacks,Empanada,,2,3500,0,7000,Billetera digital,Nuevo,25-34,2.4,,,30.9,No
100414,2026-01-16,1,Enero,3,Viernes,No,No,11:50,Media mañana,Centro,Mostrador,Panadería,Muffin,,1,7000,5,6600,Tarjeta débito,Fidelizado,55 o más,2.7,4,,30.9,No
100420,2026-01-16,1,Enero,3,Viernes,No,No,12:01,Almuerzo,Centro,Mostrador,Snacks,Galletas,,2,4500,0,9000,Tarjeta débito,Recurrente,45-54,14.2,4,,30.9,No
100430,2026-01-16,1,Enero,3,Viernes,No,No,12:21,Almuerzo,San Antonio,Mostrador,Snacks,Papas de paquete,,1,5000,0,5000,Billetera digital,Nuevo,25-34,8.9,,,30.9,No
100437,2026-01-16,1,Enero,3,Viernes,No,No,12:22,Almuerzo,Ciudad Jardín,Mostrador,Bebida fría,Limonada de coco,S,3,9400,0,28200,Tarjeta débito,Recurrente,25-34,8.0,,,30.9,No
100417,2026-01-16,1,Enero,3,Viernes,No,No,12:26,Almuerzo,Centro,Domicilio,Almuerzo,Wrap de pollo,,2,18500,0,37000,Tarjeta débito,Recurrente,18-24,,,,30.9,No
100410,2026-01-16,1,Enero,3,Viernes,No,No,12:28,Almuerzo,Centro,Mostrador,Panadería,Croissant,,2,6500,0,13000,Tarjeta crédito,Recurrente,25-34,7.3,,,30.9,No
100429,2026-01-16,1,Enero,3,Viernes,No,No,12:58,Almuerzo,San Antonio,Mostrador,Café caliente,Chocolate caliente,M,2,8000,0,16000,Tarjeta débito,Recurrente,18-24,4.1,,,30.9,No
100411,2026-01-16,1,Enero,3,Viernes,No,No,13:34,Almuerzo,Centro,Mostrador,Almuerzo,Sándwich cubano,,2,21000,5,39900,Efectivo,Fidelizado,18-24,12.7,,,30.9,No
100407,2026-01-16,1,Enero,3,Viernes,No,No,13:42,Almuerzo,Centro,Mostrador,Almuerzo,Sándwich cubano,,1,21000,5,20000,Tarjeta crédito,Fidelizado,35-44,13.4,3,,30.9,No
100434,2026-01-16,1,Enero,3,Viernes,No,No,13:53,Almuerzo,San Antonio,Mostrador,Bebida fría,Cold brew,M,2,10500,5,20000,Tarjeta crédito,Fidelizado,18-24,7.9,4,Buen precio por el tamaño,30.9,No
100419,2026-01-16,1,Enero,3,Viernes,No,No,13:55,Almuerzo,Centro,Mostrador,Almuerzo,Ensalada César,,1,19500,0,19500,Efectivo,Recurrente,25-34,11.5,3,Me tocó esperar mucho,30.9,No
100436,2026-01-16,1,Enero,3,Viernes,No,No,14:03,Tarde,Ciudad Jardín,Mostrador,Bebida fría,Cold brew,M,1,10500,0,10500,Tarjeta débito,Recurrente,25-34,5.7,,,30.9,No
100405,2026-01-16,1,Enero,3,Viernes,No,No,14:08,Tarde,Centro,Mostrador,Bebida fría,Cold brew,S,3,8900,5,25400,Tarjeta crédito,Fidelizado,18-24,2.8,5,,30.9,No
100421,2026-01-16,1,Enero,3,Viernes,No,No,15:16,Tarde,Centro,Mostrador,Café caliente,Capuchino,M,3,8500,0,25500,Efectivo,Nuevo,25-34,1.6,5,Volveré pronto,30.9,No
100425,2026-01-16,1,Enero,3,Viernes,No,No,15:26,Tarde,Granada,Mostrador,Almuerzo,Sándwich cubano,,1,21000,0,21000,Tarjeta débito,Recurrente,18-24,5.3,5,Buen precio por el tamaño,30.9,No
100409,2026-01-16,1,Enero,3,Viernes,No,No,15:38,Tarde,Centro,Mostrador,Panadería,Pandebono,,4,2500,0,10000,Efectivo,Recurrente,25-34,3.3,,,30.9,No
100423,2026-01-16,1,Enero,3,Viernes,No,No,15:44,Tarde,Granada,Mostrador,Bebida fría,Frappé de café,M,1,12500,0,12500,Efectivo,Recurrente,25-34,8.3,,,30.9,No
100408,2026-01-16,1,Enero,3,Viernes,No,No,16:50,Tarde,Centro,Mostrador,Bebida fría,Frappé de café,L,2,15600,0,31200,Efectivo,Recurrente,35-44,2.5,,,30.9,No
100406,2026-01-16,1,Enero,3,Viernes,No,No,17:49,Tarde,Centro,Mostrador,Panadería,Torta de zanahoria,,2,9000,0,18000,Tarjeta débito,Recurrente,35-44,3.0,5,Volveré pronto,30.9,No
100415,2026-01-16,1,Enero,3,Viernes,No,No,18:27,Noche,Centro,Mostrador,Bebida fría,Limonada de coco,L,2,13800,5,26200,Tarjeta débito,Fidelizado,35-44,2.5,,,30.9,No
100428,2026-01-16,1,Enero,3,Viernes,No,No,18:31,Noche,Granada,Mostrador,Bebida fría,Frappé de café,M,1,12500,5,11900,Tarjeta débito,Fidelizado,45-54,4.0,5,Rápido y amable,30.9,No
100435,2026-01-16,1,Enero,3,Viernes,No,No,18:33,Noche,Ciudad Jardín,Mostrador,Bebida fría,Frappé de café,M,1,12500,0,12500,Tarjeta crédito,Recurrente,25-34,3.1,,,30.9,No
100413,2026-01-16,1,Enero,3,Viernes,No,No,18:42,Noche,Centro,Mostrador,Café caliente,Americano,S,1,4700,0,4700,Billetera digital,Recurrente,25-34,4.2,5,,30.9,No
100426,2026-01-16,1,Enero,3,Viernes,No,No,18:45,Noche,Granada,Domicilio,Café caliente,Latte,M,1,9000,5,8600,Efectivo,Fidelizado,18-24,,,,30.9,No
100433,2026-01-16,1,Enero,3,Viernes,No,No,19:42,Noche,San Antonio,Mostrador,Almuerzo,Ensalada César,,1,19500,0,19500,Tarjeta débito,Nuevo,18-24,7.7,,,30.9,No
100432,2026-01-16,1,Enero,3,Viernes,No,No,19:57,Noche,San Antonio,Mostrador,Panadería,Muffin,,1,7000,0,7000,Billetera digital,Recurrente,25-34,1.6,,,30.9,No
100424,2026-01-16,1,Enero,3,Viernes,No,No,20:16,Noche,Granada,Mostrador,Snacks,Galletas,,1,4500,0,4500,Tarjeta débito,Nuevo,25-34,6.8,,,30.9,No
100427,2026-01-16,1,Enero,3,Viernes,No,No,20:31,Noche,Granada,Domicilio,Almuerzo,Sándwich cubano,,1,21000,0,21000,Efectivo,Recurrente,25-34,,,,30.9,No
100453,2026-01-17,1,Enero,3,Sábado,Sí,No,06:07,Mañana,Granada,Mostrador,Café caliente,Capuchino,M,3,8500,5,24200,Tarjeta crédito,Fidelizado,18-24,8.9,,,30.6,No
100462,2026-01-17,1,Enero,3,Sábado,Sí,No,06:12,Mañana,Granada,Mostrador,Panadería,Buñuelo,,1,2200,0,2200,Tarjeta débito,Recurrente,25-34,6.9,5,Muy buen café,30.6,No
100470,2026-01-17,1,Enero,3,Sábado,Sí,No,07:08,Mañana,San Antonio,Mostrador,Café caliente,Capuchino,M,2,8500,5,16200,Billetera digital,Fidelizado,18-24,2.2,4,,30.6,No
100440,2026-01-17,1,Enero,3,Sábado,Sí,No,07:15,Mañana,Centro,Mostrador,Panadería,Croissant,,1,6500,0,6500,Tarjeta débito,Recurrente,25-34,3.8,,,30.6,No
100442,2026-01-17,1,Enero,3,Sábado,Sí,No,07:35,Mañana,Centro,Mostrador,Panadería,Pandebono,,2,2500,0,5000,Billetera digital,Recurrente,35-44,3.1,,,30.6,No
100452,2026-01-17,1,Enero,3,Sábado,Sí,No,08:19,Mañana,Granada,Mostrador,Café caliente,Capuchino,M,1,8500,0,8500,Tarjeta débito,Recurrente,25-34,5.2,5,,30.6,No
100468,2026-01-17,1,Enero,3,Sábado,Sí,No,08:34,Mañana,San Antonio,Mostrador,Café caliente,Americano,L,3,6900,0,20700,Billetera digital,Recurrente,25-34,3.0,,,30.6,No
100451,2026-01-17,1,Enero,3,Sábado,Sí,No,09:00,Mañana,Granada,Mostrador,Café caliente,Mocaccino,L,1,11900,0,11900,Billetera digital,Recurrente,18-24,3.4,,,30.6,No
100455,2026-01-17,1,Enero,3,Sábado,Sí,No,09:22,Mañana,Granada,Domicilio,Café caliente,Chocolate caliente,S,2,6800,5,12900,Billetera digital,Fidelizado,25-34,,4,,30.6,No
100445,2026-01-17,1,Enero,3,Sábado,Sí,No,09:31,Mañana,Centro,Mostrador,Snacks,Barra de granola,,1,5500,0,5500,Tarjeta débito,Recurrente,35-44,2.7,,,30.6,No
100469,2026-01-17,1,Enero,3,Sábado,Sí,No,09:43,Mañana,San Antonio,Mostrador,Panadería,Pandebono,,1,2500,5,2400,Tarjeta débito,Fidelizado,25-34,2.4,,,30.6,No
100438,2026-01-17,1,Enero,3,Sábado,Sí,No,09:53,Mañana,Centro,Mostrador,Panadería,Croissant,,1,6500,0,6500,Efectivo,Recurrente,18-24,2.6,4,,30.6,No
100448,2026-01-17,1,Enero,3,Sábado,Sí,No,10:17,Media mañana,Centro,Mostrador,Bebida fría,Limonada de coco,S,1,9400,0,9400,Tarjeta débito,Recurrente,25-34,3.7,3,,30.6,No
100454,2026-01-17,1,Enero,3,Sábado,Sí,No,10:50,Media mañana,Granada,Mostrador,Café caliente,Chocolate caliente,S,2,6800,0,13600,Tarjeta crédito,Recurrente,35-44,7.9,3,Bueno,30.6,No
100457,2026-01-17,1,Enero,3,Sábado,Sí,No,11:12,Media mañana,Granada,Mostrador,Bebida fría,Limonada de coco,M,3,11000,0,33000,Billetera digital,Recurrente,25-34,5.2,,,30.6,No
100471,2026-01-17,1,Enero,3,Sábado,Sí,No,11:29,Media mañana,Ciudad Jardín,Mostrador,Panadería,Buñuelo,,2,2200,0,4400,Efectivo,Recurrente,25-34,3.7,,,30.6,No
100463,2026-01-17,1,Enero,3,Sábado,Sí,No,12:09,Almuerzo,Granada,Mostrador,Almuerzo,Wrap de pollo,,1,18500,0,18500,Tarjeta crédito,Nuevo,35-44,6.6,4,"Bien, pero podría mejorar",30.6,No
100447,2026-01-17,1,Enero,3,Sábado,Sí,No,12:11,Almuerzo,Centro,Mostrador,Almuerzo,Ensalada César,,2,19500,0,39000,Tarjeta débito,Nuevo,35-44,12.4,3,,30.6,No
100464,2026-01-17,1,Enero,3,Sábado,Sí,No,12:14,Almuerzo,Granada,Mostrador,Almuerzo,Wrap de pollo,,1,18500,0,18500,Tarjeta crédito,Nuevo,45-54,16.2,3,,30.6,No
100450,2026-01-17,1,Enero,3,Sábado,Sí,No,12:42,Almuerzo,Granada,Mostrador,Bebida fría,Jugo natural,L,3,10600,0,31800,Billetera digital,Recurrente,25-34,7.0,,,30.6,No
100461,2026-01-17,1,Enero,3,Sábado,Sí,No,12:58,Almuerzo,Granada,Mostrador,Almuerzo,Bowl vegetariano,,1,22000,0,22000,Efectivo,Nuevo,18-24,3.2,,,30.6,No
100441,2026-01-17,1,Enero,3,Sábado,Sí,No,12:59,Almuerzo,Centro,Mostrador,Almuerzo,Sándwich cubano,,1,21000,0,21000,Billetera digital,Recurrente,18-24,5.3,4,"Bien, pero podría mejorar",30.6,No
100446,2026-01-17,1,Enero,3,Sábado,Sí,No,13:26,Almuerzo,Centro,Mostrador,Almuerzo,Sándwich cubano,,1,21000,0,21000,Efectivo,Nuevo,18-24,3.1,5,,30.6,No
100439,2026-01-17,1,Enero,3,Sábado,Sí,No,13:31,Almuerzo,Centro,Mostrador,Café caliente,Tinto,L,2,4400,0,8800,Tarjeta crédito,Recurrente,25-34,10.4,,,30.6,No
100460,2026-01-17,1,Enero,3,Sábado,Sí,No,14:36,Tarde,Granada,Domicilio,Café caliente,Tinto,M,1,3500,0,3500,Tarjeta débito,Recurrente,25-34,,,,30.6,No
100459,2026-01-17,1,Enero,3,Sábado,Sí,No,14:37,Tarde,Granada,Domicilio,Almuerzo,Wrap de pollo,,1,18500,0,18500,Efectivo,Recurrente,25-34,,,,30.6,No
100465,2026-01-17,1,Enero,3,Sábado,Sí,No,14:51,Tarde,San Antonio,Mostrador,Bebida fría,Cold brew,S,3,8900,5,25400,Tarjeta débito,Fidelizado,25-34,3.2,3,"Bien, pero podría mejorar",30.6,No
100472,2026-01-17,1,Enero,3,Sábado,Sí,No,14:52,Tarde,Ciudad Jardín,Mostrador,Bebida fría,Cold brew,M,2,10500,0,21000,Efectivo,Nuevo,35-44,4.8,4,,30.6,No
100443,2026-01-17,1,Enero,3,Sábado,Sí,No,15:32,Tarde,Centro,Mostrador,Café caliente,Latte,M,3,9000,0,27000,Efectivo,Nuevo,35-44,6.4,,,30.6,No
100466,2026-01-17,1,Enero,3,Sábado,Sí,No,17:21,Tarde,San Antonio,Domicilio,Bebida fría,Limonada de coco,M,1,11000,0,11000,Tarjeta débito,Nuevo,25-34,,,,30.6,No
100449,2026-01-17,1,Enero,3,Sábado,Sí,No,17:25,Tarde,Granada,Mostrador,Bebida fría,Limonada de coco,S,3,9400,0,28200,Tarjeta crédito,Recurrente,55 o más,3.2,,,30.6,No
100458,2026-01-17,1,Enero,3,Sábado,Sí,No,17:35,Tarde,Granada,Mostrador,Café caliente,Capuchino,L,1,10600,0,10600,Efectivo,Recurrente,25-34,3.6,,,30.6,No
100444,2026-01-17,1,Enero,3,Sábado,Sí,No,17:45,Tarde,Centro,Mostrador,Snacks,Empanada,,4,3500,5,13300,Efectivo,Fidelizado,25-34,1.8,4,,30.6,No
100456,2026-01-17,1,Enero,3,Sábado,Sí,No,18:55,Noche,Granada,Domicilio,Snacks,Empanada,,2,3500,5,6600,Efectivo,Fidelizado,35-44,,,,30.6,No
100467,2026-01-17,1,Enero,3,Sábado,Sí,No,20:36,Noche,San Antonio,Mostrador,Bebida fría,Té helado,M,1,7500,0,7500,Billetera digital,Nuevo,25-34,2.4,5,,30.6,No
100490,2026-01-18,1,Enero,3,Domingo,Sí,No,06:49,Mañana,Ciudad Jardín,Domicilio,Bebida fría,Frappé de café,S,4,10600,0,42400,Tarjeta débito,Recurrente,55 o más,,,,30.0,No
100478,2026-01-18,1,Enero,3,Domingo,Sí,No,07:16,Mañana,Granada,Mostrador,Panadería,Torta de zanahoria,,1,9000,0,9000,Efectivo,Nuevo,18-24,7.9,3,,30.0,No
100491,2026-01-18,1,Enero,3,Domingo,Sí,No,07:21,Mañana,Ciudad Jardín,Mostrador,Snacks,Empanada,,1,3500,0,3500,Tarjeta débito,Recurrente,25-34,3.4,,,30.0,No
100477,2026-01-18,1,Enero,3,Domingo,Sí,No,08:41,Mañana,Granada,Mostrador,Panadería,Pandebono,,2,2500,0,5000,Billetera digital,Nuevo,18-24,3.2,,,30.0,No
100487,2026-01-18,1,Enero,3,Domingo,Sí,No,09:11,Mañana,San Antonio,Mostrador,Café caliente,Americano,S,1,4700,0,4700,Billetera digital,Recurrente,25-34,4.0,4,Bueno,30.0,No
100481,2026-01-18,1,Enero,3,Domingo,Sí,No,10:18,Media mañana,Granada,Mostrador,Bebida fría,Té helado,L,2,9400,0,18800,Efectivo,Recurrente,35-44,3.5,,,30.0,No
100484,2026-01-18,1,Enero,3,Domingo,Sí,No,10:35,Media mañana,San Antonio,Mostrador,Café caliente,Mocaccino,L,1,11900,5,11300,Tarjeta crédito,Fidelizado,35-44,1.9,,,30.0,No
100480,2026-01-18,1,Enero,3,Domingo,Sí,No,11:05,Media mañana,Granada,Mostrador,Café caliente,Americano,M,2,5500,0,11000,Tarjeta crédito,Nuevo,35-44,6.8,,,30.0,No
100493,2026-01-18,1,Enero,3,Domingo,Sí,No,11:09,Media mañana,Ciudad Jardín,Mostrador,Panadería,Croissant,,3,6500,5,18500,Tarjeta débito,Fidelizado,55 o más,4.6,,,30.0,No
100476,2026-01-18,1,Enero,3,Domingo,Sí,No,11:27,Media mañana,Granada,Domicilio,Panadería,Muffin,,1,7000,0,7000,Tarjeta débito,Recurrente,45-54,,2,El café llegó frío,30.0,No
100475,2026-01-18,1,Enero,3,Domingo,Sí,No,11:39,Media mañana,Granada,Mostrador,Snacks,Papas de paquete,,1,5000,0,5000,Efectivo,Recurrente,18-24,4.6,4,,30.0,No
100486,2026-01-18,1,Enero,3,Domingo,Sí,No,12:05,Almuerzo,San Antonio,Mostrador,Almuerzo,Ensalada César,,3,19500,0,58500,Billetera digital,Recurrente,35-44,5.1,5,Excelente atención,30.0,No
100474,2026-01-18,1,Enero,3,Domingo,Sí,No,12:56,Almuerzo,Granada,Mostrador,Almuerzo,Sándwich cubano,,1,21000,5,20000,Efectivo,Fidelizado,25-34,9.6,,,30.0,No
100492,2026-01-18,1,Enero,3,Domingo,Sí,No,13:44,Almuerzo,Ciudad Jardín,Mostrador,Almuerzo,Sándwich cubano,,3,21000,0,63000,Efectivo,Nuevo,45-54,13.9,1,,30.0,No
100473,2026-01-18,1,Enero,3,Domingo,Sí,No,13:58,Almuerzo,Granada,Mostrador,Café caliente,Americano,M,1,5500,0,5500,Billetera digital,Nuevo,25-34,2.4,,,30.0,No
100483,2026-01-18,1,Enero,3,Domingo,Sí,No,14:51,Tarde,San Antonio,Mostrador,Café caliente,Capuchino,M,1,8500,0,8500,Efectivo,Nuevo,35-44,4.4,5,,30.0,No
100485,2026-01-18,1,Enero,3,Domingo,Sí,No,15:48,Tarde,San Antonio,Mostrador,Bebida fría,Limonada de coco,S,2,9400,0,18800,Efectivo,Nuevo,18-24,2.0,,,30.0,No
100488,2026-01-18,1,Enero,3,Domingo,Sí,No,16:02,Tarde,San Antonio,Mostrador,Café caliente,Mocaccino,S,3,8100,0,24300,Efectivo,Recurrente,18-24,3.6,,,30.0,No
100489,2026-01-18,1,Enero,3,Domingo,Sí,No,16:10,Tarde,San Antonio,Mostrador,Panadería,Croissant,,3,6500,5,18500,Tarjeta crédito,Fidelizado,35-44,2.1,,,30.0,No
100482,2026-01-18,1,Enero,3,Domingo,Sí,No,18:09,Noche,Granada,Mostrador,Café caliente,Capuchino,L,1,10600,0,10600,Billetera digital,Nuevo,25-34,5.5,,,30.0,No
100479,2026-01-18,1,Enero,3,Domingo,Sí,No,18:18,Noche,Granada,Domicilio,Bebida fría,Cold brew,S,1,8900,0,8900,Billetera digital,Recurrente,18-24,,4,Muy buen café,30.0,No
100524,2026-01-19,1,Enero,4,Lunes,No,No,06:28,Mañana,Ciudad Jardín,Mostrador,Café caliente,Tinto,L,1,4400,0,4400,Tarjeta débito,Recurrente,35-44,6.1,5,,28.4,No
100514,2026-01-19,1,Enero,4,Lunes,No,No,06:56,Mañana,Granada,Mostrador,Panadería,Pandebono,,1,2500,0,2500,Billetera digital,Nuevo,45-54,8.3,,,28.4,No
100494,2026-01-19,1,Enero,4,Lunes,No,No,07:16,Mañana,Centro,Mostrador,Panadería,Muffin,,1,7000,0,7000,Billetera digital,Nuevo,18-24,7.9,,,28.4,No
100523,2026-01-19,1,Enero,4,Lunes,No,No,07:17,Mañana,Ciudad Jardín,Mostrador,Café caliente,Mocaccino,M,2,9500,0,19000,Tarjeta débito,Recurrente,35-44,10.0,,,28.4,No
100496,2026-01-19,1,Enero,4,Lunes,No,No,07:36,Mañana,Centro,Mostrador,Bebida fría,Frappé de café,S,2,10600,0,21200,Tarjeta débito,Recurrente,25-34,6.3,5,,28.4,No
100503,2026-01-19,1,Enero,4,Lunes,No,No,07:55,Mañana,Centro,Domicilio,Panadería,Muffin,,1,7000,0,7000,Tarjeta crédito,Nuevo,25-34,,,,28.4,No
100516,2026-01-19,1,Enero,4,Lunes,No,No,07:55,Mañana,Granada,Mostrador,Bebida fría,Frappé de café,M,1,12500,0,12500,Efectivo,Recurrente,35-44,5.9,,,28.4,No
100501,2026-01-19,1,Enero,4,Lunes,No,No,08:08,Mañana,Centro,Mostrador,Bebida fría,Frappé de café,M,1,12500,0,12500,Billetera digital,Recurrente,25-34,7.3,3,,28.4,No
100499,2026-01-19,1,Enero,4,Lunes,No,No,08:16,Mañana,Centro,Mostrador,Café caliente,Tinto,M,1,3500,0,3500,Efectivo,Nuevo,25-34,12.5,,,28.4,No
100513,2026-01-19,1,Enero,4,Lunes,No,No,08:37,Mañana,Granada,Mostrador,Panadería,Torta de zanahoria,,1,9000,5,8600,Tarjeta débito,Fidelizado,35-44,2.3,,,28.4,No
100502,2026-01-19,1,Enero,4,Lunes,No,No,08:40,Mañana,Centro,Mostrador,Panadería,Croissant,,1,6500,0,6500,Tarjeta débito,Nuevo,18-24,8.8,,,28.4,No
100519,2026-01-19,1,Enero,4,Lunes,No,No,10:00,Media mañana,Ciudad Jardín,Mostrador,Snacks,Galletas,,3,4500,0,13500,Billetera digital,Recurrente,18-24,2.4,,,28.4,No
100505,2026-01-19,1,Enero,4,Lunes,No,No,11:29,Media mañana,Centro,Domicilio,Almuerzo,Sándwich cubano,,1,21000,0,21000,Efectivo,Recurrente,45-54,,,,28.4,No
100497,2026-01-19,1,Enero,4,Lunes,No,No,11:30,Media mañana,Centro,Mostrador,Panadería,Muffin,,1,7000,5,6600,Billetera digital,Fidelizado,25-34,3.1,,,28.4,No
100511,2026-01-19,1,Enero,4,Lunes,No,No,12:06,Almuerzo,Centro,Mostrador,Almuerzo,Bowl vegetariano,,2,22000,0,44000,Billetera digital,Recurrente,18-24,8.8,4,,28.4,No
100517,2026-01-19,1,Enero,4,Lunes,No,No,12:08,Almuerzo,San Antonio,Mostrador,Café caliente,Tinto,M,1,3500,0,3500,Tarjeta débito,Nuevo,25-34,9.2,,,28.4,No
100521,2026-01-19,1,Enero,4,Lunes,No,No,12:12,Almuerzo,Ciudad Jardín,Mostrador,Bebida fría,Limonada de coco,L,2,13800,0,27600,Tarjeta débito,Recurrente,35-44,8.4,,,28.4,No
100510,2026-01-19,1,Enero,4,Lunes,No,No,12:33,Almuerzo,Centro,Mostrador,Snacks,Galletas,,1,4500,0,4500,Tarjeta débito,Nuevo,18-24,11.5,,,28.4,No
100506,2026-01-19,1,Enero,4,Lunes,No,No,12:41,Almuerzo,Centro,Mostrador,Bebida fría,Cold brew,M,1,10500,0,10500,Tarjeta crédito,Recurrente,45-54,6.3,,,28.4,No
100495,2026-01-19,1,Enero,4,Lunes,No,No,12:54,Almuerzo,Centro,Mostrador,Almuerzo,Bowl vegetariano,,4,22000,0,88000,Tarjeta crédito,Recurrente,25-34,7.4,4,,28.4,No
100525,2026-01-19,1,Enero,4,Lunes,No,No,12:55,Almuerzo,Ciudad Jardín,Mostrador,Panadería,Croissant,,2,6500,5,12400,Tarjeta débito,Fidelizado,55 o más,4.2,,,28.4,No
100504,2026-01-19,1,Enero,4,Lunes,No,No,13:35,Almuerzo,Centro,Mostrador,Bebida fría,Frappé de café,M,1,12500,5,11900,Efectivo,Fidelizado,18-24,5.8,,,28.4,No
100500,2026-01-19,1,Enero,4,Lunes,No,No,13:38,Almuerzo,Centro,Mostrador,Snacks,Papas de paquete,,1,5000,0,5000,Billetera digital,Recurrente,35-44,8.0,,,28.4,No
100526,2026-01-19,1,Enero,4,Lunes,No,No,13:38,Almuerzo,Ciudad Jardín,Mostrador,Almuerzo,Wrap de pollo,,3,18500,5,52700,Tarjeta débito,Fidelizado,18-24,9.6,,,28.4,No
100507,2026-01-19,1,Enero,4,Lunes,No,No,13:49,Almuerzo,Centro,Mostrador,Bebida fría,Frappé de café,M,1,12500,0,12500,Tarjeta crédito,Recurrente,35-44,8.0,,,28.4,No
100522,2026-01-19,1,Enero,4,Lunes,No,No,14:48,Tarde,Ciudad Jardín,Mostrador,Snacks,Empanada,,2,3500,0,7000,Tarjeta débito,Nuevo,25-34,2.3,,,28.4,No
100509,2026-01-19,1,Enero,4,Lunes,No,No,14:59,Tarde,Centro,Mostrador,Café caliente,Tinto,M,1,3500,0,3500,Billetera digital,Nuevo,18-24,2.5,,,28.4,No
100512,2026-01-19,1,Enero,4,Lunes,No,No,17:17,Tarde,Centro,Mostrador,Almuerzo,Wrap de pollo,,1,18500,0,18500,Efectivo,Nuevo,45-54,5.7,,,28.4,No
100515,2026-01-19,1,Enero,4,Lunes,No,No,17:50,Tarde,Granada,Mostrador,Panadería,Torta de zanahoria,,3,9000,0,27000,Tarjeta débito,Nuevo,25-34,3.6,,,28.4,No
100498,2026-01-19,1,Enero,4,Lunes,No,No,17:59,Tarde,Centro,Mostrador,Panadería,Pandebono,,2,2500,0,5000,Efectivo,Recurrente,25-34,2.6,,,28.4,No
100520,2026-01-19,1,Enero,4,Lunes,No,No,19:18,Noche,Ciudad Jardín,Mostrador,Bebida fría,Frappé de café,S,1,10600,0,10600,Tarjeta débito,Nuevo,18-24,3.2,4,,28.4,No
100518,2026-01-19,1,Enero,4,Lunes,No,No,20:05,Noche,San Antonio,Mostrador,Bebida fría,Limonada de coco,M,2,11000,0,22000,Tarjeta crédito,Recurrente,45-54,2.1,5,Buen precio por el tamaño,28.4,No
100508,2026-01-19,1,Enero,4,Lunes,No,No,20:45,Noche,Centro,Mostrador,Café caliente,Capuchino,L,3,10600,0,31800,Efectivo,Nuevo,25-34,3.5,,,28.4,No
100545,2026-01-20,1,Enero,4,Martes,No,No,06:27,Mañana,San Antonio,Mostrador,Panadería,Muffin,,1,7000,0,7000,Tarjeta débito,Recurrente,25-34,4.6,,,30.2,No
100535,2026-01-20,1,Enero,4,Martes,No,No,07:29,Mañana,Centro,Mostrador,Café caliente,Latte,S,1,7600,0,7600,Billetera digital,Recurrente,25-34,15.5,,,30.2,No
100527,2026-01-20,1,Enero,4,Martes,No,No,07:35,Mañana,Centro,Mostrador,Café caliente,Chocolate caliente,S,2,6800,0,13600,Efectivo,Recurrente,25-34,8.9,,,30.2,No
100547,2026-01-20,1,Enero,4,Martes,No,No,08:05,Mañana,Ciudad Jardín,Mostrador,Snacks,Galletas,,2,4500,0,9000,Tarjeta débito,Nuevo,25-34,3.0,,,30.2,No
100528,2026-01-20,1,Enero,4,Martes,No,No,08:45,Mañana,Centro,Mostrador,Panadería,Buñuelo,,2,2200,0,4400,Tarjeta débito,Nuevo,35-44,5.9,4,Volveré pronto,30.2,No
100534,2026-01-20,1,Enero,4,Martes,No,No,08:52,Mañana,Centro,Domicilio,Snacks,Galletas,,4,4500,0,18000,Efectivo,Nuevo,45-54,,,,30.2,No
100549,2026-01-20,1,Enero,4,Martes,No,No,09:15,Mañana,Ciudad Jardín,Mostrador,Café caliente,Americano,L,2,6900,5,13100,Efectivo,Fidelizado,45-54,5.4,,,30.2,No
100543,2026-01-20,1,Enero,4,Martes,No,No,11:22,Media mañana,San Antonio,Mostrador,Snacks,Papas de paquete,,3,5000,0,15000,Billetera digital,Recurrente,25-34,7.8,,,30.2,No
100538,2026-01-20,1,Enero,4,Martes,No,No,11:55,Media mañana,Granada,Mostrador,Bebida fría,Limonada de coco,M,1,11000,0,11000,Billetera digital,Nuevo,25-34,4.5,,,30.2,No
100531,2026-01-20,1,Enero,4,Martes,No,No,12:04,Almuerzo,Centro,Mostrador,Almuerzo,Bowl vegetariano,,1,22000,0,22000,Efectivo,Recurrente,45-54,6.6,,,30.2,No
100533,2026-01-20,1,Enero,4,Martes,No,No,12:21,Almuerzo,Centro,Mostrador,Almuerzo,Sándwich cubano,,1,21000,0,21000,Tarjeta crédito,Nuevo,55 o más,14.7,,,30.2,No
100532,2026-01-20,1,Enero,4,Martes,No,No,12:43,Almuerzo,Centro,Mostrador,Bebida fría,Frappé de café,L,1,15600,0,15600,Efectivo,Nuevo,45-54,10.0,,,30.2,No
100544,2026-01-20,1,Enero,4,Martes,No,No,12:46,Almuerzo,San Antonio,Mostrador,Bebida fría,Limonada de coco,S,4,9400,0,37600,Efectivo,Recurrente,18-24,3.2,5,,30.2,No
100548,2026-01-20,1,Enero,4,Martes,No,No,12:57,Almuerzo,Ciudad Jardín,Mostrador,Almuerzo,Wrap de pollo,,1,18500,0,18500,Tarjeta débito,Recurrente,25-34,6.3,,,30.2,No
100539,2026-01-20,1,Enero,4,Martes,No,No,13:42,Almuerzo,Granada,Mostrador,Bebida fría,Jugo natural,M,1,8500,0,8500,Tarjeta crédito,Nuevo,18-24,8.7,,,30.2,No
100541,2026-01-20,1,Enero,4,Martes,No,No,15:07,Tarde,Granada,Mostrador,Panadería,Pandebono,,1,2500,0,2500,Efectivo,Recurrente,55 o más,2.8,4,,30.2,No
100529,2026-01-20,1,Enero,4,Martes,No,No,15:39,Tarde,Centro,Mostrador,Bebida fría,Limonada de coco,S,1,9400,0,9400,Tarjeta crédito,Recurrente,25-34,4.6,3,"Bien, pero podría mejorar",30.2,No
100546,2026-01-20,1,Enero,4,Martes,No,No,15:57,Tarde,Ciudad Jardín,Mostrador,Panadería,Pandebono,,1,2500,0,2500,Efectivo,Recurrente,35-44,4.8,4,,30.2,No
100530,2026-01-20,1,Enero,4,Martes,No,No,16:44,Tarde,Centro,Mostrador,Panadería,Muffin,,1,7000,0,7000,Efectivo,Recurrente,Menos de 18,4.5,,,30.2,No
100536,2026-01-20,1,Enero,4,Martes,No,No,17:41,Tarde,Granada,Mostrador,Snacks,Empanada,,1,3500,0,3500,Billetera digital,Recurrente,45-54,2.3,,,30.2,No
100542,2026-01-20,1,Enero,4,Martes,No,No,18:38,Noche,San Antonio,Mostrador,Panadería,Buñuelo,,2,2200,5,4200,Efectivo,Fidelizado,Menos de 18,3.7,5,,30.2,No
100537,2026-01-20,1,Enero,4,Martes,No,No,20:15,Noche,Granada,Mostrador,Café caliente,Mocaccino,M,1,9500,0,9500,Efectivo,Nuevo,45-54,1.7,4,,30.2,No
100540,2026-01-20,1,Enero,4,Martes,No,No,20:27,Noche,Granada,Mostrador,Panadería,Pandebono,,1,2500,0,2500,Tarjeta débito,Nuevo,35-44,3.0,,,30.2,No
100569,2026-01-21,1,Enero,4,Miércoles,No,No,06:12,Mañana,Granada,Mostrador,Snacks,Papas de paquete,,1,5000,0,5000,Efectivo,Nuevo,35-44,4.6,,,28.1,No
100578,2026-01-21,1,Enero,4,Miércoles,No,No,06:21,Mañana,San Antonio,Domicilio,Café caliente,Latte,L,3,11200,0,33600,Tarjeta crédito,Recurrente,25-34,,,,28.1,No
100567,2026-01-21,1,Enero,4,Miércoles,No,No,06:39,Mañana,Granada,Mostrador,Café caliente,Tinto,S,2,3000,5,5700,Tarjeta débito,Fidelizado,18-24,7.8,,,28.1,No
100560,2026-01-21,1,Enero,4,Miércoles,No,No,06:49,Mañana,Centro,Mostrador,Café caliente,Capuchino,S,1,7200,0,7200,Billetera digital,Nuevo,18-24,5.5,,,28.1,No
100577,2026-01-21,1,Enero,4,Miércoles,No,No,06:58,Mañana,San Antonio,Mostrador,Panadería,Pandebono,,1,2500,0,2500,Tarjeta débito,Nuevo,25-34,7.3,,,28.1,No
100576,2026-01-21,1,Enero,4,Miércoles,No,No,07:01,Mañana,San Antonio,Mostrador,Café caliente,Latte,M,1,9000,0,9000,Tarjeta débito,Nuevo,18-24,1.8,,,28.1,No
100564,2026-01-21,1,Enero,4,Miércoles,No,No,07:26,Mañana,Centro,Mostrador,Panadería,Buñuelo,,1,2200,0,2200,Tarjeta crédito,Nuevo,35-44,10.0,,,28.1,No
100580,2026-01-21,1,Enero,4,Miércoles,No,No,07:42,Mañana,San Antonio,Mostrador,Snacks,Empanada,,2,3500,0,7000,Efectivo,Recurrente,25-34,11.8,,,28.1,No
100568,2026-01-21,1,Enero,4,Miércoles,No,No,07:49,Mañana,Granada,Mostrador,Café caliente,Americano,M,1,5500,0,5500,Billetera digital,Nuevo,25-34,6.4,,,28.1,No
100575,2026-01-21,1,Enero,4,Miércoles,No,No,07:50,Mañana,Granada,Mostrador,Café caliente,Capuchino,L,1,10600,5,10100,Tarjeta débito,Fidelizado,45-54,2.2,4,,28.1,No
100562,2026-01-21,1,Enero,4,Miércoles,No,No,08:11,Mañana,Centro,Mostrador,Panadería,Torta de zanahoria,,1,9000,0,9000,Efectivo,Recurrente,55 o más,12.6,,,28.1,No
100559,2026-01-21,1,Enero,4,Miércoles,No,No,08:29,Mañana,Centro,Mostrador,Panadería,Buñuelo,,1,2200,0,2200,Tarjeta débito,Nuevo,25-34,7.4,,,28.1,No
100552,2026-01-21,1,Enero,4,Miércoles,No,No,08:49,Mañana,Centro,Domicilio,Panadería,Buñuelo,,3,2200,5,6300,Efectivo,Fidelizado,55 o más,,,,28.1,No
100555,2026-01-21,1,Enero,4,Miércoles,No,No,08:50,Mañana,Centro,Mostrador,Bebida fría,Cold brew,M,1,10500,0,10500,Tarjeta crédito,Nuevo,18-24,4.4,,,28.1,No
100584,2026-01-21,1,Enero,4,Miércoles,No,No,09:02,Mañana,Ciudad Jardín,Mostrador,Panadería,Buñuelo,,1,2200,5,2100,Tarjeta débito,Fidelizado,25-34,4.6,,,28.1,No
100583,2026-01-21,1,Enero,4,Miércoles,No,No,10:00,Media mañana,Ciudad Jardín,Mostrador,Bebida fría,Limonada de coco,M,2,11000,0,22000,Tarjeta crédito,Nuevo,45-54,3.4,,,28.1,No
100558,2026-01-21,1,Enero,4,Miércoles,No,No,10:21,Media mañana,Centro,Mostrador,Panadería,Buñuelo,,1,2200,0,2200,Efectivo,Nuevo,45-54,2.0,,,28.1,No
100585,2026-01-21,1,Enero,4,Miércoles,No,No,10:52,Media mañana,Ciudad Jardín,Mostrador,Bebida fría,Jugo natural,L,1,10600,5,10100,Tarjeta débito,Fidelizado,35-44,2.5,3,Bueno,28.1,No
100557,2026-01-21,1,Enero,4,Miércoles,No,No,11:36,Media mañana,Centro,Mostrador,Snacks,Empanada,,2,3500,0,7000,Efectivo,Recurrente,45-54,6.4,5,Excelente atención,28.1,No
100579,2026-01-21,1,Enero,4,Miércoles,No,No,11:47,Media mañana,San Antonio,Mostrador,Almuerzo,Wrap de pollo,,4,18500,0,74000,Billetera digital,Recurrente,18-24,1.3,,,28.1,No
100551,2026-01-21,1,Enero,4,Miércoles,No,No,11:54,Media mañana,Centro,Domicilio,Snacks,Empanada,,1,3500,5,3300,Efectivo,Fidelizado,18-24,,5,Volveré pronto,28.1,No
100553,2026-01-21,1,Enero,4,Miércoles,No,No,12:03,Almuerzo,Centro,Mostrador,Panadería,Torta de zanahoria,,1,9000,0,9000,Tarjeta crédito,Recurrente,25-34,18.0,2,Faltan mesas,28.1,No
100563,2026-01-21,1,Enero,4,Miércoles,No,No,12:04,Almuerzo,Centro,Mostrador,Almuerzo,Ensalada César,,1,19500,0,19500,Efectivo,Nuevo,55 o más,8.7,3,,28.1,No
100573,2026-01-21,1,Enero,4,Miércoles,No,No,12:24,Almuerzo,Granada,Mostrador,Snacks,Empanada,,1,3500,0,3500,Billetera digital,Recurrente,35-44,3.7,,,28.1,No
100581,2026-01-21,1,Enero,4,Miércoles,No,No,12:33,Almuerzo,San Antonio,Mostrador,Almuerzo,Ensalada César,,1,19500,0,19500,Billetera digital,Recurrente,18-24,7.2,4,Rico pero un poco demorado,28.1,No
100570,2026-01-21,1,Enero,4,Miércoles,No,No,12:34,Almuerzo,Granada,Domicilio,Almuerzo,Bowl vegetariano,,2,22000,0,44000,Tarjeta débito,Recurrente,18-24,,,,28.1,No
100561,2026-01-21,1,Enero,4,Miércoles,No,No,12:36,Almuerzo,Centro,Mostrador,Almuerzo,Wrap de pollo,,1,18500,0,18500,Billetera digital,Recurrente,18-24,20.7,3,,28.1,No
100574,2026-01-21,1,Enero,4,Miércoles,No,No,12:38,Almuerzo,Granada,Mostrador,Bebida fría,Té helado,L,1,9400,0,9400,Billetera digital,Recurrente,35-44,4.7,4,,28.1,No
100586,2026-01-21,1,Enero,4,Miércoles,No,No,12:45,Almuerzo,Ciudad Jardín,Mostrador,Almuerzo,Sándwich cubano,,1,21000,0,21000,Tarjeta crédito,Recurrente,45-54,14.8,,,28.1,No
100565,2026-01-21,1,Enero,4,Miércoles,No,No,12:51,Almuerzo,Granada,Mostrador,Almuerzo,Ensalada César,,4,19500,5,74100,Tarjeta crédito,Fidelizado,55 o más,9.1,,,28.1,No
100582,2026-01-21,1,Enero,4,Miércoles,No,No,13:34,Almuerzo,Ciudad Jardín,Domicilio,Snacks,Galletas,,2,4500,5,8600,Efectivo,Fidelizado,18-24,,,,28.1,No
100550,2026-01-21,1,Enero,4,Miércoles,No,No,13:45,Almuerzo,Centro,Mostrador,Café caliente,Tinto,M,2,3500,0,7000,Tarjeta crédito,Recurrente,25-34,5.7,5,,28.1,No
100571,2026-01-21,1,Enero,4,Miércoles,No,No,15:59,Tarde,Granada,Mostrador,Snacks,Papas de paquete,,2,5000,5,9500,Tarjeta débito,Fidelizado,18-24,3.7,,,28.1,No
100554,2026-01-21,1,Enero,4,Miércoles,No,No,16:33,Tarde,Centro,Domicilio,Café caliente,Tinto,M,1,3500,0,3500,Efectivo,Nuevo,Menos de 18,,,,28.1,No
100556,2026-01-21,1,Enero,4,Miércoles,No,No,18:53,Noche,Centro,Mostrador,Café caliente,Americano,L,1,6900,5,6600,Tarjeta débito,Fidelizado,18-24,3.0,4,,28.1,No
100572,2026-01-21,1,Enero,4,Miércoles,No,No,19:43,Noche,Granada,Mostrador,Almuerzo,Wrap de pollo,,2,18500,0,37000,Billetera digital,Recurrente,18-24,1.9,,,28.1,No
100566,2026-01-21,1,Enero,4,Miércoles,No,No,20:27,Noche,Granada,Mostrador,Bebida fría,Frappé de café,S,1,10600,0,10600,Efectivo,Nuevo,35-44,4.8,,,28.1,No
100595,2026-01-22,1,Enero,4,Jueves,No,No,06:05,Mañana,Centro,Mostrador,Café caliente,Tinto,L,1,4400,0,4400,Tarjeta débito,Recurrente,25-34,9.5,4,,31.0,No
100598,2026-01-22,1,Enero,4,Jueves,No,No,06:13,Mañana,Centro,Mostrador,Café caliente,Capuchino,L,1,10600,0,10600,Efectivo,Nuevo,18-24,5.9,,,31.0,No
100600,2026-01-22,1,Enero,4,Jueves,No,No,06:18,Mañana,Centro,Mostrador,Snacks,Empanada,,3,3500,0,10500,Billetera digital,Recurrente,35-44,8.5,4,Normal,31.0,No
100601,2026-01-22,1,Enero,4,Jueves,No,No,06:59,Mañana,Centro,Mostrador,Snacks,Empanada,,1,3500,0,3500,Efectivo,Recurrente,35-44,5.1,,,31.0,No
100596,2026-01-22,1,Enero,4,Jueves,No,No,07:00,Mañana,Centro,Mostrador,Panadería,Pandebono,,2,2500,0,5000,Efectivo,Nuevo,55 o más,8.8,3,Aceptable,31.0,No
100627,2026-01-22,1,Enero,4,Jueves,No,No,07:16,Mañana,Ciudad Jardín,Mostrador,Café caliente,Capuchino,M,1,8500,5,8100,Tarjeta crédito,Fidelizado,18-24,6.9,,,31.0,No
100623,2026-01-22,1,Enero,4,Jueves,No,No,07:27,Mañana,San Antonio,Mostrador,Panadería,Croissant,,3,6500,5,18500,Billetera digital,Fidelizado,Menos de 18,5.2,4,,31.0,No
100630,2026-01-22,1,Enero,4,Jueves,No,No,08:20,Mañana,Ciudad Jardín,Mostrador,Café caliente,Latte,M,4,9000,5,34200,Tarjeta débito,Fidelizado,55 o más,3.2,5,,31.0,No
100625,2026-01-22,1,Enero,4,Jueves,No,No,08:47,Mañana,San Antonio,Mostrador,Panadería,Muffin,,4,7000,5,26600,Tarjeta débito,Fidelizado,18-24,2.8,4,,31.0,No
100619,2026-01-22,1,Enero,4,Jueves,No,No,09:06,Mañana,San Antonio,Mostrador,Panadería,Pandebono,,2,2500,0,5000,Tarjeta débito,Recurrente,18-24,5.1,,,31.0,No
100602,2026-01-22,1,Enero,4,Jueves,No,No,09:12,Mañana,Centro,Mostrador,Panadería,Muffin,,2,7000,0,14000,Efectivo,Nuevo,25-34,12.0,4,Buen precio por el tamaño,31.0,No
100609,2026-01-22,1,Enero,4,Jueves,No,No,09:17,Mañana,Granada,Domicilio,Snacks,Empanada,,1,3500,0,3500,Tarjeta crédito,Recurrente,45-54,,,,31.0,No
100610,2026-01-22,1,Enero,4,Jueves,No,No,10:18,Media mañana,Granada,Domicilio,Almuerzo,Wrap de pollo,,1,18500,0,18500,Efectivo,Recurrente,18-24,,4,,31.0,No
100597,2026-01-22,1,Enero,4,Jueves,No,No,10:26,Media mañana,Centro,Mostrador,Café caliente,Capuchino,M,1,8500,5,8100,Tarjeta débito,Fidelizado,25-34,2.7,5,Rápido y amable,31.0,No
100599,2026-01-22,1,Enero,4,Jueves,No,No,10:39,Media mañana,Centro,Mostrador,Café caliente,Capuchino,L,2,10600,0,21200,Billetera digital,Nuevo,35-44,2.9,,,31.0,No
100624,2026-01-22,1,Enero,4,Jueves,No,No,10:39,Media mañana,San Antonio,Mostrador,Bebida fría,Jugo natural,M,1,8500,5,8100,Billetera digital,Fidelizado,35-44,5.2,5,,31.0,No
100587,2026-01-22,1,Enero,4,Jueves,No,No,10:41,Media mañana,Centro,Mostrador,Bebida fría,Cold brew,S,1,8900,0,8900,Efectivo,Nuevo,25-34,2.7,4,,31.0,No
100622,2026-01-22,1,Enero,4,Jueves,No,No,10:46,Media mañana,San Antonio,Mostrador,Snacks,Galletas,,1,4500,0,4500,Efectivo,Nuevo,18-24,6.8,,,31.0,No
100589,2026-01-22,1,Enero,4,Jueves,No,No,11:10,Media mañana,Centro,Mostrador,Café caliente,Mocaccino,M,4,9500,0,38000,Tarjeta débito,Recurrente,18-24,2.8,,,31.0,No
100618,2026-01-22,1,Enero,4,Jueves,No,No,11:10,Media mañana,San Antonio,Mostrador,Bebida fría,Frappé de café,L,1,15600,0,15600,Efectivo,Recurrente,45-54,1.7,,,31.0,No
100614,2026-01-22,1,Enero,4,Jueves,No,No,11:14,Media mañana,San Antonio,Mostrador,Panadería,Pandebono,,2,2500,5,4800,Efectivo,Fidelizado,45-54,3.4,4,,31.0,No
100590,2026-01-22,1,Enero,4,Jueves,No,No,11:19,Media mañana,Centro,Mostrador,Café caliente,Americano,L,1,6900,5,6600,Billetera digital,Fidelizado,25-34,4.5,,,31.0,No
100616,2026-01-22,1,Enero,4,Jueves,No,No,11:28,Media mañana,San Antonio,Mostrador,Panadería,Torta de zanahoria,,3,9000,0,27000,Billetera digital,Nuevo,35-44,3.6,,,31.0,No
100594,2026-01-22,1,Enero,4,Jueves,No,No,12:28,Almuerzo,Centro,Mostrador,Almuerzo,Ensalada César,,2,19500,0,39000,Tarjeta débito,Recurrente,25-34,9.3,,,31.0,No
100592,2026-01-22,1,Enero,4,Jueves,No,No,12:36,Almuerzo,Centro,Mostrador,Snacks,Papas de paquete,,4,5000,0,20000,Tarjeta crédito,Recurrente,25-34,8.1,,,31.0,No
100605,2026-01-22,1,Enero,4,Jueves,No,No,12:40,Almuerzo,Centro,Mostrador,Almuerzo,Ensalada César,,1,19500,0,19500,Billetera digital,Recurrente,25-34,18.2,2,Se demoraron con mi pedido,31.0,No
100591,2026-01-22,1,Enero,4,Jueves,No,No,12:41,Almuerzo,Centro,Mostrador,Bebida fría,Limonada de coco,M,1,11000,0,11000,Tarjeta crédito,Nuevo,45-54,12.7,3,Bueno,31.0,No
100620,2026-01-22,1,Enero,4,Jueves,No,No,12:44,Almuerzo,San Antonio,Mostrador,Bebida fría,Cold brew,M,2,10500,0,21000,Billetera digital,Nuevo,35-44,8.6,3,Aceptable,31.0,No
100593,2026-01-22,1,Enero,4,Jueves,No,No,12:49,Almuerzo,Centro,Mostrador,Almuerzo,Wrap de pollo,,1,18500,0,18500,Tarjeta débito,Recurrente,25-34,20.9,,,31.0,No
100604,2026-01-22,1,Enero,4,Jueves,No,No,13:00,Almuerzo,Centro,Mostrador,Almuerzo,Wrap de pollo,,5,18500,5,87900,Billetera digital,Fidelizado,35-44,15.9,4,,31.0,No
100626,2026-01-22,1,Enero,4,Jueves,No,No,13:34,Almuerzo,Ciudad Jardín,Mostrador,Snacks,Empanada,,4,3500,5,13300,Tarjeta crédito,Fidelizado,45-54,12.1,4,,31.0,No
100621,2026-01-22,1,Enero,4,Jueves,No,No,13:49,Almuerzo,San Antonio,Mostrador,Almuerzo,Wrap de pollo,,1,18500,0,18500,Efectivo,Recurrente,25-34,8.2,,,31.0,No
100588,2026-01-22,1,Enero,4,Jueves,No,No,14:07,Tarde,Centro,Mostrador,Panadería,Pandebono,,2,2500,0,5000,Tarjeta débito,Recurrente,25-34,3.8,,,31.0,No
100617,2026-01-22,1,Enero,4,Jueves,No,No,14:12,Tarde,San Antonio,Mostrador,Bebida fría,Limonada de coco,L,2,13800,0,27600,Billetera digital,Nuevo,18-24,2.5,,,31.0,No
100615,2026-01-22,1,Enero,4,Jueves,No,No,14:21,Tarde,San Antonio,Mostrador,Panadería,Croissant,,2,6500,0,13000,Billetera digital,Recurrente,18-24,9.4,4,Rico pero un poco demorado,31.0,No
100611,2026-01-22,1,Enero,4,Jueves,No,No,14:27,Tarde,Granada,Mostrador,Café caliente,Tinto,M,1,3500,0,3500,Billetera digital,Nuevo,25-34,2.4,,,31.0,No
100628,2026-01-22,1,Enero,4,Jueves,No,No,15:32,Tarde,Ciudad Jardín,Mostrador,Bebida fría,Limonada de coco,S,2,9400,0,18800,Tarjeta débito,Nuevo,35-44,1.5,,,31.0,No
100608,2026-01-22,1,Enero,4,Jueves,No,No,16:48,Tarde,Granada,Mostrador,Snacks,Empanada,,1,3500,0,3500,Billetera digital,Nuevo,25-34,1.0,4,Aceptable,31.0,No
100607,2026-01-22,1,Enero,4,Jueves,No,No,17:24,Tarde,Granada,Mostrador,Panadería,Pandebono,,1,2500,0,2500,Tarjeta débito,Nuevo,35-44,2.5,,,31.0,No
100606,2026-01-22,1,Enero,4,Jueves,No,No,17:55,Tarde,Granada,Mostrador,Café caliente,Americano,L,3,6900,0,20700,Tarjeta crédito,Recurrente,25-34,2.5,,,31.0,No
100613,2026-01-22,1,Enero,4,Jueves,No,No,18:04,Noche,San Antonio,Mostrador,Panadería,Pandebono,,1,2500,0,2500,Tarjeta crédito,Nuevo,25-34,4.3,,,31.0,No
100629,2026-01-22,1,Enero,4,Jueves,No,No,19:40,Noche,Ciudad Jardín,Mostrador,Panadería,Muffin,,2,7000,0,14000,Tarjeta crédito,Nuevo,35-44,7.4,5,Volveré pronto,31.0,No
100603,2026-01-22,1,Enero,4,Jueves,No,No,20:13,Noche,Centro,Mostrador,Almuerzo,Wrap de pollo,,1,18500,0,18500,Tarjeta débito,Recurrente,35-44,4.1,,,31.0,No
100612,2026-01-22,1,Enero,4,Jueves,No,No,20:43,Noche,San Antonio,Domicilio,Café caliente,Americano,L,2,6900,0,13800,Tarjeta crédito,Nuevo,25-34,,,,31.0,No
100645,2026-01-23,1,Enero,4,Viernes,No,No,06:02,Mañana,Granada,Mostrador,Café caliente,Tinto,M,1,3500,0,3500,Efectivo,Recurrente,35-44,4.0,,,30.0,No
100634,2026-01-23,1,Enero,4,Viernes,No,No,06:19,Mañana,Centro,Mostrador,Panadería,Buñuelo,,1,2200,0,2200,Tarjeta crédito,Nuevo,35-44,6.6,4,Aceptable,30.0,No
100661,2026-01-23,1,Enero,4,Viernes,No,No,06:20,Mañana,San Antonio,Domicilio,Panadería,Croissant,,1,6500,0,6500,Efectivo,Nuevo,25-34,,,,30.0,No
100635,2026-01-23,1,Enero,4,Viernes,No,No,07:32,Mañana,Centro,Mostrador,Café caliente,Americano,L,2,6900,5,13100,Tarjeta crédito,Fidelizado,Menos de 18,5.4,4,,30.0,No
100647,2026-01-23,1,Enero,4,Viernes,No,No,07:36,Mañana,Granada,Mostrador,Café caliente,Capuchino,M,1,8500,0,8500,Tarjeta débito,Recurrente,18-24,4.0,,,30.0,No
100638,2026-01-23,1,Enero,4,Viernes,No,No,08:23,Mañana,Centro,Mostrador,Panadería,Croissant,,1,6500,0,6500,Efectivo,Nuevo,35-44,4.7,5,Buen precio por el tamaño,30.0,No
100643,2026-01-23,1,Enero,4,Viernes,No,No,08:35,Mañana,Centro,Mostrador,Snacks,Papas de paquete,,2,5000,0,10000,Efectivo,Nuevo,35-44,5.0,,,30.0,No
100640,2026-01-23,1,Enero,4,Viernes,No,No,09:04,Mañana,Centro,Mostrador,Café caliente,Tinto,L,2,4400,5,8400,Tarjeta débito,Fidelizado,25-34,9.3,,,30.0,No
100657,2026-01-23,1,Enero,4,Viernes,No,No,09:05,Mañana,San Antonio,Mostrador,Snacks,Empanada,,1,3500,0,3500,Efectivo,Recurrente,45-54,2.5,4,,30.0,No
100636,2026-01-23,1,Enero,4,Viernes,No,No,09:24,Mañana,Centro,Mostrador,Snacks,Barra de granola,,3,5500,0,16500,Tarjeta crédito,Recurrente,25-34,9.9,3,,30.0,No
100656,2026-01-23,1,Enero,4,Viernes,No,No,09:38,Mañana,San Antonio,Domicilio,Snacks,Barra de granola,,2,5500,0,11000,Tarjeta débito,Nuevo,18-24,,,,30.0,No
100646,2026-01-23,1,Enero,4,Viernes,No,No,10:50,Media mañana,Granada,Mostrador,Bebida fría,Cold brew,S,2,8900,5,16900,Tarjeta débito,Fidelizado,35-44,3.0,4,Me encanta el ambiente,30.0,No
100641,2026-01-23,1,Enero,4,Viernes,No,No,10:56,Media mañana,Centro,Mostrador,Snacks,Barra de granola,,1,5500,0,5500,Tarjeta débito,Recurrente,25-34,5.1,5,,30.0,No
100642,2026-01-23,1,Enero,4,Viernes,No,No,10:58,Media mañana,Centro,Mostrador,Panadería,Pandebono,,1,2500,0,2500,Billetera digital,Nuevo,25-34,7.0,,,30.0,No
100649,2026-01-23,1,Enero,4,Viernes,No,No,11:09,Media mañana,Granada,Mostrador,Café caliente,Americano,S,3,4700,0,14100,Efectivo,Nuevo,18-24,3.5,4,Rápido y amable,30.0,No
100653,2026-01-23,1,Enero,4,Viernes,No,No,11:17,Media mañana,San Antonio,Mostrador,Café caliente,Tinto,S,3,3000,0,9000,Tarjeta débito,Nuevo,25-34,4.9,,,30.0,No
105628,2026-01-23,1,Enero,4,Viernes,No,No,11:30,Media mañana,Centro,Domicilio,Almuerzo,Wrap de pollo,,31,18500,10,516200,Tarjeta crédito,Fidelizado,35-44,,,Pedido corporativo,30.0,No
100652,2026-01-23,1,Enero,4,Viernes,No,No,12:04,Almuerzo,Granada,Domicilio,Bebida fría,Frappé de café,S,1,10600,0,10600,Tarjeta crédito,Recurrente,45-54,,4,,30.0,No
100663,2026-01-23,1,Enero,4,Viernes,No,No,12:26,Almuerzo,Ciudad Jardín,Mostrador,Panadería,Croissant,,4,6500,0,26000,Tarjeta débito,Nuevo,25-34,8.6,,,30.0,No
100654,2026-01-23,1,Enero,4,Viernes,No,No,12:39,Almuerzo,San Antonio,Mostrador,Bebida fría,Jugo natural,M,3,8500,0,25500,Billetera digital,Nuevo,18-24,9.4,,,30.0,No
100639,2026-01-23,1,Enero,4,Viernes,No,No,12:48,Almuerzo,Centro,Mostrador,Bebida fría,Té helado,L,2,9400,0,18800,Billetera digital,Recurrente,18-24,9.3,4,,30.0,No
100662,2026-01-23,1,Enero,4,Viernes,No,No,13:11,Almuerzo,Ciudad Jardín,Mostrador,Bebida fría,Cold brew,S,1,8900,5,8500,Efectivo,Fidelizado,45-54,12.5,,,30.0,No
100644,2026-01-23,1,Enero,4,Viernes,No,No,13:49,Almuerzo,Granada,Mostrador,Almuerzo,Wrap de pollo,,1,18500,0,18500,Tarjeta débito,Recurrente,35-44,3.8,5,Buen precio por el tamaño,30.0,No
100637,2026-01-23,1,Enero,4,Viernes,No,No,13:58,Almuerzo,Centro,Mostrador,Panadería,Pandebono,,1,2500,0,2500,Efectivo,Recurrente,25-34,10.3,3,,30.0,No
100632,2026-01-23,1,Enero,4,Viernes,No,No,14:29,Tarde,Centro,Mostrador,Panadería,Muffin,,3,7000,5,20000,Efectivo,Fidelizado,25-34,2.1,,,30.0,No
100651,2026-01-23,1,Enero,4,Viernes,No,No,14:37,Tarde,Granada,Mostrador,Panadería,Pandebono,,1,2500,0,2500,Billetera digital,Recurrente,45-54,7.1,,,30.0,No
100658,2026-01-23,1,Enero,4,Viernes,No,No,15:12,Tarde,San Antonio,Domicilio,Bebida fría,Cold brew,L,2,13100,5,24900,Efectivo,Fidelizado,35-44,,,,30.0,No
100660,2026-01-23,1,Enero,4,Viernes,No,No,15:39,Tarde,San Antonio,Mostrador,Café caliente,Latte,L,1,11200,0,11200,Efectivo,Recurrente,45-54,5.9,,,30.0,No
100655,2026-01-23,1,Enero,4,Viernes,No,No,17:23,Tarde,San Antonio,Mostrador,Almuerzo,Bowl vegetariano,,2,22000,5,41800,Billetera digital,Fidelizado,18-24,2.9,4,,30.0,No
100648,2026-01-23,1,Enero,4,Viernes,No,No,17:26,Tarde,Granada,Mostrador,Panadería,Croissant,,2,6500,0,13000,Efectivo,Nuevo,55 o más,2.0,4,,30.0,No
100631,2026-01-23,1,Enero,4,Viernes,No,No,17:58,Tarde,Centro,Mostrador,Café caliente,Americano,M,1,5500,0,5500,Efectivo,Recurrente,25-34,6.5,,,30.0,No
100633,2026-01-23,1,Enero,4,Viernes,No,No,17:58,Tarde,Centro,Mostrador,Café caliente,Capuchino,M,3,8500,0,25500,Efectivo,Nuevo,45-54,1.8,,,30.0,No
100659,2026-01-23,1,Enero,4,Viernes,No,No,20:45,Noche,San Antonio,Mostrador,Panadería,Muffin,,1,7000,0,7000,Billetera digital,Recurrente,18-24,3.5,5,,30.0,No
100650,2026-01-23,1,Enero,4,Viernes,No,No,20:50,Noche,Granada,Mostrador,Snacks,Empanada,,1,3500,0,3500,Efectivo,Recurrente,18-24,1.6,3,Rico pero un poco demorado,30.0,No
100691,2026-01-24,1,Enero,4,Sábado,Sí,No,06:27,Mañana,Ciudad Jardín,Mostrador,Panadería,Pandebono,,3,2500,5,7100,Efectivo,Fidelizado,35-44,3.1,4,,27.9,No
100672,2026-01-24,1,Enero,4,Sábado,Sí,No,07:46,Mañana,Granada,Mostrador,Café caliente,Latte,S,1,7600,5,7200,Efectivo,Fidelizado,25-34,5.2,,,27.9,No
100668,2026-01-24,1,Enero,4,Sábado,Sí,No,08:41,Mañana,Centro,Mostrador,Bebida fría,Cold brew,M,2,10500,0,21000,Efectivo,Recurrente,45-54,1.7,,,27.9,No
100667,2026-01-24,1,Enero,4,Sábado,Sí,No,08:47,Mañana,Centro,Mostrador,Snacks,Empanada,,2,3500,0,7000,Tarjeta débito,Recurrente,35-44,2.7,,,27.9,No
100681,2026-01-24,1,Enero,4,Sábado,Sí,No,09:49,Mañana,Granada,Mostrador,Panadería,Pandebono,,2,2500,5,4800,Efectivo,Fidelizado,18-24,4.0,,,27.9,No
100688,2026-01-24,1,Enero,4,Sábado,Sí,No,10:08,Media mañana,San Antonio,Mostrador,Panadería,Pandebono,,2,2500,0,5000,Tarjeta crédito,Recurrente,45-54,5.3,,,27.9,No
100682,2026-01-24,1,Enero,4,Sábado,Sí,No,11:15,Media mañana,Granada,Mostrador,Snacks,Galletas,,1,4500,0,4500,Efectivo,Recurrente,55 o más,9.4,,,27.9,No
100690,2026-01-24,1,Enero,4,Sábado,Sí,No,11:20,Media mañana,Ciudad Jardín,Domicilio,Café caliente,Latte,L,3,11200,0,33600,Billetera digital,Recurrente,45-54,,,,27.9,No
100671,2026-01-24,1,Enero,4,Sábado,Sí,No,11:46,Media mañana,Centro,Mostrador,Panadería,Muffin,,1,7000,5,6600,Tarjeta débito,Fidelizado,35-44,2.2,5,Muy buen café,27.9,No
100673,2026-01-24,1,Enero,4,Sábado,Sí,No,11:50,Media mañana,Granada,Mostrador,Café caliente,Chocolate caliente,L,1,10000,0,10000,Billetera digital,Nuevo,25-34,9.2,,,27.9,No
100679,2026-01-24,1,Enero,4,Sábado,Sí,No,11:54,Media mañana,Granada,Mostrador,Café caliente,Tinto,M,1,3500,0,3500,Billetera digital,Nuevo,18-24,6.9,,,27.9,No
100689,2026-01-24,1,Enero,4,Sábado,Sí,No,12:05,Almuerzo,Ciudad Jardín,Mostrador,Almuerzo,Sándwich cubano,,2,21000,0,42000,Tarjeta débito,Recurrente,45-54,8.6,,,27.9,No
100685,2026-01-24,1,Enero,4,Sábado,Sí,No,12:25,Almuerzo,San Antonio,Mostrador,Almuerzo,Ensalada César,,1,19500,5,18500,Tarjeta débito,Fidelizado,25-34,15.4,,,27.9,No
100664,2026-01-24,1,Enero,4,Sábado,Sí,No,13:22,Almuerzo,Centro,Mostrador,Almuerzo,Ensalada César,,4,19500,0,78000,Efectivo,Recurrente,25-34,6.9,,,27.9,No
100687,2026-01-24,1,Enero,4,Sábado,Sí,No,13:41,Almuerzo,San Antonio,Mostrador,Almuerzo,Sándwich cubano,,1,21000,0,21000,Tarjeta crédito,Nuevo,25-34,3.9,,,27.9,No
100669,2026-01-24,1,Enero,4,Sábado,Sí,No,13:49,Almuerzo,Centro,Mostrador,Almuerzo,Ensalada César,,1,19500,0,19500,Tarjeta débito,Nuevo,35-44,5.1,5,,27.9,No
100686,2026-01-24,1,Enero,4,Sábado,Sí,No,14:20,Tarde,San Antonio,Mostrador,Bebida fría,Frappé de café,M,2,12500,0,25000,Billetera digital,Recurrente,18-24,2.0,4,,27.9,No
100670,2026-01-24,1,Enero,4,Sábado,Sí,No,14:50,Tarde,Centro,Mostrador,Café caliente,Americano,S,1,4700,0,4700,Tarjeta débito,Recurrente,18-24,2.9,,,27.9,No
100665,2026-01-24,1,Enero,4,Sábado,Sí,No,16:26,Tarde,Centro,Mostrador,Café caliente,Capuchino,S,1,7200,0,7200,Tarjeta débito,Recurrente,35-44,3.7,5,Muy buen café,27.9,No
100680,2026-01-24,1,Enero,4,Sábado,Sí,No,16:43,Tarde,Granada,Mostrador,Panadería,Buñuelo,,3,2200,5,6300,Billetera digital,Fidelizado,18-24,2.1,5,Volveré pronto,27.9,No
100678,2026-01-24,1,Enero,4,Sábado,Sí,No,16:47,Tarde,Granada,Mostrador,Almuerzo,Sándwich cubano,,2,21000,5,39900,Tarjeta débito,Fidelizado,18-24,1.9,5,El pandebono estaba recién hecho,27.9,No
100683,2026-01-24,1,Enero,4,Sábado,Sí,No,17:47,Tarde,Granada,Mostrador,Snacks,Empanada,,1,3500,0,3500,Billetera digital,Recurrente,25-34,2.8,4,,27.9,No
100675,2026-01-24,1,Enero,4,Sábado,Sí,No,18:46,Noche,Granada,Mostrador,Panadería,Torta de zanahoria,,2,9000,0,18000,Efectivo,Nuevo,18-24,3.3,,,27.9,No
100676,2026-01-24,1,Enero,4,Sábado,Sí,No,19:29,Noche,Granada,Mostrador,Bebida fría,Frappé de café,S,1,10600,0,10600,Billetera digital,Nuevo,25-34,2.6,,,27.9,No
100684,2026-01-24,1,Enero,4,Sábado,Sí,No,20:01,Noche,San Antonio,Mostrador,Panadería,Buñuelo,,1,2200,0,2200,Tarjeta crédito,Recurrente,45-54,3.5,,,27.9,No
100677,2026-01-24,1,Enero,4,Sábado,Sí,No,20:26,Noche,Granada,Mostrador,Snacks,Empanada,,1,3500,5,3300,Billetera digital,Fidelizado,25-34,2.8,,,27.9,No
100666,2026-01-24,1,Enero,4,Sábado,Sí,No,20:27,Noche,Centro,Domicilio,Almuerzo,Ensalada César,,1,19500,0,19500,Billetera digital,Recurrente,35-44,,,,27.9,No
100674,2026-01-24,1,Enero,4,Sábado,Sí,No,20:47,Noche,Granada,Mostrador,Almuerzo,Wrap de pollo,,2,18500,0,37000,Tarjeta crédito,Nuevo,25-34,1.9,,,27.9,No
100701,2026-01-25,1,Enero,4,Domingo,Sí,No,06:19,Mañana,San Antonio,Domicilio,Café caliente,Capuchino,L,2,10600,0,21200,Tarjeta débito,Recurrente,25-34,,3,Rico pero un poco demorado,33.4,No
100704,2026-01-25,1,Enero,4,Domingo,Sí,No,07:05,Mañana,Ciudad Jardín,Domicilio,Panadería,Buñuelo,,2,2200,5,4200,Tarjeta crédito,Fidelizado,35-44,,5,,33.4,No
100703,2026-01-25,1,Enero,4,Domingo,Sí,No,07:37,Mañana,Ciudad Jardín,Domicilio,Panadería,Muffin,,1,7000,0,7000,Tarjeta débito,Nuevo,35-44,,,,33.4,No
100694,2026-01-25,1,Enero,4,Domingo,Sí,No,07:46,Mañana,Granada,Mostrador,Panadería,Muffin,,1,7000,0,7000,Efectivo,Recurrente,25-34,3.5,4,,33.4,No
100705,2026-01-25,1,Enero,4,Domingo,Sí,No,09:16,Mañana,Ciudad Jardín,Domicilio,Panadería,Buñuelo,,2,2200,5,4200,Tarjeta crédito,Fidelizado,45-54,,5,,33.4,No
100699,2026-01-25,1,Enero,4,Domingo,Sí,No,10:02,Media mañana,San Antonio,Mostrador,Panadería,Pandebono,,1,2500,0,2500,Efectivo,Nuevo,25-34,6.2,,,33.4,No
100711,2026-01-25,1,Enero,4,Domingo,Sí,No,10:31,Media mañana,Ciudad Jardín,Mostrador,Almuerzo,Bowl vegetariano,,1,22000,0,22000,Efectivo,Nuevo,35-44,4.8,,,33.4,No
100707,2026-01-25,1,Enero,4,Domingo,Sí,No,10:39,Media mañana,Ciudad Jardín,Mostrador,Bebida fría,Frappé de café,S,2,10600,5,20100,Tarjeta crédito,Fidelizado,25-34,1.6,,,33.4,No
100693,2026-01-25,1,Enero,4,Domingo,Sí,No,12:35,Almuerzo,Granada,Mostrador,Bebida fría,Té helado,M,2,7500,0,15000,Tarjeta crédito,Recurrente,25-34,5.9,5,,33.4,No
100698,2026-01-25,1,Enero,4,Domingo,Sí,No,12:44,Almuerzo,Granada,Mostrador,Almuerzo,Ensalada César,,3,19500,0,58500,Efectivo,Recurrente,55 o más,7.2,,,33.4,No
100692,2026-01-25,1,Enero,4,Domingo,Sí,No,13:23,Almuerzo,Granada,Mostrador,Almuerzo,Ensalada César,,2,19500,0,39000,Efectivo,Nuevo,45-54,11.7,,,33.4,No
100708,2026-01-25,1,Enero,4,Domingo,Sí,No,13:25,Almuerzo,Ciudad Jardín,Mostrador,Snacks,Galletas,,2,4500,5,8600,Billetera digital,Fidelizado,25-34,6.0,,,33.4,No
100710,2026-01-25,1,Enero,4,Domingo,Sí,No,13:25,Almuerzo,Ciudad Jardín,Mostrador,Bebida fría,Limonada de coco,L,3,13800,0,41400,Efectivo,Recurrente,25-34,4.8,5,,33.4,No
100709,2026-01-25,1,Enero,4,Domingo,Sí,No,13:32,Almuerzo,Ciudad Jardín,Mostrador,Almuerzo,Wrap de pollo,,2,18500,0,37000,Efectivo,Recurrente,35-44,5.0,,,33.4,No
100700,2026-01-25,1,Enero,4,Domingo,Sí,No,15:03,Tarde,San Antonio,Mostrador,Bebida fría,Limonada de coco,S,1,9400,0,9400,Tarjeta crédito,Recurrente,18-24,3.7,,,33.4,No
100713,2026-01-25,1,Enero,4,Domingo,Sí,No,15:46,Tarde,Ciudad Jardín,Mostrador,Panadería,Buñuelo,,1,2200,0,2200,Tarjeta débito,Nuevo,45-54,2.4,,,33.4,No
100702,2026-01-25,1,Enero,4,Domingo,Sí,No,17:56,Tarde,San Antonio,Mostrador,Bebida fría,Limonada de coco,M,2,11000,0,22000,Tarjeta crédito,Recurrente,25-34,4.9,4,Me encanta el ambiente,33.4,No
100697,2026-01-25,1,Enero,4,Domingo,Sí,No,18:40,Noche,Granada,Mostrador,Bebida fría,Cold brew,M,1,10500,0,10500,Billetera digital,Recurrente,25-34,2.2,5,,33.4,No
100695,2026-01-25,1,Enero,4,Domingo,Sí,No,18:48,Noche,Granada,Mostrador,Almuerzo,Bowl vegetariano,,2,22000,0,44000,Efectivo,Recurrente,45-54,4.7,5,,33.4,No
100706,2026-01-25,1,Enero,4,Domingo,Sí,No,20:07,Noche,Ciudad Jardín,Mostrador,Bebida fría,Frappé de café,M,1,12500,0,12500,Tarjeta débito,Recurrente,35-44,3.7,,,33.4,No
100696,2026-01-25,1,Enero,4,Domingo,Sí,No,20:16,Noche,Granada,Mostrador,Snacks,Galletas,,1,4500,0,4500,Efectivo,Recurrente,45-54,4.0,5,Volveré pronto,33.4,No
100712,2026-01-25,1,Enero,4,Domingo,Sí,No,20:48,Noche,Ciudad Jardín,Mostrador,Bebida fría,Frappé de café,L,3,15600,0,46800,Tarjeta crédito,Recurrente,45-54,2.2,3,,33.4,No
100716,2026-01-26,1,Enero,5,Lunes,No,No,06:59,Mañana,Centro,Mostrador,Panadería,Pandebono,,3,2500,0,7500,Efectivo,Recurrente,35-44,10.4,3,,30.2,No
100719,2026-01-26,1,Enero,5,Lunes,No,No,07:57,Mañana,Centro,Mostrador,Panadería,Muffin,,1,7000,5,6600,Efectivo,Fidelizado,Menos de 18,13.5,2,,30.2,No
100717,2026-01-26,1,Enero,5,Lunes,No,No,08:05,Mañana,Centro,Mostrador,Café caliente,Capuchino,M,1,8500,5,8100,Tarjeta débito,Fidelizado,25-34,15.2,,,30.2,No
100733,2026-01-26,1,Enero,5,Lunes,No,No,09:17,Mañana,San Antonio,Mostrador,Panadería,Pandebono,,1,2500,0,2500,Billetera digital,Nuevo,25-34,3.4,4,Bueno,30.2,No
100715,2026-01-26,1,Enero,5,Lunes,No,No,09:28,Mañana,Centro,Mostrador,Panadería,Pandebono,,1,2500,0,2500,Billetera digital,Recurrente,35-44,2.6,,,30.2,No
100714,2026-01-26,1,Enero,5,Lunes,No,No,09:56,Mañana,Centro,Mostrador,Panadería,Muffin,,1,7000,0,7000,Tarjeta débito,Nuevo,18-24,4.8,,,30.2,No
100731,2026-01-26,1,Enero,5,Lunes,No,No,10:52,Media mañana,San Antonio,Mostrador,Panadería,Buñuelo,,1,2200,0,2200,Tarjeta débito,Recurrente,18-24,1.8,4,,30.2,No
100718,2026-01-26,1,Enero,5,Lunes,No,No,11:27,Media mañana,Centro,Mostrador,Panadería,Pandebono,,1,2500,5,2400,Tarjeta crédito,Fidelizado,35-44,2.1,,,30.2,No
100738,2026-01-26,1,Enero,5,Lunes,No,No,11:28,Media mañana,Ciudad Jardín,Mostrador,Bebida fría,Cold brew,L,2,13100,0,26200,Efectivo,Recurrente,25-34,4.4,4,,30.2,No
100726,2026-01-26,1,Enero,5,Lunes,No,No,12:14,Almuerzo,Granada,Mostrador,Almuerzo,Wrap de pollo,,1,18500,5,17600,Efectivo,Fidelizado,18-24,9.5,4,,30.2,No
100732,2026-01-26,1,Enero,5,Lunes,No,No,12:50,Almuerzo,San Antonio,Mostrador,Bebida fría,Limonada de coco,S,4,9400,0,37600,Efectivo,Recurrente,25-34,5.3,4,,30.2,No
100734,2026-01-26,1,Enero,5,Lunes,No,No,13:43,Almuerzo,San Antonio,Mostrador,Bebida fría,Jugo natural,L,1,10600,5,10100,Efectivo,Fidelizado,Menos de 18,6.8,,,30.2,No
100729,2026-01-26,1,Enero,5,Lunes,No,No,14:09,Tarde,San Antonio,Mostrador,Panadería,Buñuelo,,1,2200,0,2200,Tarjeta débito,Nuevo,18-24,1.8,,,30.2,No
100722,2026-01-26,1,Enero,5,Lunes,No,No,15:07,Tarde,Centro,Mostrador,Bebida fría,Cold brew,S,4,8900,5,33800,Efectivo,Fidelizado,18-24,3.8,5,Rápido y amable,30.2,No
100721,2026-01-26,1,Enero,5,Lunes,No,No,15:23,Tarde,Centro,Mostrador,Bebida fría,Limonada de coco,S,2,9400,5,17900,Tarjeta crédito,Fidelizado,25-34,1.9,5,,30.2,No
100730,2026-01-26,1,Enero,5,Lunes,No,No,15:47,Tarde,San Antonio,Mostrador,Café caliente,Tinto,M,1,3500,0,3500,Tarjeta crédito,Nuevo,25-34,2.5,,,30.2,No
100720,2026-01-26,1,Enero,5,Lunes,No,No,17:01,Tarde,Centro,Mostrador,Bebida fría,Té helado,M,1,7500,0,7500,Tarjeta crédito,Recurrente,25-34,1.6,,,30.2,No
100724,2026-01-26,1,Enero,5,Lunes,No,No,17:05,Tarde,Granada,Mostrador,Bebida fría,Jugo natural,M,1,8500,0,8500,Billetera digital,Nuevo,35-44,1.7,,,30.2,No
100723,2026-01-26,1,Enero,5,Lunes,No,No,18:09,Noche,Centro,Mostrador,Snacks,Galletas,,1,4500,0,4500,Tarjeta crédito,Nuevo,18-24,5.3,,,30.2,No
100728,2026-01-26,1,Enero,5,Lunes,No,No,18:43,Noche,Granada,Domicilio,Panadería,Buñuelo,,1,2200,0,2200,Tarjeta crédito,Recurrente,25-34,,,,30.2,No
100727,2026-01-26,1,Enero,5,Lunes,No,No,18:52,Noche,Granada,Mostrador,Bebida fría,Té helado,L,1,9400,0,9400,Billetera digital,Recurrente,45-54,2.3,,,30.2,No
100735,2026-01-26,1,Enero,5,Lunes,No,No,19:03,Noche,San Antonio,Mostrador,Café caliente,Mocaccino,M,1,9500,0,9500,Billetera digital,Nuevo,18-24,5.6,5,Volveré pronto,30.2,No
100725,2026-01-26,1,Enero,5,Lunes,No,No,19:25,Noche,Granada,Mostrador,Café caliente,Latte,S,2,7600,0,15200,Billetera digital,Recurrente,Menos de 18,3.8,5,,30.2,No
100736,2026-01-26,1,Enero,5,Lunes,No,No,20:03,Noche,San Antonio,Mostrador,Snacks,Galletas,,1,4500,0,4500,Efectivo,Nuevo,25-34,4.9,4,Volveré pronto,30.2,No
100737,2026-01-26,1,Enero,5,Lunes,No,No,20:17,Noche,Ciudad Jardín,Mostrador,Café caliente,Latte,L,3,11200,5,31900,Tarjeta débito,Fidelizado,35-44,5.4,,,30.2,No
100741,2026-01-27,1,Enero,5,Martes,No,No,06:15,Mañana,Centro,Mostrador,Café caliente,Tinto,M,2,3500,0,7000,Billetera digital,Nuevo,25-34,5.2,3,,30.4,No
100765,2026-01-27,1,Enero,5,Martes,No,No,06:15,Mañana,San Antonio,Mostrador,Café caliente,Tinto,M,1,3500,0,3500,Tarjeta crédito,Recurrente,Menos de 18,3.7,,,30.4,No
100767,2026-01-27,1,Enero,5,Martes,No,No,06:17,Mañana,Ciudad Jardín,Mostrador,Panadería,Muffin,,3,7000,0,21000,Tarjeta crédito,Recurrente,45-54,12.5,,,30.4,No
100768,2026-01-27,1,Enero,5,Martes,No,No,07:58,Mañana,Ciudad Jardín,Mostrador,Café caliente,Mocaccino,M,2,9500,0,19000,Tarjeta crédito,Recurrente,45-54,6.0,4,,30.4,No
100745,2026-01-27,1,Enero,5,Martes,No,No,08:25,Mañana,Centro,Mostrador,Snacks,Empanada,,1,3500,0,3500,Billetera digital,Nuevo,35-44,11.9,4,Aceptable,30.4,No
100760,2026-01-27,1,Enero,5,Martes,No,No,08:44,Mañana,San Antonio,Mostrador,Panadería,Buñuelo,,2,2200,5,4200,Tarjeta débito,Fidelizado,35-44,7.2,,,30.4,No
100755,2026-01-27,1,Enero,5,Martes,No,No,09:06,Mañana,Granada,Mostrador,Café caliente,Tinto,M,1,3500,0,3500,Tarjeta débito,Nuevo,35-44,3.2,4,,30.4,No
100740,2026-01-27,1,Enero,5,Martes,No,No,09:25,Mañana,Centro,Mostrador,Bebida fría,Frappé de café,M,1,12500,0,12500,Billetera digital,Recurrente,18-24,7.4,,,30.4,No
100751,2026-01-27,1,Enero,5,Martes,No,No,09:26,Mañana,Granada,Mostrador,Café caliente,Tinto,M,4,3500,5,13300,Tarjeta débito,Fidelizado,18-24,2.5,,,30.4,No
100749,2026-01-27,1,Enero,5,Martes,No,No,09:45,Mañana,Centro,Mostrador,Café caliente,Tinto,M,1,3500,0,3500,Efectivo,Nuevo,18-24,12.5,,,30.4,No
100764,2026-01-27,1,Enero,5,Martes,No,No,09:47,Mañana,San Antonio,Mostrador,Café caliente,Latte,M,1,9000,0,9000,Efectivo,Recurrente,25-34,6.2,,,30.4,No
100748,2026-01-27,1,Enero,5,Martes,No,No,10:23,Media mañana,Centro,Mostrador,Bebida fría,Limonada de coco,M,1,11000,0,11000,Tarjeta débito,Recurrente,25-34,2.4,,,30.4,No
100769,2026-01-27,1,Enero,5,Martes,No,No,10:46,Media mañana,Ciudad Jardín,Mostrador,Café caliente,Americano,M,2,5500,5,10400,Efectivo,Fidelizado,18-24,3.3,,,30.4,No
100763,2026-01-27,1,Enero,5,Martes,No,No,11:07,Media mañana,San Antonio,Domicilio,Panadería,Pandebono,,3,2500,0,7500,Efectivo,Nuevo,18-24,,,,30.4,No
100759,2026-01-27,1,Enero,5,Martes,No,No,11:12,Media mañana,San Antonio,Mostrador,Bebida fría,Limonada de coco,L,2,13800,0,27600,Efectivo,Nuevo,18-24,4.1,,,30.4,No
100752,2026-01-27,1,Enero,5,Martes,No,No,12:33,Almuerzo,Granada,Mostrador,Bebida fría,Té helado,M,1,7500,0,7500,Tarjeta crédito,Nuevo,45-54,8.9,2,,30.4,No
100746,2026-01-27,1,Enero,5,Martes,No,No,13:04,Almuerzo,Centro,Mostrador,Almuerzo,Bowl vegetariano,,1,22000,0,22000,Tarjeta débito,Nuevo,18-24,10.2,,,30.4,No
100739,2026-01-27,1,Enero,5,Martes,No,No,13:09,Almuerzo,Centro,Mostrador,Snacks,Empanada,,1,3500,0,3500,Tarjeta débito,Nuevo,35-44,10.5,4,,30.4,No
100750,2026-01-27,1,Enero,5,Martes,No,No,13:13,Almuerzo,Granada,Mostrador,Almuerzo,Ensalada César,,1,19500,0,19500,Billetera digital,Nuevo,35-44,5.1,3,,30.4,No
100758,2026-01-27,1,Enero,5,Martes,No,No,13:30,Almuerzo,Granada,Mostrador,Bebida fría,Frappé de café,L,1,15600,0,15600,Tarjeta crédito,Nuevo,45-54,3.4,4,,30.4,No
100753,2026-01-27,1,Enero,5,Martes,No,No,14:59,Tarde,Granada,Mostrador,Café caliente,Mocaccino,L,2,11900,0,23800,Tarjeta crédito,Recurrente,18-24,3.2,,,30.4,No
100756,2026-01-27,1,Enero,5,Martes,No,No,16:06,Tarde,Granada,Mostrador,Bebida fría,Cold brew,M,3,10500,0,31500,Billetera digital,Recurrente,18-24,2.1,4,,30.4,No
100762,2026-01-27,1,Enero,5,Martes,No,No,16:07,Tarde,San Antonio,Mostrador,Bebida fría,Limonada de coco,M,1,11000,0,11000,Tarjeta débito,Recurrente,18-24,5.9,5,Buen precio por el tamaño,30.4,No
100766,2026-01-27,1,Enero,5,Martes,No,No,16:46,Tarde,San Antonio,Mostrador,Panadería,Pandebono,,4,2500,0,10000,Efectivo,Nuevo,25-34,1.9,4,Normal,30.4,No
100747,2026-01-27,1,Enero,5,Martes,No,No,17:12,Tarde,Centro,Mostrador,Bebida fría,Cold brew,S,2,8900,5,16900,Tarjeta débito,Fidelizado,35-44,2.3,,,30.4,No
100743,2026-01-27,1,Enero,5,Martes,No,No,17:30,Tarde,Centro,Mostrador,Panadería,Torta de zanahoria,,4,9000,0,36000,Billetera digital,Recurrente,35-44,1.1,,,30.4,No
100761,2026-01-27,1,Enero,5,Martes,No,No,19:19,Noche,San Antonio,Mostrador,Panadería,Croissant,,1,6500,0,6500,Billetera digital,Recurrente,25-34,4.7,,,30.4,No
100754,2026-01-27,1,Enero,5,Martes,No,No,19:37,Noche,Granada,Mostrador,Bebida fría,Té helado,M,2,7500,5,14200,Billetera digital,Fidelizado,35-44,3.2,5,,30.4,No
100742,2026-01-27,1,Enero,5,Martes,No,No,20:16,Noche,Centro,Mostrador,Panadería,Muffin,,1,7000,0,7000,Tarjeta débito,Recurrente,35-44,3.5,,,30.4,No
100757,2026-01-27,1,Enero,5,Martes,No,No,20:24,Noche,Granada,Mostrador,Bebida fría,Limonada de coco,S,1,9400,5,8900,Efectivo,Fidelizado,55 o más,3.3,5,Volveré pronto,30.4,No
100744,2026-01-27,1,Enero,5,Martes,No,No,20:51,Noche,Centro,Mostrador,Bebida fría,Limonada de coco,M,1,11000,0,11000,Billetera digital,Nuevo,35-44,5.4,4,Normal,30.4,No
100770,2026-01-28,1,Enero,5,Miércoles,No,No,07:10,Mañana,Centro,Mostrador,Panadería,Buñuelo,,3,2200,0,6600,Billetera digital,Recurrente,25-34,4.3,,,29.0,No
100772,2026-01-28,1,Enero,5,Miércoles,No,No,07:51,Mañana,Centro,Mostrador,Snacks,Empanada,,1,3500,0,3500,Tarjeta débito,Recurrente,25-34,10.9,,,29.0,No
100778,2026-01-28,1,Enero,5,Miércoles,No,No,07:55,Mañana,Centro,Mostrador,Café caliente,Tinto,L,1,4400,0,4400,Billetera digital,Nuevo,35-44,5.7,,,29.0,No
100797,2026-01-28,1,Enero,5,Miércoles,No,No,08:50,Mañana,Ciudad Jardín,Mostrador,Café caliente,Tinto,M,1,3500,5,3300,Tarjeta crédito,Fidelizado,35-44,3.1,4,Muy buen café,29.0,No
100783,2026-01-28,1,Enero,5,Miércoles,No,No,09:35,Mañana,Granada,Domicilio,Panadería,Croissant,,1,6500,0,6500,Tarjeta débito,Recurrente,35-44,,,,29.0,No
100782,2026-01-28,1,Enero,5,Miércoles,No,No,09:36,Mañana,Granada,Mostrador,Snacks,Barra de granola,,2,5500,5,10400,Tarjeta débito,Fidelizado,18-24,2.6,4,,29.0,No
100775,2026-01-28,1,Enero,5,Miércoles,No,No,09:55,Mañana,Centro,Mostrador,Bebida fría,Frappé de café,S,2,10600,0,21200,Billetera digital,Recurrente,25-34,8.1,,,29.0,No
100796,2026-01-28,1,Enero,5,Miércoles,No,No,10:37,Media mañana,Ciudad Jardín,Mostrador,Almuerzo,Wrap de pollo,,4,18500,5,70300,Tarjeta débito,Fidelizado,35-44,3.5,,,29.0,No
100779,2026-01-28,1,Enero,5,Miércoles,No,No,11:08,Media mañana,Centro,Mostrador,Bebida fría,Té helado,L,1,9400,0,9400,Billetera digital,Recurrente,Menos de 18,1.7,5,,29.0,No
100795,2026-01-28,1,Enero,5,Miércoles,No,No,11:17,Media mañana,Ciudad Jardín,Mostrador,Café caliente,Capuchino,S,2,7200,0,14400,Efectivo,Recurrente,35-44,3.4,,,29.0,No
100793,2026-01-28,1,Enero,5,Miércoles,No,No,11:29,Media mañana,San Antonio,Mostrador,Almuerzo,Wrap de pollo,,2,18500,0,37000,Tarjeta crédito,Recurrente,Menos de 18,2.2,5,,29.0,No
100799,2026-01-28,1,Enero,5,Miércoles,No,No,11:34,Media mañana,Ciudad Jardín,Mostrador,Panadería,Pandebono,,3,2500,5,7100,Tarjeta débito,Fidelizado,35-44,2.9,,,29.0,No
100780,2026-01-28,1,Enero,5,Miércoles,No,No,11:36,Media mañana,Centro,Mostrador,Café caliente,Tinto,L,1,4400,0,4400,Tarjeta crédito,Nuevo,25-34,2.7,,,29.0,No
100798,2026-01-28,1,Enero,5,Miércoles,No,No,11:45,Media mañana,Ciudad Jardín,Mostrador,Bebida fría,Té helado,S,1,6400,5,6100,Efectivo,Fidelizado,25-34,3.1,5,,29.0,No
100773,2026-01-28,1,Enero,5,Miércoles,No,No,12:03,Almuerzo,Centro,Mostrador,Bebida fría,Frappé de café,S,2,10600,5,20100,Efectivo,Fidelizado,18-24,8.1,,,29.0,No
100771,2026-01-28,1,Enero,5,Miércoles,No,No,12:18,Almuerzo,Centro,Mostrador,Bebida fría,Frappé de café,M,1,12500,0,12500,Billetera digital,Nuevo,18-24,9.3,,,29.0,No
100786,2026-01-28,1,Enero,5,Miércoles,No,No,12:26,Almuerzo,San Antonio,Mostrador,Panadería,Pandebono,,2,2500,5,4800,Billetera digital,Fidelizado,Menos de 18,6.6,,,29.0,No
100777,2026-01-28,1,Enero,5,Miércoles,No,No,12:34,Almuerzo,Centro,Mostrador,Almuerzo,Sándwich cubano,,2,21000,5,39900,Efectivo,Fidelizado,18-24,29.6,1,,29.0,No
100787,2026-01-28,1,Enero,5,Miércoles,No,No,12:41,Almuerzo,San Antonio,Domicilio,Almuerzo,Wrap de pollo,,3,18500,0,55500,Tarjeta débito,Recurrente,Menos de 18,,,,29.0,No
100784,2026-01-28,1,Enero,5,Miércoles,No,No,13:13,Almuerzo,Granada,Mostrador,Almuerzo,Ensalada César,,1,19500,0,19500,Tarjeta crédito,Recurrente,18-24,5.4,,,29.0,No
100781,2026-01-28,1,Enero,5,Miércoles,No,No,14:19,Tarde,Centro,Mostrador,Café caliente,Chocolate caliente,L,1,10000,0,10000,Tarjeta débito,Recurrente,25-34,2.7,5,,29.0,No
100794,2026-01-28,1,Enero,5,Miércoles,No,No,14:49,Tarde,San Antonio,Mostrador,Panadería,Buñuelo,,2,2200,0,4400,Billetera digital,Nuevo,35-44,2.6,4,Rico pero un poco demorado,29.0,No
100774,2026-01-28,1,Enero,5,Miércoles,No,No,16:00,Tarde,Centro,Mostrador,Panadería,Muffin,,3,7000,5,20000,Efectivo,Fidelizado,45-54,3.9,,,29.0,No
100776,2026-01-28,1,Enero,5,Miércoles,No,No,16:30,Tarde,Centro,Mostrador,Bebida fría,Frappé de café,M,2,12500,5,23800,Efectivo,Fidelizado,18-24,4.6,,,29.0,No
100791,2026-01-28,1,Enero,5,Miércoles,No,No,16:34,Tarde,San Antonio,Mostrador,Panadería,Pandebono,,2,2500,5,4800,Tarjeta crédito,Fidelizado,18-24,2.3,,,29.0,No
100789,2026-01-28,1,Enero,5,Miércoles,No,No,17:01,Tarde,San Antonio,Mostrador,Bebida fría,Té helado,M,2,7500,0,15000,Tarjeta débito,Recurrente,25-34,9.5,,,29.0,No
100788,2026-01-28,1,Enero,5,Miércoles,No,No,17:25,Tarde,San Antonio,Mostrador,Snacks,Galletas,,1,4500,0,4500,Efectivo,Nuevo,25-34,5.0,,,29.0,No
100792,2026-01-28,1,Enero,5,Miércoles,No,No,18:47,Noche,San Antonio,Domicilio,Almuerzo,Ensalada César,,2,19500,0,39000,Tarjeta débito,Recurrente,18-24,,,,29.0,No
100790,2026-01-28,1,Enero,5,Miércoles,No,No,19:12,Noche,San Antonio,Mostrador,Café caliente,Tinto,S,3,3000,0,9000,Efectivo,Nuevo,25-34,2.7,,,29.0,No
100785,2026-01-28,1,Enero,5,Miércoles,No,No,20:41,Noche,Granada,Mostrador,Bebida fría,Cold brew,L,2,13100,5,24900,Billetera digital,Fidelizado,18-24,2.7,,,29.0,No
100806,2026-01-29,1,Enero,5,Jueves,No,No,06:31,Mañana,Centro,Mostrador,Panadería,Pandebono,,2,2500,0,5000,Tarjeta crédito,Nuevo,25-34,3.2,,,29.4,No
100813,2026-01-29,1,Enero,5,Jueves,No,No,06:46,Mañana,San Antonio,Mostrador,Café caliente,Tinto,M,1,3500,5,3300,Tarjeta débito,Fidelizado,18-24,1.7,5,,29.4,No
100805,2026-01-29,1,Enero,5,Jueves,No,No,07:44,Mañana,Centro,Domicilio,Panadería,Buñuelo,,2,2200,0,4400,Tarjeta débito,Nuevo,25-34,,,,29.4,No
100818,2026-01-29,1,Enero,5,Jueves,No,No,08:44,Mañana,Ciudad Jardín,Mostrador,Café caliente,Tinto,M,2,3500,0,7000,Tarjeta crédito,Recurrente,35-44,2.4,,,29.4,No
100812,2026-01-29,1,Enero,5,Jueves,No,No,09:00,Mañana,San Antonio,Mostrador,Bebida fría,Frappé de café,L,1,15600,0,15600,Tarjeta débito,Recurrente,18-24,7.4,,,29.4,No
100815,2026-01-29,1,Enero,5,Jueves,No,No,10:29,Media mañana,San Antonio,Mostrador,Panadería,Croissant,,3,6500,5,18500,Efectivo,Fidelizado,18-24,1.6,,,29.4,No
100814,2026-01-29,1,Enero,5,Jueves,No,No,11:15,Media mañana,San Antonio,Mostrador,Panadería,Buñuelo,,1,2200,0,2200,Tarjeta débito,Recurrente,18-24,3.0,3,Normal,29.4,No
100800,2026-01-29,1,Enero,5,Jueves,No,No,11:57,Media mañana,Centro,Mostrador,Panadería,Pandebono,,2,2500,5,4800,Billetera digital,Fidelizado,25-34,3.6,4,,29.4,No
100808,2026-01-29,1,Enero,5,Jueves,No,No,12:00,Almuerzo,Granada,Mostrador,Panadería,Pandebono,,1,2500,5,2400,Billetera digital,Fidelizado,25-34,9.3,3,Rico pero un poco demorado,29.4,No
100807,2026-01-29,1,Enero,5,Jueves,No,No,12:32,Almuerzo,Centro,Mostrador,Panadería,Pandebono,,2,2500,5,4800,Tarjeta débito,Fidelizado,25-34,7.9,,,29.4,No
100803,2026-01-29,1,Enero,5,Jueves,No,No,12:53,Almuerzo,Centro,Domicilio,Almuerzo,Bowl vegetariano,,1,22000,0,22000,Tarjeta crédito,Recurrente,45-54,,5,Rápido y amable,29.4,No
100801,2026-01-29,1,Enero,5,Jueves,No,No,13:05,Almuerzo,Centro,Mostrador,Almuerzo,Sándwich cubano,,2,21000,0,42000,Tarjeta crédito,Recurrente,18-24,11.7,,,29.4,No
100816,2026-01-29,1,Enero,5,Jueves,No,No,13:17,Almuerzo,San Antonio,Mostrador,Panadería,Torta de zanahoria,,3,9000,0,27000,Efectivo,Recurrente,25-34,11.3,5,,29.4,No
100802,2026-01-29,1,Enero,5,Jueves,No,No,13:28,Almuerzo,Centro,Mostrador,Almuerzo,Wrap de pollo,,1,18500,0,18500,Billetera digital,Recurrente,18-24,8.6,,,29.4,No
100804,2026-01-29,1,Enero,5,Jueves,No,No,13:34,Almuerzo,Centro,Domicilio,Bebida fría,Limonada de coco,M,1,11000,5,10400,Tarjeta débito,Fidelizado,18-24,,,,29.4,No
100817,2026-01-29,1,Enero,5,Jueves,No,No,15:56,Tarde,San Antonio,Mostrador,Panadería,Pandebono,,2,2500,0,5000,Tarjeta débito,Nuevo,45-54,2.5,,,29.4,No
100809,2026-01-29,1,Enero,5,Jueves,No,No,18:45,Noche,Granada,Mostrador,Snacks,Galletas,,1,4500,5,4300,Tarjeta débito,Fidelizado,18-24,2.0,4,,29.4,No
100810,2026-01-29,1,Enero,5,Jueves,No,No,19:24,Noche,San Antonio,Domicilio,Panadería,Buñuelo,,1,2200,0,2200,Efectivo,Recurrente,45-54,,4,Volveré pronto,29.4,No
100811,2026-01-29,1,Enero,5,Jueves,No,No,20:25,Noche,San Antonio,Mostrador,Snacks,Papas de paquete,,1,5000,0,5000,Billetera digital,Recurrente,25-34,3.3,,,29.4,No
100820,2026-01-30,1,Enero,5,Viernes,No,No,06:37,Mañana,Centro,Mostrador,Snacks,Empanada,,1,3500,0,3500,Tarjeta débito,Recurrente,25-34,7.2,,,28.2,No
100825,2026-01-30,1,Enero,5,Viernes,No,No,06:40,Mañana,Centro,Mostrador,Café caliente,Tinto,M,3,3500,0,10500,Tarjeta débito,Recurrente,45-54,6.6,,,28.2,No
100833,2026-01-30,1,Enero,5,Viernes,No,No,06:45,Mañana,Centro,Mostrador,Café caliente,Chocolate caliente,M,3,8000,0,24000,Tarjeta débito,Recurrente,45-54,5.2,,,28.2,No
100850,2026-01-30,1,Enero,5,Viernes,No,No,06:57,Mañana,Ciudad Jardín,Mostrador,Snacks,Empanada,,3,3500,5,10000,Efectivo,Fidelizado,55 o más,5.3,4,Buen precio por el tamaño,28.2,No
100853,2026-01-30,1,Enero,5,Viernes,No,No,07:21,Mañana,Ciudad Jardín,Domicilio,Snacks,Papas de paquete,,1,5000,0,5000,Efectivo,Nuevo,25-34,,4,,28.2,No
100841,2026-01-30,1,Enero,5,Viernes,No,No,07:38,Mañana,San Antonio,Mostrador,Bebida fría,Té helado,S,2,6400,0,12800,Tarjeta débito,Nuevo,35-44,2.7,,,28.2,No
100823,2026-01-30,1,Enero,5,Viernes,No,No,08:05,Mañana,Centro,Mostrador,Café caliente,Latte,M,2,9000,0,18000,Efectivo,Nuevo,25-34,9.1,,,28.2,No
100835,2026-01-30,1,Enero,5,Viernes,No,No,08:06,Mañana,Granada,Mostrador,Café caliente,Tinto,L,1,4400,0,4400,Tarjeta crédito,Nuevo,18-24,4.0,,,28.2,No
100851,2026-01-30,1,Enero,5,Viernes,No,No,08:40,Mañana,Ciudad Jardín,Domicilio,Café caliente,Chocolate caliente,M,2,8000,5,15200,Tarjeta crédito,Fidelizado,55 o más,,5,,28.2,No
100847,2026-01-30,1,Enero,5,Viernes,No,No,10:03,Media mañana,Ciudad Jardín,Mostrador,Snacks,Empanada,,4,3500,5,13300,Tarjeta crédito,Fidelizado,Menos de 18,2.8,4,El pandebono estaba recién hecho,28.2,No
100845,2026-01-30,1,Enero,5,Viernes,No,No,10:20,Media mañana,Ciudad Jardín,Mostrador,Café caliente,Tinto,S,1,3000,5,2800,Efectivo,Fidelizado,35-44,3.2,5,Rápido y amable,28.2,No
100846,2026-01-30,1,Enero,5,Viernes,No,No,10:42,Media mañana,Ciudad Jardín,Mostrador,Bebida fría,Cold brew,S,3,8900,5,25400,Billetera digital,Fidelizado,25-34,2.5,5,Volveré pronto,28.2,No
100826,2026-01-30,1,Enero,5,Viernes,No,No,10:47,Media mañana,Centro,Mostrador,Café caliente,Tinto,M,1,3500,0,3500,Efectivo,Nuevo,18-24,5.0,,,28.2,No
100848,2026-01-30,1,Enero,5,Viernes,No,No,11:16,Media mañana,Ciudad Jardín,Mostrador,Café caliente,Tinto,S,1,3000,0,3000,Efectivo,Nuevo,45-54,1.4,,,28.2,No
100832,2026-01-30,1,Enero,5,Viernes,No,No,12:04,Almuerzo,Centro,Mostrador,Almuerzo,Wrap de pollo,,1,18500,5,17600,Efectivo,Fidelizado,25-34,11.7,,,28.2,No
100854,2026-01-30,1,Enero,5,Viernes,No,No,12:09,Almuerzo,Ciudad Jardín,Mostrador,Almuerzo,Ensalada César,,3,19500,5,55600,Tarjeta débito,Fidelizado,25-34,12.0,4,Volveré pronto,28.2,No
100829,2026-01-30,1,Enero,5,Viernes,No,No,12:15,Almuerzo,Centro,Mostrador,Almuerzo,Wrap de pollo,,3,18500,5,52700,Tarjeta crédito,Fidelizado,35-44,18.8,2,,28.2,No
100830,2026-01-30,1,Enero,5,Viernes,No,No,12:17,Almuerzo,Centro,Mostrador,Panadería,Muffin,,2,7000,0,14000,Tarjeta crédito,Recurrente,18-24,7.9,,,28.2,No
100831,2026-01-30,1,Enero,5,Viernes,No,No,12:17,Almuerzo,Centro,Mostrador,Bebida fría,Limonada de coco,S,2,9400,0,18800,Tarjeta crédito,Nuevo,25-34,9.1,,,28.2,No
100840,2026-01-30,1,Enero,5,Viernes,No,No,12:32,Almuerzo,San Antonio,Mostrador,Café caliente,Latte,M,1,9000,0,9000,Efectivo,Recurrente,55 o más,9.0,,,28.2,No
100824,2026-01-30,1,Enero,5,Viernes,No,No,12:35,Almuerzo,Centro,Mostrador,Almuerzo,Sándwich cubano,,4,21000,0,84000,Efectivo,Recurrente,18-24,14.5,,,28.2,No
100844,2026-01-30,1,Enero,5,Viernes,No,No,13:32,Almuerzo,San Antonio,Mostrador,Bebida fría,Frappé de café,M,3,12500,0,37500,Tarjeta crédito,Recurrente,25-34,10.0,3,Aceptable,28.2,No
100822,2026-01-30,1,Enero,5,Viernes,No,No,13:47,Almuerzo,Centro,Mostrador,Almuerzo,Sándwich cubano,,1,21000,0,21000,Tarjeta crédito,Recurrente,18-24,9.4,,,28.2,No
100828,2026-01-30,1,Enero,5,Viernes,No,No,13:57,Almuerzo,Centro,Mostrador,Almuerzo,Wrap de pollo,,1,18500,0,18500,Efectivo,Nuevo,18-24,5.9,,,28.2,No
100842,2026-01-30,1,Enero,5,Viernes,No,No,14:33,Tarde,San Antonio,Domicilio,Café caliente,Tinto,M,2,3500,0,7000,Billetera digital,Recurrente,25-34,,,,28.2,No
100834,2026-01-30,1,Enero,5,Viernes,No,No,14:49,Tarde,Granada,Mostrador,Café caliente,Chocolate caliente,S,1,6800,0,6800,Efectivo,Recurrente,25-34,2.0,,,28.2,No
100852,2026-01-30,1,Enero,5,Viernes,No,No,15:28,Tarde,Ciudad Jardín,Mostrador,Bebida fría,Frappé de café,M,4,12500,0,50000,Efectivo,Recurrente,45-54,3.2,4,Bueno,28.2,No
100839,2026-01-30,1,Enero,5,Viernes,No,No,15:36,Tarde,Granada,Mostrador,Café caliente,Tinto,M,2,3500,5,6600,Tarjeta débito,Fidelizado,35-44,2.8,,,28.2,No
100836,2026-01-30,1,Enero,5,Viernes,No,No,16:02,Tarde,Granada,Domicilio,Café caliente,Latte,M,1,9000,0,9000,Tarjeta débito,Nuevo,Menos de 18,,,,28.2,No
100855,2026-01-30,1,Enero,5,Viernes,No,No,16:02,Tarde,Ciudad Jardín,Mostrador,Panadería,Buñuelo,,2,2200,5,4200,Efectivo,Fidelizado,45-54,2.5,,,28.2,No
100827,2026-01-30,1,Enero,5,Viernes,No,No,16:10,Tarde,Centro,Mostrador,Café caliente,Americano,M,1,5500,5,5200,Billetera digital,Fidelizado,25-34,4.0,4,Volveré pronto,28.2,No
100821,2026-01-30,1,Enero,5,Viernes,No,No,16:31,Tarde,Centro,Mostrador,Café caliente,Capuchino,L,1,10600,0,10600,Tarjeta débito,Recurrente,25-34,2.5,2,,28.2,No
100849,2026-01-30,1,Enero,5,Viernes,No,No,17:12,Tarde,Ciudad Jardín,Mostrador,Café caliente,Latte,M,5,9000,0,45000,Tarjeta débito,Nuevo,55 o más,2.5,4,,28.2,No
100843,2026-01-30,1,Enero,5,Viernes,No,No,17:39,Tarde,San Antonio,Domicilio,Snacks,Galletas,,1,4500,0,4500,Tarjeta crédito,Recurrente,35-44,,4,,28.2,No
100838,2026-01-30,1,Enero,5,Viernes,No,No,18:10,Noche,Granada,Mostrador,Panadería,Croissant,,1,6500,0,6500,Billetera digital,Nuevo,25-34,3.6,4,,28.2,No
100837,2026-01-30,1,Enero,5,Viernes,No,No,18:22,Noche,Granada,Mostrador,Almuerzo,Wrap de pollo,,1,18500,0,18500,Tarjeta débito,Recurrente,25-34,3.8,5,,28.2,No
100819,2026-01-30,1,Enero,5,Viernes,No,No,20:02,Noche,Centro,Mostrador,Snacks,Barra de granola,,1,5500,0,5500,Billetera digital,Recurrente,35-44,1.3,4,,28.2,No
100864,2026-01-31,1,Enero,5,Sábado,Sí,No,06:06,Mañana,Centro,Mostrador,Café caliente,Mocaccino,M,1,9500,0,9500,Efectivo,Nuevo,35-44,5.7,,,27.6,No
100870,2026-01-31,1,Enero,5,Sábado,Sí,No,06:10,Mañana,Granada,Mostrador,Snacks,Empanada,,2,3500,5,6600,Efectivo,Fidelizado,35-44,6.4,,,27.6,No
100856,2026-01-31,1,Enero,5,Sábado,Sí,No,07:03,Mañana,Centro,Mostrador,Snacks,Barra de granola,,1,5500,0,5500,Billetera digital,Recurrente,35-44,2.1,3,,27.6,No
100865,2026-01-31,1,Enero,5,Sábado,Sí,No,07:10,Mañana,Centro,Mostrador,Snacks,Galletas,,1,4500,0,4500,Efectivo,Recurrente,25-34,5.0,,,27.6,No
100857,2026-01-31,1,Enero,5,Sábado,Sí,No,07:36,Mañana,Centro,Mostrador,Café caliente,Americano,S,1,4700,0,4700,Tarjeta crédito,Nuevo,25-34,4.8,,,27.6,No
100862,2026-01-31,1,Enero,5,Sábado,Sí,No,08:19,Mañana,Centro,Mostrador,Café caliente,Mocaccino,S,1,8100,0,8100,Tarjeta débito,Nuevo,45-54,2.7,4,Excelente atención,27.6,No
100876,2026-01-31,1,Enero,5,Sábado,Sí,No,08:30,Mañana,Granada,Mostrador,Panadería,Pandebono,,4,2500,5,9500,Tarjeta débito,Fidelizado,35-44,4.7,,,27.6,No
100872,2026-01-31,1,Enero,5,Sábado,Sí,No,08:31,Mañana,Granada,Mostrador,Café caliente,Americano,S,1,4700,0,4700,Tarjeta débito,Recurrente,45-54,6.9,,,27.6,No
100885,2026-01-31,1,Enero,5,Sábado,Sí,No,08:48,Mañana,Ciudad Jardín,Mostrador,Snacks,Papas de paquete,,3,5000,5,14200,Billetera digital,Fidelizado,55 o más,12.7,4,,27.6,No
100884,2026-01-31,1,Enero,5,Sábado,Sí,No,09:24,Mañana,Ciudad Jardín,Mostrador,Panadería,Pandebono,,2,2500,5,4800,Billetera digital,Fidelizado,35-44,3.4,,,27.6,No
100877,2026-01-31,1,Enero,5,Sábado,Sí,No,10:44,Media mañana,San Antonio,Mostrador,Panadería,Muffin,,3,7000,0,21000,Efectivo,Recurrente,18-24,4.0,,,27.6,No
100887,2026-01-31,1,Enero,5,Sábado,Sí,No,10:53,Media mañana,Ciudad Jardín,Mostrador,Snacks,Empanada,,3,3500,5,10000,Tarjeta débito,Fidelizado,25-34,3.9,,,27.6,No
100873,2026-01-31,1,Enero,5,Sábado,Sí,No,11:10,Media mañana,Granada,Mostrador,Snacks,Empanada,,2,3500,0,7000,Tarjeta débito,Recurrente,45-54,5.4,3,,27.6,No
100882,2026-01-31,1,Enero,5,Sábado,Sí,No,11:11,Media mañana,San Antonio,Mostrador,Café caliente,Americano,M,2,5500,0,11000,Efectivo,Recurrente,25-34,3.1,5,,27.6,No
100867,2026-01-31,1,Enero,5,Sábado,Sí,No,11:20,Media mañana,Granada,Mostrador,Panadería,Croissant,,1,6500,0,6500,Efectivo,Nuevo,25-34,3.5,4,,27.6,No
100889,2026-01-31,1,Enero,5,Sábado,Sí,No,11:30,Media mañana,Ciudad Jardín,Mostrador,Snacks,Empanada,,1,3500,0,3500,Efectivo,Recurrente,25-34,2.8,5,,27.6,No
100869,2026-01-31,1,Enero,5,Sábado,Sí,No,11:36,Media mañana,Granada,Mostrador,Bebida fría,Limonada de coco,S,1,9400,0,9400,Efectivo,Nuevo,25-34,3.6,,,27.6,No
100890,2026-01-31,1,Enero,5,Sábado,Sí,No,12:11,Almuerzo,Ciudad Jardín,Mostrador,Café caliente,Capuchino,L,2,10600,0,21200,Tarjeta crédito,Nuevo,45-54,7.2,,,27.6,No
100891,2026-01-31,1,Enero,5,Sábado,Sí,No,12:19,Almuerzo,Ciudad Jardín,Mostrador,Almuerzo,Sándwich cubano,,3,21000,5,59800,Billetera digital,Fidelizado,35-44,12.0,4,Rico pero un poco demorado,27.6,No
100879,2026-01-31,1,Enero,5,Sábado,Sí,No,12:51,Almuerzo,San Antonio,Mostrador,Almuerzo,Sándwich cubano,,1,21000,0,21000,Tarjeta crédito,Recurrente,25-34,5.0,,,27.6,No
100859,2026-01-31,1,Enero,5,Sábado,Sí,No,13:03,Almuerzo,Centro,Mostrador,Bebida fría,Té helado,L,2,9400,0,18800,Efectivo,Nuevo,18-24,6.3,,,27.6,No
100886,2026-01-31,1,Enero,5,Sábado,Sí,No,13:12,Almuerzo,Ciudad Jardín,Mostrador,Almuerzo,Ensalada César,,1,19500,0,19500,Tarjeta débito,Recurrente,35-44,7.0,,,27.6,No
100860,2026-01-31,1,Enero,5,Sábado,Sí,No,13:47,Almuerzo,Centro,Mostrador,Almuerzo,Ensalada César,,1,19500,0,19500,Efectivo,Recurrente,18-24,12.3,,,27.6,No
100863,2026-01-31,1,Enero,5,Sábado,Sí,No,13:55,Almuerzo,Centro,Mostrador,Bebida fría,Té helado,L,1,9400,0,9400,Billetera digital,Recurrente,25-34,6.8,5,,27.6,No
100861,2026-01-31,1,Enero,5,Sábado,Sí,No,13:58,Almuerzo,Centro,Mostrador,Snacks,Empanada,,1,3500,5,3300,Tarjeta crédito,Fidelizado,35-44,3.0,,,27.6,No
100875,2026-01-31,1,Enero,5,Sábado,Sí,No,14:08,Tarde,Granada,Mostrador,Snacks,Galletas,,1,4500,0,4500,Efectivo,Nuevo,55 o más,2.0,,,27.6,No
100868,2026-01-31,1,Enero,5,Sábado,Sí,No,15:15,Tarde,Granada,Domicilio,Café caliente,Chocolate caliente,M,1,8000,0,8000,Tarjeta débito,Nuevo,18-24,,,,27.6,No
100883,2026-01-31,1,Enero,5,Sábado,Sí,No,16:03,Tarde,San Antonio,Mostrador,Panadería,Croissant,,3,6500,0,19500,Billetera digital,Recurrente,18-24,1.8,,,27.6,No
100880,2026-01-31,1,Enero,5,Sábado,Sí,No,16:19,Tarde,San Antonio,Mostrador,Panadería,Croissant,,1,6500,0,6500,Efectivo,Nuevo,18-24,3.9,5,,27.6,No
100881,2026-01-31,1,Enero,5,Sábado,Sí,No,16:31,Tarde,San Antonio,Mostrador,Bebida fría,Frappé de café,M,1,12500,5,11900,Efectivo,Fidelizado,25-34,1.3,,,27.6,No
100871,2026-01-31,1,Enero,5,Sábado,Sí,No,16:47,Tarde,Granada,Mostrador,Café caliente,Americano,L,3,6900,0,20700,Efectivo,Recurrente,18-24,3.8,4,,27.6,No
100878,2026-01-31,1,Enero,5,Sábado,Sí,No,17:02,Tarde,San Antonio,Mostrador,Café caliente,Capuchino,S,1,7200,0,7200,Tarjeta débito,Nuevo,18-24,4.6,,,27.6,No
100866,2026-01-31,1,Enero,5,Sábado,Sí,No,18:15,Noche,Granada,Mostrador,Almuerzo,Ensalada César,,1,19500,5,18500,Tarjeta crédito,Fidelizado,25-34,1.9,,,27.6,No
100858,2026-01-31,1,Enero,5,Sábado,Sí,No,18:27,Noche,Centro,Mostrador,Panadería,Buñuelo,,1,2200,5,2100,Tarjeta débito,Fidelizado,35-44,3.4,,,27.6,No
100888,2026-01-31,1,Enero,5,Sábado,Sí,No,20:03,Noche,Ciudad Jardín,Mostrador,Snacks,Papas de paquete,,3,5000,0,15000,Tarjeta débito,Recurrente,55 o más,3.2,5,,27.6,No
100874,2026-01-31,1,Enero,5,Sábado,Sí,No,20:05,Noche,Granada,Domicilio,Panadería,Pandebono,,3,2500,5,7100,Billetera digital,Fidelizado,55 o más,,3,,27.6,No
100908,2026-02-01,2,Febrero,5,Domingo,Sí,No,06:11,Mañana,San Antonio,Mostrador,Panadería,Buñuelo,,2,2200,0,4400,Billetera digital,Nuevo,18-24,1.9,,,27.5,No
100892,2026-02-01,2,Febrero,5,Domingo,Sí,No,07:30,Mañana,Granada,Mostrador,Café caliente,Capuchino,S,3,7200,0,21600,Tarjeta crédito,Recurrente,25-34,3.9,4,Rápido y amable,27.5,No
100896,2026-02-01,2,Febrero,5,Domingo,Sí,No,07:47,Mañana,Granada,Mostrador,Café caliente,Mocaccino,M,2,9500,0,19000,Efectivo,Nuevo,25-34,2.2,,,27.5,No
100909,2026-02-01,2,Febrero,5,Domingo,Sí,No,08:00,Mañana,San Antonio,Mostrador,Snacks,Papas de paquete,,2,5000,0,10000,Tarjeta débito,Recurrente,55 o más,6.8,,,27.5,No
100895,2026-02-01,2,Febrero,5,Domingo,Sí,No,08:20,Mañana,Granada,Mostrador,Snacks,Papas de paquete,,1,5000,0,5000,Billetera digital,Recurrente,25-34,3.8,4,,27.5,No
100899,2026-02-01,2,Febrero,5,Domingo,Sí,No,08:21,Mañana,Granada,Domicilio,Bebida fría,Frappé de café,L,3,15600,5,44500,Efectivo,Fidelizado,25-34,,3,Bueno,27.5,No
100900,2026-02-01,2,Febrero,5,Domingo,Sí,No,10:20,Media mañana,Granada,Mostrador,Café caliente,Americano,M,1,5500,0,5500,Efectivo,Recurrente,35-44,11.3,,,27.5,No
100898,2026-02-01,2,Febrero,5,Domingo,Sí,No,10:30,Media mañana,Granada,Mostrador,Snacks,Galletas,,4,4500,5,17100,Tarjeta débito,Fidelizado,55 o más,6.1,,,27.5,No
100893,2026-02-01,2,Febrero,5,Domingo,Sí,No,10:36,Media mañana,Granada,Mostrador,Bebida fría,Limonada de coco,M,4,11000,0,44000,Tarjeta débito,Recurrente,25-34,2.5,,,27.5,No
100904,2026-02-01,2,Febrero,5,Domingo,Sí,No,11:33,Media mañana,San Antonio,Mostrador,Panadería,Buñuelo,,1,2200,0,2200,Tarjeta crédito,Recurrente,25-34,3.8,5,,27.5,No
100902,2026-02-01,2,Febrero,5,Domingo,Sí,No,11:40,Media mañana,San Antonio,Domicilio,Panadería,Buñuelo,,1,2200,5,2100,Billetera digital,Fidelizado,35-44,,5,Excelente atención,27.5,No
100911,2026-02-01,2,Febrero,5,Domingo,Sí,No,11:54,Media mañana,Ciudad Jardín,Mostrador,Panadería,Pandebono,,2,2500,5,4800,Billetera digital,Fidelizado,18-24,4.4,,,27.5,No
100894,2026-02-01,2,Febrero,5,Domingo,Sí,No,11:57,Media mañana,Granada,Mostrador,Bebida fría,Té helado,M,1,7500,5,7100,Tarjeta crédito,Fidelizado,45-54,7.4,,,27.5,No
100901,2026-02-01,2,Febrero,5,Domingo,Sí,No,12:17,Almuerzo,Granada,Mostrador,Bebida fría,Limonada de coco,M,3,11000,0,33000,Tarjeta crédito,Recurrente,25-34,4.4,4,La app funciona bien,27.5,No
100907,2026-02-01,2,Febrero,5,Domingo,Sí,No,12:23,Almuerzo,San Antonio,Mostrador,Almuerzo,Sándwich cubano,,2,21000,5,39900,Billetera digital,Fidelizado,25-34,4.7,,,27.5,No
100910,2026-02-01,2,Febrero,5,Domingo,Sí,No,13:14,Almuerzo,Ciudad Jardín,Domicilio,Almuerzo,Ensalada César,,1,19500,5,18500,Tarjeta débito,Fidelizado,35-44,,5,Me encanta el ambiente,27.5,No
100903,2026-02-01,2,Febrero,5,Domingo,Sí,No,13:21,Almuerzo,San Antonio,Mostrador,Café caliente,Chocolate caliente,L,1,10000,5,9500,Efectivo,Fidelizado,18-24,3.7,4,,27.5,No
100906,2026-02-01,2,Febrero,5,Domingo,Sí,No,17:46,Tarde,San Antonio,Mostrador,Snacks,Empanada,,4,3500,5,13300,Tarjeta crédito,Fidelizado,18-24,2.3,,,27.5,No
100905,2026-02-01,2,Febrero,5,Domingo,Sí,No,19:02,Noche,San Antonio,Domicilio,Snacks,Empanada,,1,3500,0,3500,Tarjeta crédito,Recurrente,35-44,,4,,27.5,No
100897,2026-02-01,2,Febrero,5,Domingo,Sí,No,20:26,Noche,Granada,Mostrador,Snacks,Empanada,,1,3500,0,3500,Efectivo,Nuevo,25-34,2.4,,,27.5,No
100922,2026-02-02,2,Febrero,6,Lunes,No,No,07:05,Mañana,Centro,Mostrador,Café caliente,Tinto,S,2,3000,0,6000,Efectivo,Nuevo,25-34,6.5,,,31.3,No
100915,2026-02-02,2,Febrero,6,Lunes,No,No,07:34,Mañana,Centro,App,Panadería,Croissant,,1,6500,15,5500,Tarjeta crédito,Nuevo,18-24,3.3,,,31.3,No
100916,2026-02-02,2,Febrero,6,Lunes,No,No,07:37,Mañana,Centro,Mostrador,Panadería,Croissant,,1,6500,0,6500,Tarjeta débito,Nuevo,45-54,8.0,,,31.3,No
100931,2026-02-02,2,Febrero,6,Lunes,No,No,07:44,Mañana,Granada,Mostrador,Panadería,Pandebono,,1,2500,5,2400,Efectivo,Fidelizado,18-24,7.3,,,31.3,No
100944,2026-02-02,2,Febrero,6,Lunes,No,No,08:23,Mañana,Ciudad Jardín,Mostrador,Snacks,Empanada,,2,3500,0,7000,Billetera digital,Nuevo,25-34,6.8,,,31.3,No
100935,2026-02-02,2,Febrero,6,Lunes,No,No,08:29,Mañana,San Antonio,Mostrador,Panadería,Croissant,,1,6500,0,6500,Billetera digital,Nuevo,25-34,4.1,,,31.3,No
100936,2026-02-02,2,Febrero,6,Lunes,No,No,09:14,Mañana,San Antonio,Mostrador,Café caliente,Latte,M,1,9000,0,9000,Efectivo,Recurrente,35-44,11.3,,,31.3,No
100939,2026-02-02,2,Febrero,6,Lunes,No,No,09:40,Mañana,San Antonio,Mostrador,Café caliente,Mocaccino,L,2,11900,0,23800,Billetera digital,Recurrente,25-34,2.5,4,,31.3,No
100929,2026-02-02,2,Febrero,6,Lunes,No,No,09:53,Mañana,Granada,Mostrador,Snacks,Empanada,,1,3500,0,3500,Tarjeta débito,Recurrente,35-44,4.4,4,Volveré pronto,31.3,No
100928,2026-02-02,2,Febrero,6,Lunes,No,No,10:06,Media mañana,Granada,Mostrador,Bebida fría,Frappé de café,M,1,12500,0,12500,Tarjeta crédito,Recurrente,35-44,3.1,,,31.3,No
100919,2026-02-02,2,Febrero,6,Lunes,No,No,10:27,Media mañana,Centro,Mostrador,Café caliente,Tinto,L,3,4400,5,12500,Efectivo,Fidelizado,35-44,7.9,,,31.3,No
100912,2026-02-02,2,Febrero,6,Lunes,No,No,10:42,Media mañana,Centro,Mostrador,Almuerzo,Ensalada César,,1,19500,0,19500,Efectivo,Recurrente,35-44,4.0,4,,31.3,No
100921,2026-02-02,2,Febrero,6,Lunes,No,No,10:48,Media mañana,Centro,Mostrador,Snacks,Empanada,,1,3500,0,3500,Tarjeta débito,Recurrente,55 o más,4.0,4,,31.3,No
100920,2026-02-02,2,Febrero,6,Lunes,No,No,11:13,Media mañana,Centro,Domicilio,Almuerzo,Sándwich cubano,,2,21000,0,42000,Tarjeta crédito,Recurrente,25-34,,5,,31.3,No
100923,2026-02-02,2,Febrero,6,Lunes,No,No,11:17,Media mañana,Centro,Mostrador,Bebida fría,Frappé de café,S,1,10600,5,10100,Billetera digital,Fidelizado,25-34,3.1,5,,31.3,No
100917,2026-02-02,2,Febrero,6,Lunes,No,No,11:39,Media mañana,Centro,Mostrador,Café caliente,Americano,M,1,5500,0,5500,Tarjeta débito,Nuevo,25-34,5.2,5,Volveré pronto,31.3,No
100940,2026-02-02,2,Febrero,6,Lunes,No,No,11:52,Media mañana,San Antonio,Mostrador,Café caliente,Americano,L,4,6900,5,26200,Billetera digital,Fidelizado,18-24,2.2,4,Aceptable,31.3,No
100924,2026-02-02,2,Febrero,6,Lunes,No,No,12:02,Almuerzo,Centro,Mostrador,Almuerzo,Ensalada César,,3,19500,5,55600,Tarjeta crédito,Fidelizado,55 o más,14.1,2,,31.3,No
100914,2026-02-02,2,Febrero,6,Lunes,No,No,12:52,Almuerzo,Centro,Mostrador,Almuerzo,Bowl vegetariano,,2,22000,5,41800,Billetera digital,Fidelizado,18-24,12.9,3,Demasiada fila,31.3,No
100925,2026-02-02,2,Febrero,6,Lunes,No,No,12:56,Almuerzo,Centro,Domicilio,Almuerzo,Sándwich cubano,,3,21000,5,59800,Tarjeta débito,Fidelizado,55 o más,,4,,31.3,No
100927,2026-02-02,2,Febrero,6,Lunes,No,No,13:07,Almuerzo,Granada,Mostrador,Almuerzo,Ensalada César,,1,19500,0,19500,Efectivo,Nuevo,25-34,6.1,5,Muy buen café,31.3,No
100918,2026-02-02,2,Febrero,6,Lunes,No,No,13:11,Almuerzo,Centro,Mostrador,Almuerzo,Sándwich cubano,,2,21000,5,39900,Billetera digital,Fidelizado,18-24,18.3,,,31.3,No
100913,2026-02-02,2,Febrero,6,Lunes,No,No,13:24,Almuerzo,Centro,Mostrador,Almuerzo,Sándwich cubano,,1,21000,0,21000,Tarjeta crédito,Recurrente,25-34,6.1,4,Bueno,31.3,No
100926,2026-02-02,2,Febrero,6,Lunes,No,No,13:35,Almuerzo,Centro,Mostrador,Café caliente,Capuchino,M,1,8500,0,8500,Tarjeta débito,Recurrente,18-24,14.8,3,Demasiada fila,31.3,No
100932,2026-02-02,2,Febrero,6,Lunes,No,No,14:05,Tarde,Granada,Mostrador,Bebida fría,Limonada de coco,S,1,9400,0,9400,Billetera digital,Nuevo,35-44,6.2,,,31.3,No
100933,2026-02-02,2,Febrero,6,Lunes,No,No,14:20,Tarde,Granada,App,Bebida fría,Limonada de coco,M,1,11000,15,9400,Billetera digital,Recurrente,35-44,3.3,3,Aceptable,31.3,No
100938,2026-02-02,2,Febrero,6,Lunes,No,No,14:24,Tarde,San Antonio,Mostrador,Bebida fría,Frappé de café,S,2,10600,0,21200,Efectivo,Nuevo,45-54,3.0,,,31.3,No
100943,2026-02-02,2,Febrero,6,Lunes,No,No,16:47,Tarde,Ciudad Jardín,Mostrador,Café caliente,Capuchino,S,2,7200,0,14400,Tarjeta crédito,Recurrente,25-34,8.1,4,,31.3,No
100930,2026-02-02,2,Febrero,6,Lunes,No,No,16:55,Tarde,Granada,Domicilio,Snacks,Empanada,,1,3500,0,3500,Tarjeta débito,Nuevo,35-44,,5,Excelente atención,31.3,No
100941,2026-02-02,2,Febrero,6,Lunes,No,No,17:27,Tarde,Ciudad Jardín,Mostrador,Panadería,Buñuelo,,1,2200,5,2100,Efectivo,Fidelizado,25-34,4.1,,,31.3,No
100934,2026-02-02,2,Febrero,6,Lunes,No,No,17:36,Tarde,San Antonio,Mostrador,Bebida fría,Jugo natural,L,1,10600,0,10600,Billetera digital,Nuevo,18-24,3.2,,,31.3,No
100942,2026-02-02,2,Febrero,6,Lunes,No,No,19:38,Noche,Ciudad Jardín,Mostrador,Bebida fría,Frappé de café,M,2,12500,5,23800,Tarjeta débito,Fidelizado,55 o más,3.5,,,31.3,No
100937,2026-02-02,2,Febrero,6,Lunes,No,No,20:09,Noche,San Antonio,Mostrador,Snacks,Galletas,,1,4500,5,4300,Billetera digital,Fidelizado,18-24,2.8,,,31.3,No
100950,2026-02-03,2,Febrero,6,Martes,No,No,06:04,Mañana,Centro,App,Café caliente,Mocaccino,M,1,9500,15,8100,Tarjeta crédito,Recurrente,25-34,4.5,,,29.9,No
100951,2026-02-03,2,Febrero,6,Martes,No,No,06:06,Mañana,Centro,Mostrador,Café caliente,Tinto,L,2,4400,5,8400,Billetera digital,Fidelizado,18-24,12.0,3,Demasiada fila,29.9,No
100969,2026-02-03,2,Febrero,6,Martes,No,No,08:16,Mañana,Ciudad Jardín,Mostrador,Panadería,Pandebono,,1,2500,0,2500,Efectivo,Recurrente,25-34,3.1,,,29.9,No
100970,2026-02-03,2,Febrero,6,Martes,No,No,08:18,Mañana,Ciudad Jardín,Domicilio,Café caliente,Capuchino,M,4,8500,5,32300,Billetera digital,Fidelizado,25-34,,5,,29.9,No
100952,2026-02-03,2,Febrero,6,Martes,No,No,08:20,Mañana,Centro,Mostrador,Panadería,Croissant,,2,6500,0,13000,Tarjeta débito,Nuevo,35-44,12.0,,,29.9,No
100946,2026-02-03,2,Febrero,6,Martes,No,No,08:40,Mañana,Centro,Mostrador,Snacks,Galletas,,2,4500,0,9000,Tarjeta crédito,Recurrente,35-44,8.0,,,29.9,No
100961,2026-02-03,2,Febrero,6,Martes,No,No,10:06,Media mañana,San Antonio,Mostrador,Bebida fría,Frappé de café,S,1,10600,5,10100,Billetera digital,Fidelizado,18-24,4.7,,,29.9,No
100965,2026-02-03,2,Febrero,6,Martes,No,No,10:23,Media mañana,San Antonio,Mostrador,Café caliente,Americano,M,2,5500,0,11000,Billetera digital,Recurrente,25-34,2.5,,,29.9,No
100959,2026-02-03,2,Febrero,6,Martes,No,No,10:27,Media mañana,Granada,Mostrador,Bebida fría,Cold brew,S,1,8900,0,8900,Efectivo,Recurrente,35-44,2.9,,,29.9,No
100960,2026-02-03,2,Febrero,6,Martes,No,No,10:34,Media mañana,San Antonio,Mostrador,Snacks,Empanada,,1,3500,0,3500,Efectivo,Nuevo,Menos de 18,2.9,4,,29.9,No
100947,2026-02-03,2,Febrero,6,Martes,No,No,10:52,Media mañana,Centro,Mostrador,Snacks,Barra de granola,,4,5500,5,20900,Billetera digital,Fidelizado,45-54,4.0,,,29.9,No
100954,2026-02-03,2,Febrero,6,Martes,No,No,10:57,Media mañana,Centro,Mostrador,Café caliente,Americano,M,2,5500,0,11000,Tarjeta crédito,Recurrente,18-24,1.2,,,29.9,No
105629,2026-02-03,2,Febrero,6,Martes,No,No,11:30,Media mañana,Centro,Domicilio,Almuerzo,Bowl vegetariano,,43,22000,10,851400,Tarjeta crédito,Fidelizado,35-44,,,Pedido corporativo,29.9,No
100958,2026-02-03,2,Febrero,6,Martes,No,No,12:09,Almuerzo,Granada,Mostrador,Bebida fría,Frappé de café,M,1,12500,0,12500,Efectivo,Nuevo,18-24,10.0,3,,29.9,No
100966,2026-02-03,2,Febrero,6,Martes,No,No,12:11,Almuerzo,San Antonio,Mostrador,Almuerzo,Ensalada César,,1,19500,5,18500,Tarjeta crédito,Fidelizado,25-34,8.2,5,,29.9,No
100949,2026-02-03,2,Febrero,6,Martes,No,No,12:15,Almuerzo,Centro,Mostrador,Almuerzo,Sándwich cubano,,1,21000,5,20000,Tarjeta débito,Fidelizado,18-24,12.9,2,,29.9,No
100953,2026-02-03,2,Febrero,6,Martes,No,No,12:23,Almuerzo,Centro,Mostrador,Almuerzo,Wrap de pollo,,2,18500,5,35200,Efectivo,Fidelizado,18-24,13.3,5,Excelente atención,29.9,No
100964,2026-02-03,2,Febrero,6,Martes,No,No,12:49,Almuerzo,San Antonio,Domicilio,Snacks,Empanada,,1,3500,0,3500,Efectivo,Recurrente,25-34,,,,29.9,No
100948,2026-02-03,2,Febrero,6,Martes,No,No,12:57,Almuerzo,Centro,App,Bebida fría,Cold brew,M,2,10500,15,17800,Tarjeta crédito,Recurrente,Menos de 18,13.6,,,29.9,No
100945,2026-02-03,2,Febrero,6,Martes,No,No,13:51,Almuerzo,Centro,Mostrador,Bebida fría,Té helado,L,2,9400,5,17900,Tarjeta débito,Fidelizado,18-24,6.0,,,29.9,No
100956,2026-02-03,2,Febrero,6,Martes,No,No,14:03,Tarde,Granada,App,Café caliente,Chocolate caliente,L,1,10000,15,8500,Tarjeta crédito,Recurrente,35-44,3.8,,,29.9,No
100972,2026-02-03,2,Febrero,6,Martes,No,No,16:02,Tarde,Ciudad Jardín,Domicilio,Bebida fría,Frappé de café,S,2,10600,0,21200,Efectivo,Recurrente,25-34,,4,,29.9,No
100968,2026-02-03,2,Febrero,6,Martes,No,No,18:03,Noche,San Antonio,Mostrador,Snacks,Empanada,,1,3500,5,3300,Efectivo,Fidelizado,25-34,4.0,4,,29.9,No
100967,2026-02-03,2,Febrero,6,Martes,No,No,18:07,Noche,San Antonio,Mostrador,Bebida fría,Frappé de café,L,1,15600,0,15600,Efectivo,Recurrente,18-24,3.7,5,Rápido y amable,29.9,No
100963,2026-02-03,2,Febrero,6,Martes,No,No,18:08,Noche,San Antonio,Mostrador,Café caliente,Capuchino,M,1,8500,0,8500,Tarjeta crédito,Nuevo,18-24,2.3,4,,29.9,No
100962,2026-02-03,2,Febrero,6,Martes,No,No,18:10,Noche,San Antonio,Mostrador,Snacks,Papas de paquete,,1,5000,5,4800,Efectivo,Fidelizado,18-24,3.2,,,29.9,No
100955,2026-02-03,2,Febrero,6,Martes,No,No,18:34,Noche,Centro,Domicilio,Bebida fría,Limonada de coco,L,1,13800,0,13800,Tarjeta crédito,Recurrente,55 o más,,5,Muy buen café,29.9,No
100957,2026-02-03,2,Febrero,6,Martes,No,No,19:02,Noche,Granada,Mostrador,Bebida fría,Frappé de café,M,2,12500,0,25000,Efectivo,Recurrente,55 o más,2.8,4,Aceptable,29.9,No
100971,2026-02-03,2,Febrero,6,Martes,No,No,20:29,Noche,Ciudad Jardín,Mostrador,Panadería,Croissant,,1,6500,5,6200,Efectivo,Fidelizado,45-54,2.4,4,,29.9,No
101001,2026-02-04,2,Febrero,6,Miércoles,No,No,06:04,Mañana,San Antonio,Mostrador,Snacks,Papas de paquete,,4,5000,0,20000,Efectivo,Recurrente,Menos de 18,4.2,,,29.7,No
100983,2026-02-04,2,Febrero,6,Miércoles,No,No,06:27,Mañana,Centro,Domicilio,Panadería,Pandebono,,1,2500,0,2500,Efectivo,Nuevo,18-24,,,,29.7,No
100981,2026-02-04,2,Febrero,6,Miércoles,No,No,06:59,Mañana,Centro,Mostrador,Panadería,Torta de zanahoria,,1,9000,0,9000,Tarjeta débito,Recurrente,35-44,5.2,,,29.7,No
100995,2026-02-04,2,Febrero,6,Miércoles,No,No,08:02,Mañana,Granada,Mostrador,Café caliente,Tinto,M,1,3500,0,3500,Billetera digital,Recurrente,18-24,2.4,4,El pandebono estaba recién hecho,29.7,No
101002,2026-02-04,2,Febrero,6,Miércoles,No,No,10:08,Media mañana,Ciudad Jardín,Domicilio,Café caliente,Tinto,S,2,3000,5,5700,Tarjeta crédito,Fidelizado,18-24,,3,Rico pero un poco demorado,29.7,No
101007,2026-02-04,2,Febrero,6,Miércoles,No,No,10:35,Media mañana,Ciudad Jardín,Mostrador,Bebida fría,Limonada de coco,L,1,13800,0,13800,Tarjeta crédito,Nuevo,55 o más,1.6,,,29.7,No
100984,2026-02-04,2,Febrero,6,Miércoles,No,No,10:51,Media mañana,Centro,Mostrador,Panadería,Pandebono,,2,2500,0,5000,Tarjeta débito,Nuevo,35-44,2.1,,,29.7,No
100986,2026-02-04,2,Febrero,6,Miércoles,No,No,11:00,Media mañana,Granada,Mostrador,Panadería,Torta de zanahoria,,2,9000,0,18000,Billetera digital,Recurrente,25-34,3.2,3,,29.7,No
100992,2026-02-04,2,Febrero,6,Miércoles,No,No,11:07,Media mañana,Granada,App,Café caliente,Americano,M,1,5500,15,4700,Tarjeta crédito,Fidelizado,35-44,0.8,5,La app funciona bien,29.7,No
105630,2026-02-04,2,Febrero,6,Miércoles,No,No,11:30,Media mañana,Centro,Domicilio,Almuerzo,Wrap de pollo,,37,18500,10,616000,Tarjeta crédito,Fidelizado,35-44,,,Pedido corporativo,29.7,No
100977,2026-02-04,2,Febrero,6,Miércoles,No,No,11:38,Media mañana,Centro,Mostrador,Café caliente,Tinto,M,1,3500,0,3500,Billetera digital,Recurrente,25-34,2.7,,,29.7,No
100988,2026-02-04,2,Febrero,6,Miércoles,No,No,11:41,Media mañana,Granada,Mostrador,Panadería,Pandebono,,1,2500,0,2500,Efectivo,Recurrente,35-44,3.4,4,,29.7,No
100979,2026-02-04,2,Febrero,6,Miércoles,No,No,12:00,Almuerzo,Centro,Mostrador,Bebida fría,Cold brew,L,1,13100,0,13100,Efectivo,Recurrente,25-34,10.3,3,,29.7,No
100998,2026-02-04,2,Febrero,6,Miércoles,No,No,12:10,Almuerzo,San Antonio,Mostrador,Bebida fría,Té helado,L,3,9400,0,28200,Efectivo,Recurrente,18-24,10.1,,,29.7,No
101003,2026-02-04,2,Febrero,6,Miércoles,No,No,12:11,Almuerzo,Ciudad Jardín,Mostrador,Almuerzo,Wrap de pollo,,2,18500,5,35200,Efectivo,Fidelizado,55 o más,3.5,5,,29.7,No
101009,2026-02-04,2,Febrero,6,Miércoles,No,No,12:16,Almuerzo,Ciudad Jardín,Domicilio,Almuerzo,Ensalada César,,1,19500,0,19500,Efectivo,Recurrente,35-44,,,,29.7,No
100985,2026-02-04,2,Febrero,6,Miércoles,No,No,12:29,Almuerzo,Centro,Domicilio,Almuerzo,Ensalada César,,2,19500,0,39000,Tarjeta débito,Nuevo,18-24,,,,29.7,No
101006,2026-02-04,2,Febrero,6,Miércoles,No,No,12:34,Almuerzo,Ciudad Jardín,Mostrador,Almuerzo,Wrap de pollo,,1,18500,0,18500,Tarjeta débito,Recurrente,45-54,7.1,4,,29.7,No
100982,2026-02-04,2,Febrero,6,Miércoles,No,No,12:43,Almuerzo,Centro,Mostrador,Almuerzo,Sándwich cubano,,2,21000,0,42000,Efectivo,Nuevo,55 o más,12.7,,,29.7,No
100973,2026-02-04,2,Febrero,6,Miércoles,No,No,12:54,Almuerzo,Centro,Mostrador,Almuerzo,Wrap de pollo,,2,18500,5,35200,Billetera digital,Fidelizado,35-44,11.6,,,29.7,No
100975,2026-02-04,2,Febrero,6,Miércoles,No,No,12:56,Almuerzo,Centro,Mostrador,Panadería,Buñuelo,,1,2200,0,2200,Tarjeta débito,Nuevo,35-44,6.2,,,29.7,No
100999,2026-02-04,2,Febrero,6,Miércoles,No,No,13:07,Almuerzo,San Antonio,Mostrador,Almuerzo,Wrap de pollo,,1,18500,0,18500,Efectivo,Recurrente,25-34,12.8,4,,29.7,No
100996,2026-02-04,2,Febrero,6,Miércoles,No,No,13:08,Almuerzo,Granada,Mostrador,Panadería,Buñuelo,,2,2200,0,4400,Efectivo,Recurrente,18-24,4.2,4,Muy buen café,29.7,No
100987,2026-02-04,2,Febrero,6,Miércoles,No,No,13:52,Almuerzo,Granada,Mostrador,Panadería,Buñuelo,,2,2200,0,4400,Tarjeta débito,Nuevo,18-24,8.1,5,,29.7,No
100990,2026-02-04,2,Febrero,6,Miércoles,No,No,15:02,Tarde,Granada,Mostrador,Café caliente,Latte,S,2,7600,0,15200,Billetera digital,Nuevo,25-34,4.0,,,29.7,No
101008,2026-02-04,2,Febrero,6,Miércoles,No,No,15:29,Tarde,Ciudad Jardín,Mostrador,Café caliente,Mocaccino,L,3,11900,5,33900,Tarjeta débito,Fidelizado,25-34,3.3,,,29.7,No
100991,2026-02-04,2,Febrero,6,Miércoles,No,No,16:11,Tarde,Granada,Mostrador,Snacks,Papas de paquete,,1,5000,0,5000,Billetera digital,Recurrente,25-34,2.1,,,29.7,No
101004,2026-02-04,2,Febrero,6,Miércoles,No,No,16:27,Tarde,Ciudad Jardín,App,Café caliente,Latte,S,1,7600,15,6500,Tarjeta crédito,Recurrente,25-34,2.1,5,Volveré pronto,29.7,No
100980,2026-02-04,2,Febrero,6,Miércoles,No,No,16:41,Tarde,Centro,Mostrador,Snacks,Papas de paquete,,2,5000,0,10000,Billetera digital,Nuevo,25-34,3.3,4,,29.7,No
100993,2026-02-04,2,Febrero,6,Miércoles,No,No,16:49,Tarde,Granada,Mostrador,Bebida fría,Frappé de café,L,2,15600,5,29600,Tarjeta débito,Fidelizado,25-34,2.6,,,29.7,No
100976,2026-02-04,2,Febrero,6,Miércoles,No,No,17:32,Tarde,Centro,Mostrador,Panadería,Pandebono,,2,2500,0,5000,Efectivo,Nuevo,18-24,2.7,,,29.7,No
100997,2026-02-04,2,Febrero,6,Miércoles,No,No,17:53,Tarde,Granada,Mostrador,Snacks,Galletas,,1,4500,0,4500,Tarjeta débito,Nuevo,35-44,2.2,,,29.7,No
100989,2026-02-04,2,Febrero,6,Miércoles,No,No,17:58,Tarde,Granada,Mostrador,Panadería,Pandebono,,1,2500,0,2500,Efectivo,Nuevo,25-34,6.0,5,,29.7,No
100978,2026-02-04,2,Febrero,6,Miércoles,No,No,18:22,Noche,Centro,Mostrador,Bebida fría,Frappé de café,L,1,15600,0,15600,Tarjeta crédito,Recurrente,25-34,3.9,4,,29.7,No
100974,2026-02-04,2,Febrero,6,Miércoles,No,No,18:36,Noche,Centro,Mostrador,Panadería,Buñuelo,,1,2200,0,2200,Billetera digital,Recurrente,18-24,2.9,,,29.7,No
100994,2026-02-04,2,Febrero,6,Miércoles,No,No,19:04,Noche,Granada,Mostrador,Almuerzo,Sándwich cubano,,1,21000,0,21000,Tarjeta crédito,Nuevo,18-24,2.6,3,,29.7,No
101005,2026-02-04,2,Febrero,6,Miércoles,No,No,19:50,Noche,Ciudad Jardín,Mostrador,Café caliente,Latte,M,1,9000,0,9000,Billetera digital,Recurrente,35-44,4.2,,,29.7,No
101000,2026-02-04,2,Febrero,6,Miércoles,No,No,20:57,Noche,San Antonio,Domicilio,Panadería,Pandebono,,2,2500,0,5000,Billetera digital,Nuevo,35-44,,,,29.7,No
101024,2026-02-05,2,Febrero,6,Jueves,No,No,06:08,Mañana,Centro,Mostrador,Bebida fría,Frappé de café,M,1,12500,0,12500,Billetera digital,Nuevo,35-44,9.1,4,Volveré pronto,28.5,No
101035,2026-02-05,2,Febrero,6,Jueves,No,No,06:09,Mañana,Granada,Mostrador,Café caliente,Tinto,M,2,3500,0,7000,Tarjeta débito,Nuevo,35-44,3.5,,,28.5,No
101025,2026-02-05,2,Febrero,6,Jueves,No,No,06:46,Mañana,Centro,App,Café caliente,Americano,M,1,5500,15,4700,Billetera digital,Recurrente,35-44,5.9,,,28.5,No
101033,2026-02-05,2,Febrero,6,Jueves,No,No,07:12,Mañana,Granada,Domicilio,Café caliente,Tinto,L,1,4400,0,4400,Billetera digital,Recurrente,18-24,,,,28.5,No
101011,2026-02-05,2,Febrero,6,Jueves,No,No,07:27,Mañana,Centro,Mostrador,Snacks,Empanada,,1,3500,0,3500,Efectivo,Recurrente,25-34,4.4,,,28.5,No
101045,2026-02-05,2,Febrero,6,Jueves,No,No,07:36,Mañana,Ciudad Jardín,Mostrador,Café caliente,Mocaccino,L,3,11900,5,33900,Tarjeta débito,Fidelizado,55 o más,2.6,5,,28.5,No
101018,2026-02-05,2,Febrero,6,Jueves,No,No,07:46,Mañana,Centro,Mostrador,Café caliente,Tinto,S,1,3000,0,3000,Efectivo,Recurrente,18-24,9.7,,,28.5,No
101039,2026-02-05,2,Febrero,6,Jueves,No,No,08:30,Mañana,San Antonio,Mostrador,Snacks,Empanada,,1,3500,5,3300,Billetera digital,Fidelizado,25-34,5.7,,,28.5,No
101010,2026-02-05,2,Febrero,6,Jueves,No,No,08:49,Mañana,Centro,Mostrador,Café caliente,Tinto,M,2,3500,0,7000,Tarjeta crédito,Nuevo,35-44,4.1,3,,28.5,No
101026,2026-02-05,2,Febrero,6,Jueves,No,No,08:52,Mañana,Centro,Mostrador,Café caliente,Tinto,M,2,3500,0,7000,Efectivo,Recurrente,18-24,2.6,,,28.5,No
101013,2026-02-05,2,Febrero,6,Jueves,No,No,09:02,Mañana,Centro,Mostrador,Café caliente,Latte,S,2,7600,5,14400,Tarjeta crédito,Fidelizado,25-34,5.0,,,28.5,No
101012,2026-02-05,2,Febrero,6,Jueves,No,No,09:03,Mañana,Centro,Mostrador,Café caliente,Tinto,S,3,3000,5,8600,Efectivo,Fidelizado,35-44,4.6,,,28.5,No
101019,2026-02-05,2,Febrero,6,Jueves,No,No,10:06,Media mañana,Centro,App,Café caliente,Capuchino,M,1,8500,15,7200,Billetera digital,Recurrente,18-24,1.9,,,28.5,No
101020,2026-02-05,2,Febrero,6,Jueves,No,No,10:49,Media mañana,Centro,Mostrador,Panadería,Muffin,,1,7000,0,7000,Efectivo,Nuevo,18-24,4.5,3,"Bien, pero podría mejorar",28.5,No
101042,2026-02-05,2,Febrero,6,Jueves,No,No,11:17,Media mañana,Ciudad Jardín,Mostrador,Panadería,Pandebono,,1,2500,5,2400,Tarjeta crédito,Fidelizado,45-54,2.1,,,28.5,No
101021,2026-02-05,2,Febrero,6,Jueves,No,No,11:39,Media mañana,Centro,Mostrador,Panadería,Pandebono,,1,2500,0,2500,Billetera digital,Recurrente,25-34,2.3,,,28.5,No
101043,2026-02-05,2,Febrero,6,Jueves,No,No,11:47,Media mañana,Ciudad Jardín,Mostrador,Café caliente,Americano,M,1,5500,0,5500,Tarjeta crédito,Nuevo,55 o más,6.2,,,28.5,No
101044,2026-02-05,2,Febrero,6,Jueves,No,No,11:57,Media mañana,Ciudad Jardín,Mostrador,Café caliente,Capuchino,L,1,10600,0,10600,Efectivo,Recurrente,45-54,3.6,5,El pandebono estaba recién hecho,28.5,No
101028,2026-02-05,2,Febrero,6,Jueves,No,No,12:11,Almuerzo,Centro,Mostrador,Almuerzo,Wrap de pollo,,1,18500,0,18500,Tarjeta crédito,Nuevo,18-24,16.2,,,28.5,No
101014,2026-02-05,2,Febrero,6,Jueves,No,No,12:14,Almuerzo,Centro,Mostrador,Café caliente,Americano,S,1,4700,0,4700,Tarjeta débito,Recurrente,35-44,26.2,1,,28.5,No
101029,2026-02-05,2,Febrero,6,Jueves,No,No,12:16,Almuerzo,Centro,Mostrador,Snacks,Empanada,,1,3500,0,3500,Billetera digital,Recurrente,35-44,7.2,3,,28.5,No
101030,2026-02-05,2,Febrero,6,Jueves,No,No,12:35,Almuerzo,Centro,Mostrador,Almuerzo,Bowl vegetariano,,2,22000,0,44000,Efectivo,Recurrente,18-24,7.0,,,28.5,No
101032,2026-02-05,2,Febrero,6,Jueves,No,No,12:40,Almuerzo,Centro,Mostrador,Bebida fría,Limonada de coco,M,3,11000,0,33000,Efectivo,Recurrente,25-34,10.4,,,28.5,No
101023,2026-02-05,2,Febrero,6,Jueves,No,No,12:54,Almuerzo,Centro,Mostrador,Café caliente,Mocaccino,M,1,9500,0,9500,Tarjeta débito,Recurrente,18-24,6.6,5,Me encanta el ambiente,28.5,No
101031,2026-02-05,2,Febrero,6,Jueves,No,No,12:54,Almuerzo,Centro,Mostrador,Almuerzo,Wrap de pollo,,4,18500,0,74000,Efectivo,Nuevo,25-34,7.0,,,28.5,No
101046,2026-02-05,2,Febrero,6,Jueves,No,No,12:57,Almuerzo,Ciudad Jardín,Mostrador,Café caliente,Tinto,S,1,3000,0,3000,Billetera digital,Recurrente,45-54,6.8,5,Rápido y amable,28.5,No
101038,2026-02-05,2,Febrero,6,Jueves,No,No,13:08,Almuerzo,San Antonio,Mostrador,Bebida fría,Jugo natural,M,2,8500,0,17000,Billetera digital,Recurrente,18-24,6.5,,,28.5,No
101016,2026-02-05,2,Febrero,6,Jueves,No,No,13:15,Almuerzo,Centro,Domicilio,Almuerzo,Ensalada César,,2,19500,0,39000,Tarjeta débito,Recurrente,55 o más,,,,28.5,No
101027,2026-02-05,2,Febrero,6,Jueves,No,No,13:16,Almuerzo,Centro,Mostrador,Almuerzo,Wrap de pollo,,1,18500,5,17600,Tarjeta débito,Fidelizado,45-54,26.8,,,28.5,No
101041,2026-02-05,2,Febrero,6,Jueves,No,No,13:33,Almuerzo,Ciudad Jardín,Mostrador,Almuerzo,Bowl vegetariano,,2,22000,5,41800,Efectivo,Fidelizado,35-44,6.2,,,28.5,No
101015,2026-02-05,2,Febrero,6,Jueves,No,No,13:48,Almuerzo,Centro,Mostrador,Almuerzo,Wrap de pollo,,1,18500,0,18500,Efectivo,Recurrente,55 o más,11.8,4,Bueno,28.5,No
101017,2026-02-05,2,Febrero,6,Jueves,No,No,15:05,Tarde,Centro,Mostrador,Bebida fría,Frappé de café,L,3,15600,0,46800,Billetera digital,Nuevo,18-24,3.3,,,28.5,No
101022,2026-02-05,2,Febrero,6,Jueves,No,No,16:06,Tarde,Centro,Mostrador,Panadería,Pandebono,,2,2500,0,5000,Billetera digital,Nuevo,25-34,2.9,5,,28.5,No
101037,2026-02-05,2,Febrero,6,Jueves,No,No,16:40,Tarde,San Antonio,Domicilio,Café caliente,Mocaccino,M,2,9500,0,19000,Tarjeta débito,Nuevo,25-34,,,,28.5,No
101034,2026-02-05,2,Febrero,6,Jueves,No,No,16:44,Tarde,Granada,Mostrador,Bebida fría,Cold brew,M,2,10500,0,21000,Tarjeta débito,Recurrente,25-34,5.8,4,"Bien, pero podría mejorar",28.5,No
101036,2026-02-05,2,Febrero,6,Jueves,No,No,16:57,Tarde,San Antonio,Mostrador,Panadería,Torta de zanahoria,,1,9000,0,9000,Tarjeta crédito,Nuevo,18-24,5.2,,,28.5,No
101040,2026-02-05,2,Febrero,6,Jueves,No,No,19:36,Noche,San Antonio,Mostrador,Snacks,Papas de paquete,,1,5000,0,5000,Billetera digital,Recurrente,18-24,1.3,4,,28.5,No
101050,2026-02-06,2,Febrero,6,Viernes,No,No,07:06,Mañana,Centro,Mostrador,Panadería,Buñuelo,,1,2200,0,2200,Tarjeta débito,Recurrente,25-34,6.8,,,28.7,No
101068,2026-02-06,2,Febrero,6,Viernes,No,No,07:21,Mañana,Granada,Mostrador,Panadería,Pandebono,,2,2500,0,5000,Efectivo,Recurrente,35-44,7.6,,,28.7,No
101066,2026-02-06,2,Febrero,6,Viernes,No,No,07:38,Mañana,Granada,Mostrador,Café caliente,Americano,S,1,4700,5,4500,Billetera digital,Fidelizado,25-34,4.0,5,,28.7,No
101051,2026-02-06,2,Febrero,6,Viernes,No,No,07:46,Mañana,Centro,Mostrador,Café caliente,Latte,S,1,7600,5,7200,Efectivo,Fidelizado,35-44,9.1,,,28.7,No
101052,2026-02-06,2,Febrero,6,Viernes,No,No,07:50,Mañana,Centro,Mostrador,Panadería,Croissant,,2,6500,0,13000,Billetera digital,Recurrente,18-24,5.9,5,Excelente atención,28.7,No
101067,2026-02-06,2,Febrero,6,Viernes,No,No,08:35,Mañana,Granada,Mostrador,Café caliente,Americano,S,1,4700,5,4500,Tarjeta débito,Fidelizado,55 o más,3.2,5,,28.7,No
101060,2026-02-06,2,Febrero,6,Viernes,No,No,09:13,Mañana,Centro,Mostrador,Café caliente,Americano,M,4,5500,0,22000,Efectivo,Nuevo,35-44,9.7,,,28.7,No
101065,2026-02-06,2,Febrero,6,Viernes,No,No,09:21,Mañana,Granada,App,Panadería,Muffin,,1,7000,15,6000,Tarjeta débito,Fidelizado,18-24,2.5,3,,28.7,No
101055,2026-02-06,2,Febrero,6,Viernes,No,No,09:50,Mañana,Centro,Mostrador,Panadería,Torta de zanahoria,,4,9000,0,36000,Tarjeta débito,Nuevo,25-34,10.5,,,28.7,No
101072,2026-02-06,2,Febrero,6,Viernes,No,No,11:52,Media mañana,San Antonio,Mostrador,Snacks,Barra de granola,,1,5500,5,5200,Billetera digital,Fidelizado,35-44,5.7,4,Rico pero un poco demorado,28.7,No
101049,2026-02-06,2,Febrero,6,Viernes,No,No,12:10,Almuerzo,Centro,Mostrador,Almuerzo,Sándwich cubano,,3,21000,5,59800,Tarjeta débito,Fidelizado,25-34,14.5,,,28.7,No
101062,2026-02-06,2,Febrero,6,Viernes,No,No,12:29,Almuerzo,Centro,Mostrador,Bebida fría,Jugo natural,S,2,7200,5,13700,Tarjeta débito,Fidelizado,35-44,13.6,,,28.7,No
101059,2026-02-06,2,Febrero,6,Viernes,No,No,12:35,Almuerzo,Centro,Mostrador,Almuerzo,Bowl vegetariano,,1,22000,0,22000,Tarjeta débito,Recurrente,18-24,5.6,,,28.7,No
101074,2026-02-06,2,Febrero,6,Viernes,No,No,12:49,Almuerzo,Ciudad Jardín,Mostrador,Almuerzo,Ensalada César,,1,19500,0,19500,Tarjeta crédito,Recurrente,45-54,15.4,3,,28.7,No
101048,2026-02-06,2,Febrero,6,Viernes,No,No,12:51,Almuerzo,Centro,Mostrador,Bebida fría,Cold brew,L,1,13100,0,13100,Tarjeta crédito,Nuevo,18-24,11.7,,,28.7,No
101061,2026-02-06,2,Febrero,6,Viernes,No,No,12:54,Almuerzo,Centro,Mostrador,Almuerzo,Wrap de pollo,,2,18500,5,35200,Tarjeta crédito,Fidelizado,25-34,11.4,4,Buen precio por el tamaño,28.7,No
101073,2026-02-06,2,Febrero,6,Viernes,No,No,13:15,Almuerzo,Ciudad Jardín,Mostrador,Almuerzo,Wrap de pollo,,2,18500,0,37000,Efectivo,Recurrente,45-54,4.2,,,28.7,No
101047,2026-02-06,2,Febrero,6,Viernes,No,No,13:42,Almuerzo,Centro,Mostrador,Almuerzo,Sándwich cubano,,1,21000,0,21000,Tarjeta débito,Recurrente,18-24,22.5,,,28.7,No
101056,2026-02-06,2,Febrero,6,Viernes,No,No,13:51,Almuerzo,Centro,Mostrador,Snacks,Papas de paquete,,1,5000,0,5000,Tarjeta débito,Nuevo,45-54,14.5,,,28.7,No
101070,2026-02-06,2,Febrero,6,Viernes,No,No,13:55,Almuerzo,San Antonio,Mostrador,Bebida fría,Frappé de café,M,2,12500,5,23800,Efectivo,Fidelizado,45-54,7.8,,,28.7,No
101058,2026-02-06,2,Febrero,6,Viernes,No,No,14:21,Tarde,Centro,Mostrador,Bebida fría,Frappé de café,M,1,12500,0,12500,Billetera digital,Nuevo,35-44,3.4,,,28.7,No
101053,2026-02-06,2,Febrero,6,Viernes,No,No,14:45,Tarde,Centro,Mostrador,Snacks,Empanada,,2,3500,5,6600,Efectivo,Fidelizado,45-54,2.9,5,,28.7,No
101057,2026-02-06,2,Febrero,6,Viernes,No,No,15:05,Tarde,Centro,Mostrador,Snacks,Galletas,,2,4500,0,9000,Billetera digital,Nuevo,25-34,7.8,,,28.7,No
101054,2026-02-06,2,Febrero,6,Viernes,No,No,15:20,Tarde,Centro,Mostrador,Café caliente,Capuchino,M,2,8500,0,17000,Tarjeta débito,Nuevo,18-24,1.5,5,,28.7,No
101075,2026-02-06,2,Febrero,6,Viernes,No,No,16:32,Tarde,Ciudad Jardín,Domicilio,Bebida fría,Cold brew,M,2,10500,0,21000,Billetera digital,Recurrente,25-34,,5,,28.7,No
101063,2026-02-06,2,Febrero,6,Viernes,No,No,16:37,Tarde,Granada,Mostrador,Café caliente,Chocolate caliente,M,1,8000,0,8000,Tarjeta crédito,Recurrente,25-34,2.9,,,28.7,No
101069,2026-02-06,2,Febrero,6,Viernes,No,No,19:08,Noche,San Antonio,Mostrador,Bebida fría,Cold brew,M,1,10500,0,10500,Tarjeta crédito,Recurrente,18-24,4.4,,,28.7,No
101071,2026-02-06,2,Febrero,6,Viernes,No,No,20:46,Noche,San Antonio,App,Panadería,Pandebono,,1,2500,15,2100,Billetera digital,Recurrente,Menos de 18,2.6,,,28.7,No
101064,2026-02-06,2,Febrero,6,Viernes,No,No,20:52,Noche,Granada,Mostrador,Bebida fría,Té helado,M,1,7500,0,7500,Tarjeta débito,Recurrente,35-44,2.7,,,28.7,No
101085,2026-02-07,2,Febrero,6,Sábado,Sí,No,06:23,Mañana,Granada,Mostrador,Café caliente,Mocaccino,M,1,9500,0,9500,Tarjeta débito,Nuevo,25-34,5.8,,,30.1,No
101090,2026-02-07,2,Febrero,6,Sábado,Sí,No,06:41,Mañana,Granada,Mostrador,Café caliente,Tinto,M,1,3500,0,3500,Tarjeta crédito,Recurrente,35-44,4.8,,,30.1,No
101077,2026-02-07,2,Febrero,6,Sábado,Sí,No,07:38,Mañana,Centro,Mostrador,Snacks,Empanada,,1,3500,0,3500,Billetera digital,Recurrente,Menos de 18,5.5,5,El pandebono estaba recién hecho,30.1,No
101078,2026-02-07,2,Febrero,6,Sábado,Sí,No,07:48,Mañana,Centro,Mostrador,Bebida fría,Té helado,M,1,7500,5,7100,Billetera digital,Fidelizado,Menos de 18,5.7,4,El pandebono estaba recién hecho,30.1,No
101088,2026-02-07,2,Febrero,6,Sábado,Sí,No,07:57,Mañana,Granada,Domicilio,Panadería,Muffin,,4,7000,5,26600,Efectivo,Fidelizado,25-34,,5,,30.1,No
101103,2026-02-07,2,Febrero,6,Sábado,Sí,No,08:31,Mañana,Ciudad Jardín,Domicilio,Café caliente,Tinto,S,4,3000,0,12000,Tarjeta crédito,Nuevo,18-24,,,,30.1,No
101087,2026-02-07,2,Febrero,6,Sábado,Sí,No,09:13,Mañana,Granada,Mostrador,Panadería,Pandebono,,2,2500,0,5000,Efectivo,Recurrente,35-44,2.7,,,30.1,No
101089,2026-02-07,2,Febrero,6,Sábado,Sí,No,09:31,Mañana,Granada,Mostrador,Panadería,Pandebono,,1,2500,0,2500,Tarjeta débito,Recurrente,25-34,3.1,,,30.1,No
101092,2026-02-07,2,Febrero,6,Sábado,Sí,No,10:01,Media mañana,San Antonio,Mostrador,Café caliente,Tinto,M,2,3500,5,6600,Tarjeta débito,Fidelizado,25-34,3.0,5,Rápido y amable,30.1,No
101082,2026-02-07,2,Febrero,6,Sábado,Sí,No,10:09,Media mañana,Granada,Mostrador,Café caliente,Latte,S,1,7600,0,7600,Billetera digital,Recurrente,35-44,3.8,,,30.1,No
101080,2026-02-07,2,Febrero,6,Sábado,Sí,No,10:11,Media mañana,Centro,Mostrador,Café caliente,Capuchino,M,1,8500,0,8500,Tarjeta crédito,Nuevo,25-34,6.2,4,Aceptable,30.1,No
101094,2026-02-07,2,Febrero,6,Sábado,Sí,No,10:14,Media mañana,San Antonio,Mostrador,Panadería,Croissant,,2,6500,0,13000,Billetera digital,Recurrente,25-34,3.5,,,30.1,No
101097,2026-02-07,2,Febrero,6,Sábado,Sí,No,10:58,Media mañana,Ciudad Jardín,Mostrador,Panadería,Pandebono,,2,2500,0,5000,Efectivo,Recurrente,25-34,2.1,4,,30.1,No
101101,2026-02-07,2,Febrero,6,Sábado,Sí,No,11:33,Media mañana,Ciudad Jardín,Mostrador,Café caliente,Tinto,S,2,3000,5,5700,Efectivo,Fidelizado,25-34,2.0,5,Buen precio por el tamaño,30.1,No
101083,2026-02-07,2,Febrero,6,Sábado,Sí,No,12:40,Almuerzo,Granada,Mostrador,Café caliente,Mocaccino,L,2,11900,0,23800,Billetera digital,Recurrente,25-34,8.5,,,30.1,No
101099,2026-02-07,2,Febrero,6,Sábado,Sí,No,13:07,Almuerzo,Ciudad Jardín,Mostrador,Almuerzo,Ensalada César,,1,19500,5,18500,Efectivo,Fidelizado,45-54,9.0,,,30.1,No
101100,2026-02-07,2,Febrero,6,Sábado,Sí,No,13:14,Almuerzo,Ciudad Jardín,Mostrador,Bebida fría,Frappé de café,L,2,15600,0,31200,Tarjeta crédito,Recurrente,35-44,7.8,4,,30.1,No
101076,2026-02-07,2,Febrero,6,Sábado,Sí,No,13:51,Almuerzo,Centro,Mostrador,Bebida fría,Limonada de coco,L,1,13800,0,13800,Tarjeta débito,Recurrente,25-34,4.9,4,,30.1,No
101086,2026-02-07,2,Febrero,6,Sábado,Sí,No,14:02,Tarde,Granada,Mostrador,Bebida fría,Frappé de café,M,1,12500,0,12500,Efectivo,Nuevo,25-34,2.4,,,30.1,No
101084,2026-02-07,2,Febrero,6,Sábado,Sí,No,14:59,Tarde,Granada,Mostrador,Bebida fría,Té helado,M,1,7500,0,7500,Efectivo,Nuevo,18-24,2.9,,,30.1,No
101091,2026-02-07,2,Febrero,6,Sábado,Sí,No,15:23,Tarde,San Antonio,Mostrador,Panadería,Pandebono,,1,2500,5,2400,Tarjeta débito,Fidelizado,25-34,1.8,4,Aceptable,30.1,No
101096,2026-02-07,2,Febrero,6,Sábado,Sí,No,15:46,Tarde,Ciudad Jardín,Mostrador,Panadería,Pandebono,,1,2500,0,2500,Tarjeta débito,Nuevo,35-44,5.2,,,30.1,No
101081,2026-02-07,2,Febrero,6,Sábado,Sí,No,16:24,Tarde,Granada,App,Bebida fría,Limonada de coco,L,1,13800,15,11700,Tarjeta crédito,Nuevo,25-34,2.1,4,,30.1,No
101095,2026-02-07,2,Febrero,6,Sábado,Sí,No,16:48,Tarde,San Antonio,Mostrador,Café caliente,Latte,M,1,9000,5,8600,Tarjeta débito,Fidelizado,25-34,5.3,,,30.1,No
101093,2026-02-07,2,Febrero,6,Sábado,Sí,No,17:04,Tarde,San Antonio,Mostrador,Panadería,Pandebono,,1,2500,0,2500,Billetera digital,Recurrente,18-24,1.6,,,30.1,No
101079,2026-02-07,2,Febrero,6,Sábado,Sí,No,17:57,Tarde,Centro,Mostrador,Bebida fría,Té helado,S,2,6400,0,12800,Efectivo,Nuevo,45-54,8.0,4,,30.1,No
101102,2026-02-07,2,Febrero,6,Sábado,Sí,No,19:05,Noche,Ciudad Jardín,Mostrador,Bebida fría,Limonada de coco,M,2,11000,5,20900,Tarjeta crédito,Fidelizado,55 o más,4.7,5,,30.1,No
101098,2026-02-07,2,Febrero,6,Sábado,Sí,No,19:08,Noche,Ciudad Jardín,Mostrador,Panadería,Pandebono,,1,2500,0,2500,Efectivo,Recurrente,35-44,3.1,,,30.1,No
101107,2026-02-08,2,Febrero,6,Domingo,Sí,No,06:05,Mañana,Granada,Mostrador,Panadería,Buñuelo,,1,2200,0,2200,Tarjeta débito,Nuevo,18-24,3.5,5,,28.6,No
101108,2026-02-08,2,Febrero,6,Domingo,Sí,No,06:22,Mañana,San Antonio,Mostrador,Café caliente,Latte,L,2,11200,0,22400,Tarjeta débito,Nuevo,25-34,6.1,4,El pandebono estaba recién hecho,28.6,No
101123,2026-02-08,2,Febrero,6,Domingo,Sí,No,07:45,Mañana,Ciudad Jardín,App,Snacks,Papas de paquete,,1,5000,15,4200,Tarjeta crédito,Recurrente,45-54,1.5,,,28.6,No
101121,2026-02-08,2,Febrero,6,Domingo,Sí,No,07:47,Mañana,Ciudad Jardín,Mostrador,Panadería,Torta de zanahoria,,2,9000,0,18000,Billetera digital,Recurrente,45-54,2.0,,,28.6,No
101114,2026-02-08,2,Febrero,6,Domingo,Sí,No,07:55,Mañana,San Antonio,Mostrador,Panadería,Torta de zanahoria,,1,9000,0,9000,Efectivo,Recurrente,25-34,3.2,,,28.6,No
101124,2026-02-08,2,Febrero,6,Domingo,Sí,No,08:00,Mañana,Ciudad Jardín,Domicilio,Café caliente,Tinto,S,2,3000,0,6000,Billetera digital,Nuevo,18-24,,,,28.6,No
101115,2026-02-08,2,Febrero,6,Domingo,Sí,No,08:15,Mañana,San Antonio,Mostrador,Panadería,Muffin,,4,7000,0,28000,Tarjeta débito,Recurrente,25-34,2.7,5,,28.6,No
101117,2026-02-08,2,Febrero,6,Domingo,Sí,No,09:04,Mañana,San Antonio,Mostrador,Panadería,Croissant,,2,6500,0,13000,Efectivo,Recurrente,18-24,4.2,5,,28.6,No
101126,2026-02-08,2,Febrero,6,Domingo,Sí,No,10:14,Media mañana,Ciudad Jardín,Mostrador,Panadería,Buñuelo,,3,2200,0,6600,Billetera digital,Recurrente,45-54,6.8,4,,28.6,No
101120,2026-02-08,2,Febrero,6,Domingo,Sí,No,10:46,Media mañana,San Antonio,Mostrador,Panadería,Torta de zanahoria,,1,9000,0,9000,Efectivo,Nuevo,25-34,2.9,3,,28.6,No
101104,2026-02-08,2,Febrero,6,Domingo,Sí,No,11:14,Media mañana,Granada,Mostrador,Café caliente,Tinto,M,2,3500,0,7000,Efectivo,Recurrente,25-34,5.3,4,,28.6,No
101119,2026-02-08,2,Febrero,6,Domingo,Sí,No,11:17,Media mañana,San Antonio,Mostrador,Café caliente,Capuchino,S,1,7200,0,7200,Tarjeta débito,Recurrente,25-34,6.5,,,28.6,No
101105,2026-02-08,2,Febrero,6,Domingo,Sí,No,12:05,Almuerzo,Granada,Mostrador,Almuerzo,Wrap de pollo,,1,18500,0,18500,Billetera digital,Nuevo,25-34,7.9,4,Buen precio por el tamaño,28.6,No
101125,2026-02-08,2,Febrero,6,Domingo,Sí,No,12:45,Almuerzo,Ciudad Jardín,Mostrador,Almuerzo,Ensalada César,,2,19500,5,37000,Efectivo,Fidelizado,45-54,7.6,,,28.6,No
101112,2026-02-08,2,Febrero,6,Domingo,Sí,No,13:13,Almuerzo,San Antonio,Mostrador,Bebida fría,Frappé de café,S,1,10600,0,10600,Efectivo,Recurrente,35-44,5.8,3,,28.6,No
101122,2026-02-08,2,Febrero,6,Domingo,Sí,No,13:58,Almuerzo,Ciudad Jardín,Mostrador,Almuerzo,Sándwich cubano,,1,21000,0,21000,Tarjeta crédito,Nuevo,45-54,5.9,5,Me encanta el ambiente,28.6,No
101110,2026-02-08,2,Febrero,6,Domingo,Sí,No,16:12,Tarde,San Antonio,Mostrador,Panadería,Buñuelo,,1,2200,0,2200,Efectivo,Nuevo,25-34,2.4,,,28.6,No
101113,2026-02-08,2,Febrero,6,Domingo,Sí,No,17:17,Tarde,San Antonio,Mostrador,Café caliente,Americano,L,2,6900,0,13800,Efectivo,Nuevo,18-24,4.4,,,28.6,No
101111,2026-02-08,2,Febrero,6,Domingo,Sí,No,18:02,Noche,San Antonio,Mostrador,Café caliente,Latte,M,1,9000,0,9000,Billetera digital,Recurrente,25-34,3.5,,,28.6,No
101106,2026-02-08,2,Febrero,6,Domingo,Sí,No,18:09,Noche,Granada,App,Bebida fría,Frappé de café,M,1,12500,15,10600,Tarjeta débito,Recurrente,25-34,1.7,4,Aceptable,28.6,No
101116,2026-02-08,2,Febrero,6,Domingo,Sí,No,18:21,Noche,San Antonio,Mostrador,Almuerzo,Ensalada César,,2,19500,0,39000,Efectivo,Recurrente,25-34,7.4,,,28.6,No
101109,2026-02-08,2,Febrero,6,Domingo,Sí,No,20:19,Noche,San Antonio,Mostrador,Snacks,Galletas,,3,4500,0,13500,Efectivo,Nuevo,55 o más,2.9,,,28.6,No
101118,2026-02-08,2,Febrero,6,Domingo,Sí,No,20:59,Noche,San Antonio,Domicilio,Bebida fría,Frappé de café,L,2,15600,5,29600,Billetera digital,Fidelizado,18-24,,,,28.6,No
101137,2026-02-09,2,Febrero,7,Lunes,No,No,06:00,Mañana,Granada,Mostrador,Café caliente,Latte,S,1,7600,0,7600,Efectivo,Recurrente,35-44,15.0,4,Buen precio por el tamaño,27.1,Sí
101139,2026-02-09,2,Febrero,7,Lunes,No,No,06:12,Mañana,Granada,Mostrador,Panadería,Buñuelo,,2,2200,5,4200,Tarjeta débito,Fidelizado,18-24,2.7,,,27.1,Sí
101140,2026-02-09,2,Febrero,7,Lunes,No,No,07:23,Mañana,San Antonio,Mostrador,Café caliente,Latte,M,1,9000,0,9000,Tarjeta débito,Recurrente,35-44,3.0,4,,27.1,Sí
101132,2026-02-09,2,Febrero,7,Lunes,No,No,08:09,Mañana,Centro,Mostrador,Snacks,Empanada,,1,3500,0,3500,Tarjeta crédito,Nuevo,25-34,7.6,,,27.1,Sí
101135,2026-02-09,2,Febrero,7,Lunes,No,No,08:56,Mañana,Centro,Mostrador,Café caliente,Americano,M,3,5500,5,15700,Tarjeta débito,Fidelizado,25-34,10.5,,,27.1,Sí
101144,2026-02-09,2,Febrero,7,Lunes,No,No,09:06,Mañana,San Antonio,Mostrador,Panadería,Pandebono,,3,2500,5,7100,Tarjeta débito,Fidelizado,25-34,3.2,,,27.1,Sí
101128,2026-02-09,2,Febrero,7,Lunes,No,No,09:37,Mañana,Centro,Mostrador,Panadería,Pandebono,,1,2500,0,2500,Tarjeta crédito,Nuevo,25-34,11.8,,,27.1,Sí
101127,2026-02-09,2,Febrero,7,Lunes,No,No,09:41,Mañana,Centro,Mostrador,Café caliente,Capuchino,M,1,8500,0,8500,Tarjeta débito,Recurrente,35-44,13.1,3,,27.1,Sí
101154,2026-02-09,2,Febrero,7,Lunes,No,No,09:47,Mañana,Ciudad Jardín,Mostrador,Café caliente,Capuchino,M,3,8500,5,24200,Tarjeta crédito,Fidelizado,45-54,3.2,,,27.1,Sí
101142,2026-02-09,2,Febrero,7,Lunes,No,No,09:50,Mañana,San Antonio,Mostrador,Café caliente,Tinto,M,1,3500,0,3500,Efectivo,Nuevo,45-54,2.0,5,,27.1,Sí
101151,2026-02-09,2,Febrero,7,Lunes,No,No,10:01,Media mañana,Ciudad Jardín,Mostrador,Café caliente,Tinto,M,1,3500,0,3500,Tarjeta débito,Recurrente,45-54,3.5,4,Muy buen café,27.1,Sí
101152,2026-02-09,2,Febrero,7,Lunes,No,No,11:13,Media mañana,Ciudad Jardín,Mostrador,Panadería,Pandebono,,1,2500,0,2500,Tarjeta crédito,Nuevo,35-44,5.0,5,,27.1,Sí
101141,2026-02-09,2,Febrero,7,Lunes,No,No,11:20,Media mañana,San Antonio,Mostrador,Café caliente,Americano,M,3,5500,0,16500,Billetera digital,Nuevo,25-34,3.0,,,27.1,Sí
101129,2026-02-09,2,Febrero,7,Lunes,No,No,13:24,Almuerzo,Centro,Mostrador,Almuerzo,Ensalada César,,1,19500,0,19500,Efectivo,Nuevo,25-34,26.6,,,27.1,Sí
101131,2026-02-09,2,Febrero,7,Lunes,No,No,13:24,Almuerzo,Centro,Domicilio,Bebida fría,Cold brew,L,2,13100,0,26200,Billetera digital,Recurrente,45-54,,,,27.1,Sí
101134,2026-02-09,2,Febrero,7,Lunes,No,No,13:40,Almuerzo,Centro,Mostrador,Snacks,Empanada,,1,3500,0,3500,Tarjeta crédito,Recurrente,18-24,15.3,,,27.1,Sí
101147,2026-02-09,2,Febrero,7,Lunes,No,No,13:43,Almuerzo,San Antonio,Domicilio,Almuerzo,Ensalada César,,1,19500,0,19500,Billetera digital,Nuevo,25-34,,,,27.1,Sí
101153,2026-02-09,2,Febrero,7,Lunes,No,No,13:51,Almuerzo,Ciudad Jardín,Domicilio,Almuerzo,Wrap de pollo,,2,18500,0,37000,Billetera digital,Nuevo,45-54,,5,Excelente atención,27.1,Sí
101130,2026-02-09,2,Febrero,7,Lunes,No,No,13:59,Almuerzo,Centro,Domicilio,Snacks,Empanada,,1,3500,0,3500,Efectivo,Nuevo,18-24,,,,27.1,Sí
101148,2026-02-09,2,Febrero,7,Lunes,No,No,14:50,Tarde,San Antonio,Mostrador,Almuerzo,Wrap de pollo,,2,18500,5,35200,Efectivo,Fidelizado,18-24,2.9,,,27.1,Sí
101143,2026-02-09,2,Febrero,7,Lunes,No,No,15:46,Tarde,San Antonio,Mostrador,Café caliente,Capuchino,L,1,10600,5,10100,Tarjeta débito,Fidelizado,18-24,2.5,,,27.1,Sí
101149,2026-02-09,2,Febrero,7,Lunes,No,No,17:14,Tarde,San Antonio,Mostrador,Almuerzo,Ensalada César,,1,19500,0,19500,Efectivo,Recurrente,18-24,2.2,4,,27.1,Sí
101138,2026-02-09,2,Febrero,7,Lunes,No,No,17:33,Tarde,Granada,Domicilio,Café caliente,Chocolate caliente,L,2,10000,5,19000,Tarjeta crédito,Fidelizado,45-54,,,,27.1,Sí
101133,2026-02-09,2,Febrero,7,Lunes,No,No,17:48,Tarde,Centro,Domicilio,Bebida fría,Té helado,S,4,6400,0,25600,Tarjeta crédito,Recurrente,25-34,,,,27.1,Sí
101146,2026-02-09,2,Febrero,7,Lunes,No,No,18:12,Noche,San Antonio,Domicilio,Café caliente,Mocaccino,L,1,11900,0,11900,Efectivo,Recurrente,25-34,,,,27.1,Sí
101136,2026-02-09,2,Febrero,7,Lunes,No,No,19:12,Noche,Granada,Domicilio,Bebida fría,Frappé de café,M,1,12500,0,12500,Tarjeta débito,Nuevo,35-44,,5,,27.1,Sí
101145,2026-02-09,2,Febrero,7,Lunes,No,No,19:31,Noche,San Antonio,Mostrador,Panadería,Buñuelo,,3,2200,5,6300,Billetera digital,Fidelizado,25-34,4.9,,,27.1,Sí
101150,2026-02-09,2,Febrero,7,Lunes,No,No,19:54,Noche,San Antonio,Mostrador,Panadería,Croissant,,1,6500,0,6500,Tarjeta débito,Recurrente,18-24,2.4,,,27.1,Sí
101167,2026-02-10,2,Febrero,7,Martes,No,No,06:34,Mañana,Centro,Mostrador,Café caliente,Americano,M,1,5500,0,5500,Billetera digital,Recurrente,35-44,2.8,5,,28.5,No
101176,2026-02-10,2,Febrero,7,Martes,No,No,06:52,Mañana,San Antonio,Domicilio,Snacks,Galletas,,1,4500,0,4500,Billetera digital,Recurrente,18-24,,5,La app funciona bien,28.5,No
101162,2026-02-10,2,Febrero,7,Martes,No,No,07:04,Mañana,Centro,Mostrador,Panadería,Buñuelo,,1,2200,0,2200,Tarjeta débito,Nuevo,25-34,5.9,,,28.5,No
101173,2026-02-10,2,Febrero,7,Martes,No,No,07:04,Mañana,San Antonio,Mostrador,Café caliente,Capuchino,M,2,8500,5,16200,Billetera digital,Fidelizado,18-24,3.2,5,,28.5,No
101164,2026-02-10,2,Febrero,7,Martes,No,No,07:07,Mañana,Centro,Mostrador,Café caliente,Latte,M,1,9000,0,9000,Efectivo,Recurrente,35-44,17.0,,,28.5,No
101184,2026-02-10,2,Febrero,7,Martes,No,No,07:17,Mañana,Ciudad Jardín,Mostrador,Snacks,Galletas,,2,4500,0,9000,Tarjeta débito,Recurrente,35-44,2.7,,,28.5,No
101166,2026-02-10,2,Febrero,7,Martes,No,No,07:48,Mañana,Centro,Domicilio,Panadería,Croissant,,1,6500,5,6200,Efectivo,Fidelizado,18-24,,5,,28.5,No
101187,2026-02-10,2,Febrero,7,Martes,No,No,08:31,Mañana,Ciudad Jardín,Mostrador,Café caliente,Tinto,M,1,3500,0,3500,Tarjeta débito,Recurrente,35-44,10.9,,,28.5,No
101175,2026-02-10,2,Febrero,7,Martes,No,No,08:40,Mañana,San Antonio,Mostrador,Panadería,Croissant,,1,6500,0,6500,Tarjeta débito,Recurrente,18-24,2.1,,,28.5,No
101174,2026-02-10,2,Febrero,7,Martes,No,No,09:16,Mañana,San Antonio,Mostrador,Snacks,Empanada,,3,3500,0,10500,Tarjeta débito,Recurrente,18-24,5.9,,,28.5,No
101183,2026-02-10,2,Febrero,7,Martes,No,No,09:41,Mañana,Ciudad Jardín,Mostrador,Café caliente,Latte,S,2,7600,5,14400,Efectivo,Fidelizado,18-24,4.2,,,28.5,No
101177,2026-02-10,2,Febrero,7,Martes,No,No,10:56,Media mañana,San Antonio,Mostrador,Panadería,Muffin,,2,7000,5,13300,Tarjeta débito,Fidelizado,18-24,3.0,,,28.5,No
101182,2026-02-10,2,Febrero,7,Martes,No,No,11:12,Media mañana,Ciudad Jardín,Mostrador,Bebida fría,Té helado,L,1,9400,5,8900,Tarjeta débito,Fidelizado,25-34,2.4,,,28.5,No
101185,2026-02-10,2,Febrero,7,Martes,No,No,11:52,Media mañana,Ciudad Jardín,Mostrador,Almuerzo,Ensalada César,,2,19500,0,39000,Efectivo,Recurrente,35-44,3.2,,,28.5,No
101171,2026-02-10,2,Febrero,7,Martes,No,No,12:03,Almuerzo,Granada,Domicilio,Almuerzo,Sándwich cubano,,2,21000,0,42000,Efectivo,Recurrente,18-24,,,,28.5,No
101156,2026-02-10,2,Febrero,7,Martes,No,No,12:12,Almuerzo,Centro,Domicilio,Almuerzo,Sándwich cubano,,1,21000,5,20000,Efectivo,Fidelizado,18-24,,4,,28.5,No
101157,2026-02-10,2,Febrero,7,Martes,No,No,12:28,Almuerzo,Centro,Mostrador,Snacks,Papas de paquete,,3,5000,5,14200,Billetera digital,Fidelizado,18-24,6.9,5,Buen precio por el tamaño,28.5,No
101159,2026-02-10,2,Febrero,7,Martes,No,No,12:54,Almuerzo,Centro,Mostrador,Bebida fría,Jugo natural,M,1,8500,0,8500,Tarjeta débito,Recurrente,35-44,6.3,5,Excelente atención,28.5,No
101155,2026-02-10,2,Febrero,7,Martes,No,No,12:55,Almuerzo,Centro,Mostrador,Café caliente,Capuchino,M,1,8500,0,8500,Tarjeta crédito,Recurrente,25-34,15.4,,,28.5,No
101169,2026-02-10,2,Febrero,7,Martes,No,No,13:41,Almuerzo,Granada,Mostrador,Almuerzo,Wrap de pollo,,3,18500,0,55500,Efectivo,Nuevo,18-24,6.1,,,28.5,No
101172,2026-02-10,2,Febrero,7,Martes,No,No,13:48,Almuerzo,Granada,Mostrador,Almuerzo,Sándwich cubano,,1,21000,0,21000,Tarjeta crédito,Recurrente,25-34,10.0,,,28.5,No
101170,2026-02-10,2,Febrero,7,Martes,No,No,14:00,Tarde,Granada,Mostrador,Bebida fría,Frappé de café,S,2,10600,5,20100,Billetera digital,Fidelizado,45-54,3.6,5,La app funciona bien,28.5,No
101179,2026-02-10,2,Febrero,7,Martes,No,No,14:07,Tarde,San Antonio,Domicilio,Almuerzo,Wrap de pollo,,1,18500,0,18500,Efectivo,Nuevo,25-34,,,,28.5,No
101165,2026-02-10,2,Febrero,7,Martes,No,No,14:10,Tarde,Centro,Mostrador,Bebida fría,Jugo natural,L,1,10600,0,10600,Tarjeta débito,Recurrente,18-24,4.3,5,,28.5,No
101188,2026-02-10,2,Febrero,7,Martes,No,No,14:22,Tarde,Ciudad Jardín,Mostrador,Bebida fría,Frappé de café,M,1,12500,5,11900,Efectivo,Fidelizado,35-44,8.1,,,28.5,No
101168,2026-02-10,2,Febrero,7,Martes,No,No,14:23,Tarde,Granada,Mostrador,Café caliente,Americano,M,2,5500,5,10400,Billetera digital,Fidelizado,18-24,3.0,5,Muy buen café,28.5,No
101160,2026-02-10,2,Febrero,7,Martes,No,No,14:39,Tarde,Centro,Mostrador,Café caliente,Mocaccino,M,2,9500,5,18000,Efectivo,Fidelizado,18-24,1.8,,,28.5,No
101181,2026-02-10,2,Febrero,7,Martes,No,No,15:42,Tarde,Ciudad Jardín,Mostrador,Almuerzo,Ensalada César,,3,19500,0,58500,Efectivo,Recurrente,35-44,2.0,,,28.5,No
101158,2026-02-10,2,Febrero,7,Martes,No,No,16:00,Tarde,Centro,Mostrador,Snacks,Empanada,,1,3500,0,3500,Efectivo,Recurrente,25-34,6.5,,,28.5,No
101178,2026-02-10,2,Febrero,7,Martes,No,No,16:22,Tarde,San Antonio,Domicilio,Café caliente,Americano,M,1,5500,0,5500,Efectivo,Nuevo,18-24,,4,Aceptable,28.5,No
101161,2026-02-10,2,Febrero,7,Martes,No,No,16:58,Tarde,Centro,Domicilio,Panadería,Torta de zanahoria,,2,9000,0,18000,Efectivo,Recurrente,25-34,,4,,28.5,No
101180,2026-02-10,2,Febrero,7,Martes,No,No,17:25,Tarde,San Antonio,Mostrador,Panadería,Buñuelo,,1,2200,0,2200,Tarjeta crédito,Recurrente,18-24,1.7,,,28.5,No
101163,2026-02-10,2,Febrero,7,Martes,No,No,19:40,Noche,Centro,Mostrador,Bebida fría,Frappé de café,M,4,12500,5,47500,Efectivo,Fidelizado,18-24,3.9,,,28.5,No
101186,2026-02-10,2,Febrero,7,Martes,No,No,20:21,Noche,Ciudad Jardín,Domicilio,Panadería,Pandebono,,3,2500,0,7500,Billetera digital,Recurrente,25-34,,,,28.5,No
101189,2026-02-11,2,Febrero,7,Miércoles,No,No,06:07,Mañana,Centro,Mostrador,Café caliente,Capuchino,L,1,10600,0,10600,Efectivo,Recurrente,25-34,10.0,,,28.6,No
101190,2026-02-11,2,Febrero,7,Miércoles,No,No,06:44,Mañana,Centro,Mostrador,Panadería,Buñuelo,,1,2200,0,2200,Efectivo,Recurrente,25-34,22.0,1,,28.6,No
101218,2026-02-11,2,Febrero,7,Miércoles,No,No,06:57,Mañana,Ciudad Jardín,Mostrador,Snacks,Empanada,,1,3500,0,3500,Billetera digital,Recurrente,35-44,1.7,3,,28.6,No
101193,2026-02-11,2,Febrero,7,Miércoles,No,No,07:40,Mañana,Centro,Mostrador,Bebida fría,Limonada de coco,S,1,9400,5,8900,Billetera digital,Fidelizado,Menos de 18,2.8,,,28.6,No
101216,2026-02-11,2,Febrero,7,Miércoles,No,No,07:46,Mañana,Ciudad Jardín,Mostrador,Café caliente,Tinto,M,1,3500,0,3500,Tarjeta débito,Nuevo,Menos de 18,1.8,,,28.6,No
101224,2026-02-11,2,Febrero,7,Miércoles,No,No,08:06,Mañana,Ciudad Jardín,Mostrador,Snacks,Galletas,,1,4500,0,4500,Billetera digital,Recurrente,55 o más,2.3,,,28.6,No
101206,2026-02-11,2,Febrero,7,Miércoles,No,No,08:15,Mañana,San Antonio,Mostrador,Café caliente,Tinto,L,1,4400,0,4400,Billetera digital,Recurrente,25-34,3.8,,,28.6,No
101225,2026-02-11,2,Febrero,7,Miércoles,No,No,08:22,Mañana,Ciudad Jardín,Mostrador,Panadería,Pandebono,,1,2500,0,2500,Tarjeta crédito,Nuevo,35-44,8.9,,,28.6,No
101209,2026-02-11,2,Febrero,7,Miércoles,No,No,08:33,Mañana,San Antonio,Domicilio,Café caliente,Capuchino,M,1,8500,0,8500,Efectivo,Nuevo,18-24,,,,28.6,No
101194,2026-02-11,2,Febrero,7,Miércoles,No,No,09:04,Mañana,Centro,Mostrador,Bebida fría,Cold brew,M,1,10500,0,10500,Efectivo,Recurrente,25-34,3.4,3,,28.6,No
101195,2026-02-11,2,Febrero,7,Miércoles,No,No,10:13,Media mañana,Centro,App,Snacks,Empanada,,1,3500,15,3000,Billetera digital,Recurrente,25-34,2.1,,,28.6,No
101202,2026-02-11,2,Febrero,7,Miércoles,No,No,10:17,Media mañana,Granada,Mostrador,Café caliente,Mocaccino,M,3,9500,0,28500,Efectivo,Recurrente,45-54,5.4,,,28.6,No
101223,2026-02-11,2,Febrero,7,Miércoles,No,No,10:31,Media mañana,Ciudad Jardín,Mostrador,Bebida fría,Té helado,M,1,7500,0,7500,Billetera digital,Recurrente,45-54,4.2,,,28.6,No
101201,2026-02-11,2,Febrero,7,Miércoles,No,No,10:57,Media mañana,Granada,Mostrador,Panadería,Croissant,,1,6500,0,6500,Efectivo,Recurrente,18-24,2.0,4,,28.6,No
101220,2026-02-11,2,Febrero,7,Miércoles,No,No,11:01,Media mañana,Ciudad Jardín,Mostrador,Almuerzo,Sándwich cubano,,1,21000,0,21000,Efectivo,Recurrente,25-34,3.7,4,La app funciona bien,28.6,No
101219,2026-02-11,2,Febrero,7,Miércoles,No,No,11:31,Media mañana,Ciudad Jardín,Mostrador,Snacks,Empanada,,3,3500,0,10500,Tarjeta débito,Nuevo,55 o más,4.2,5,,28.6,No
101192,2026-02-11,2,Febrero,7,Miércoles,No,No,12:19,Almuerzo,Centro,Mostrador,Almuerzo,Bowl vegetariano,,4,22000,0,88000,Billetera digital,Nuevo,25-34,13.6,,,28.6,No
101214,2026-02-11,2,Febrero,7,Miércoles,No,No,12:19,Almuerzo,Ciudad Jardín,Mostrador,Café caliente,Tinto,M,2,3500,0,7000,Tarjeta débito,Nuevo,25-34,4.4,,,28.6,No
101191,2026-02-11,2,Febrero,7,Miércoles,No,No,12:24,Almuerzo,Centro,Mostrador,Almuerzo,Wrap de pollo,,3,18500,0,55500,Tarjeta débito,Nuevo,18-24,14.2,4,Muy buen café,28.6,No
101222,2026-02-11,2,Febrero,7,Miércoles,No,No,12:34,Almuerzo,Ciudad Jardín,Mostrador,Almuerzo,Sándwich cubano,,1,21000,0,21000,Efectivo,Recurrente,45-54,4.0,4,,28.6,No
101196,2026-02-11,2,Febrero,7,Miércoles,No,No,12:44,Almuerzo,Centro,Mostrador,Panadería,Pandebono,,3,2500,5,7100,Efectivo,Fidelizado,25-34,14.7,,,28.6,No
101221,2026-02-11,2,Febrero,7,Miércoles,No,No,12:53,Almuerzo,Ciudad Jardín,Mostrador,Bebida fría,Jugo natural,M,1,8500,0,8500,Efectivo,Recurrente,55 o más,7.0,,,28.6,No
101199,2026-02-11,2,Febrero,7,Miércoles,No,No,13:12,Almuerzo,Granada,Mostrador,Panadería,Buñuelo,,1,2200,0,2200,Efectivo,Recurrente,35-44,5.6,4,,28.6,No
101215,2026-02-11,2,Febrero,7,Miércoles,No,No,13:12,Almuerzo,Ciudad Jardín,Mostrador,Almuerzo,Sándwich cubano,,2,21000,0,42000,Tarjeta débito,Recurrente,35-44,4.9,,,28.6,No
101198,2026-02-11,2,Febrero,7,Miércoles,No,No,13:15,Almuerzo,Granada,Mostrador,Almuerzo,Sándwich cubano,,1,21000,5,20000,Tarjeta crédito,Fidelizado,25-34,11.1,,,28.6,No
101197,2026-02-11,2,Febrero,7,Miércoles,No,No,13:23,Almuerzo,Centro,Mostrador,Bebida fría,Té helado,M,3,7500,5,21400,Efectivo,Fidelizado,18-24,7.3,5,Muy buen café,28.6,No
101213,2026-02-11,2,Febrero,7,Miércoles,No,No,13:26,Almuerzo,Ciudad Jardín,Mostrador,Bebida fría,Cold brew,L,2,13100,5,24900,Efectivo,Fidelizado,35-44,10.3,,,28.6,No
101211,2026-02-11,2,Febrero,7,Miércoles,No,No,13:49,Almuerzo,San Antonio,Mostrador,Almuerzo,Ensalada César,,1,19500,5,18500,Tarjeta débito,Fidelizado,18-24,11.4,3,,28.6,No
101212,2026-02-11,2,Febrero,7,Miércoles,No,No,13:56,Almuerzo,Ciudad Jardín,Mostrador,Almuerzo,Wrap de pollo,,3,18500,5,52700,Tarjeta crédito,Fidelizado,35-44,7.3,3,,28.6,No
101205,2026-02-11,2,Febrero,7,Miércoles,No,No,14:01,Tarde,San Antonio,Mostrador,Bebida fría,Cold brew,M,1,10500,5,10000,Tarjeta débito,Fidelizado,35-44,3.2,,,28.6,No
101204,2026-02-11,2,Febrero,7,Miércoles,No,No,15:09,Tarde,San Antonio,Mostrador,Panadería,Buñuelo,,1,2200,5,2100,Efectivo,Fidelizado,25-34,2.8,5,Volveré pronto,28.6,No
101208,2026-02-11,2,Febrero,7,Miércoles,No,No,15:31,Tarde,San Antonio,Mostrador,Snacks,Papas de paquete,,3,5000,5,14200,Efectivo,Fidelizado,45-54,2.0,,,28.6,No
101200,2026-02-11,2,Febrero,7,Miércoles,No,No,17:38,Tarde,Granada,Mostrador,Bebida fría,Limonada de coco,S,1,9400,0,9400,Tarjeta crédito,Recurrente,18-24,1.9,,,28.6,No
101210,2026-02-11,2,Febrero,7,Miércoles,No,No,18:34,Noche,San Antonio,Mostrador,Bebida fría,Cold brew,L,3,13100,0,39300,Billetera digital,Recurrente,18-24,2.4,5,,28.6,No
101217,2026-02-11,2,Febrero,7,Miércoles,No,No,19:15,Noche,Ciudad Jardín,Mostrador,Café caliente,Americano,M,3,5500,5,15700,Billetera digital,Fidelizado,25-34,4.3,,,28.6,No
101207,2026-02-11,2,Febrero,7,Miércoles,No,No,19:19,Noche,San Antonio,Domicilio,Snacks,Empanada,,1,3500,5,3300,Billetera digital,Fidelizado,35-44,,3,,28.6,No
101203,2026-02-11,2,Febrero,7,Miércoles,No,No,19:40,Noche,Granada,Mostrador,Almuerzo,Wrap de pollo,,2,18500,0,37000,Tarjeta débito,Recurrente,25-34,2.4,,,28.6,No
101233,2026-02-12,2,Febrero,7,Jueves,No,No,06:14,Mañana,Centro,Mostrador,Panadería,Torta de zanahoria,,1,9000,5,8600,Tarjeta crédito,Fidelizado,25-34,12.8,,,30.2,No
101227,2026-02-12,2,Febrero,7,Jueves,No,No,06:38,Mañana,Centro,Mostrador,Café caliente,Americano,L,1,6900,0,6900,Billetera digital,Recurrente,18-24,8.7,,,30.2,No
101251,2026-02-12,2,Febrero,7,Jueves,No,No,06:41,Mañana,Ciudad Jardín,Mostrador,Café caliente,Americano,M,1,5500,5,5200,Tarjeta débito,Fidelizado,35-44,4.2,,,30.2,No
101244,2026-02-12,2,Febrero,7,Jueves,No,No,07:04,Mañana,Granada,Mostrador,Panadería,Buñuelo,,1,2200,0,2200,Billetera digital,Recurrente,35-44,2.5,5,Excelente atención,30.2,No
101237,2026-02-12,2,Febrero,7,Jueves,No,No,07:05,Mañana,Centro,Domicilio,Panadería,Pandebono,,2,2500,0,5000,Billetera digital,Nuevo,25-34,,3,,30.2,No
101235,2026-02-12,2,Febrero,7,Jueves,No,No,07:42,Mañana,Centro,App,Café caliente,Americano,L,2,6900,15,11700,Tarjeta débito,Fidelizado,25-34,2.6,,,30.2,No
101236,2026-02-12,2,Febrero,7,Jueves,No,No,08:12,Mañana,Centro,Domicilio,Bebida fría,Cold brew,S,1,8900,0,8900,Efectivo,Nuevo,55 o más,,,,30.2,No
101228,2026-02-12,2,Febrero,7,Jueves,No,No,08:19,Mañana,Centro,App,Panadería,Croissant,,2,6500,15,11000,Tarjeta crédito,Recurrente,25-34,3.4,,,30.2,No
101252,2026-02-12,2,Febrero,7,Jueves,No,No,09:05,Mañana,Ciudad Jardín,Mostrador,Bebida fría,Cold brew,L,2,13100,0,26200,Billetera digital,Recurrente,35-44,4.3,5,,30.2,No
101231,2026-02-12,2,Febrero,7,Jueves,No,No,09:35,Mañana,Centro,App,Panadería,Buñuelo,,3,2200,15,5600,Billetera digital,Recurrente,25-34,2.0,,,30.2,No
101234,2026-02-12,2,Febrero,7,Jueves,No,No,09:40,Mañana,Centro,Mostrador,Café caliente,Capuchino,M,1,8500,0,8500,Efectivo,Nuevo,25-34,10.1,,,30.2,No
101247,2026-02-12,2,Febrero,7,Jueves,No,No,09:49,Mañana,San Antonio,Mostrador,Café caliente,Capuchino,L,1,10600,0,10600,Tarjeta débito,Recurrente,18-24,3.0,5,,30.2,No
101253,2026-02-12,2,Febrero,7,Jueves,No,No,11:20,Media mañana,Ciudad Jardín,Mostrador,Bebida fría,Frappé de café,L,2,15600,0,31200,Billetera digital,Recurrente,35-44,3.2,,,30.2,No
101230,2026-02-12,2,Febrero,7,Jueves,No,No,11:54,Media mañana,Centro,Mostrador,Café caliente,Latte,S,3,7600,0,22800,Efectivo,Nuevo,35-44,4.1,5,,30.2,No
101254,2026-02-12,2,Febrero,7,Jueves,No,No,12:09,Almuerzo,Ciudad Jardín,Domicilio,Bebida fría,Frappé de café,L,1,15600,0,15600,Efectivo,Recurrente,35-44,,,,30.2,No
101241,2026-02-12,2,Febrero,7,Jueves,No,No,12:25,Almuerzo,Granada,Mostrador,Panadería,Buñuelo,,1,2200,0,2200,Efectivo,Nuevo,25-34,9.9,3,Bueno,30.2,No
101226,2026-02-12,2,Febrero,7,Jueves,No,No,13:44,Almuerzo,Centro,Mostrador,Almuerzo,Wrap de pollo,,1,18500,5,17600,Tarjeta débito,Fidelizado,35-44,6.3,4,,30.2,No
101250,2026-02-12,2,Febrero,7,Jueves,No,No,13:51,Almuerzo,Ciudad Jardín,Mostrador,Almuerzo,Wrap de pollo,,2,18500,5,35200,Efectivo,Fidelizado,45-54,8.0,,,30.2,No
101242,2026-02-12,2,Febrero,7,Jueves,No,No,14:56,Tarde,Granada,Mostrador,Snacks,Papas de paquete,,1,5000,5,4800,Billetera digital,Fidelizado,45-54,2.2,4,La app funciona bien,30.2,No
101248,2026-02-12,2,Febrero,7,Jueves,No,No,15:21,Tarde,San Antonio,Mostrador,Panadería,Pandebono,,2,2500,0,5000,Efectivo,Nuevo,18-24,5.1,4,,30.2,No
101245,2026-02-12,2,Febrero,7,Jueves,No,No,16:35,Tarde,San Antonio,Mostrador,Bebida fría,Limonada de coco,S,2,9400,5,17900,Efectivo,Fidelizado,18-24,2.0,,,30.2,No
101240,2026-02-12,2,Febrero,7,Jueves,No,No,16:53,Tarde,Granada,Mostrador,Café caliente,Americano,L,1,6900,5,6600,Billetera digital,Fidelizado,18-24,3.0,5,Rápido y amable,30.2,No
101246,2026-02-12,2,Febrero,7,Jueves,No,No,17:44,Tarde,San Antonio,Mostrador,Bebida fría,Cold brew,M,1,10500,0,10500,Efectivo,Nuevo,25-34,3.5,,,30.2,No
101249,2026-02-12,2,Febrero,7,Jueves,No,No,17:45,Tarde,Ciudad Jardín,Mostrador,Bebida fría,Limonada de coco,M,1,11000,0,11000,Efectivo,Recurrente,35-44,10.3,5,,30.2,No
101243,2026-02-12,2,Febrero,7,Jueves,No,No,18:14,Noche,Granada,Mostrador,Café caliente,Latte,M,3,9000,5,25600,Tarjeta débito,Fidelizado,18-24,8.2,,,30.2,No
101238,2026-02-12,2,Febrero,7,Jueves,No,No,18:19,Noche,Granada,Mostrador,Bebida fría,Frappé de café,S,2,10600,5,20100,Tarjeta crédito,Fidelizado,18-24,6.4,4,,30.2,No
101229,2026-02-12,2,Febrero,7,Jueves,No,No,18:22,Noche,Centro,Mostrador,Bebida fría,Jugo natural,S,1,7200,0,7200,Tarjeta crédito,Recurrente,25-34,5.7,,,30.2,No
101232,2026-02-12,2,Febrero,7,Jueves,No,No,18:23,Noche,Centro,App,Bebida fría,Limonada de coco,S,1,9400,15,8000,Tarjeta crédito,Fidelizado,25-34,1.0,,,30.2,No
101239,2026-02-12,2,Febrero,7,Jueves,No,No,19:38,Noche,Granada,Domicilio,Snacks,Galletas,,1,4500,0,4500,Efectivo,Nuevo,25-34,,4,,30.2,No
101263,2026-02-13,2,Febrero,7,Viernes,No,No,07:01,Mañana,Centro,Mostrador,Bebida fría,Limonada de coco,S,1,9400,0,9400,Efectivo,Recurrente,45-54,10.8,2,,27.8,No
101264,2026-02-13,2,Febrero,7,Viernes,No,No,08:25,Mañana,Centro,Mostrador,Café caliente,Tinto,L,1,4400,0,4400,Billetera digital,Nuevo,25-34,7.8,,,27.8,No
101278,2026-02-13,2,Febrero,7,Viernes,No,No,09:00,Mañana,Ciudad Jardín,Mostrador,Panadería,Pandebono,,4,2500,5,9500,Efectivo,Fidelizado,55 o más,2.5,,,27.8,No
101267,2026-02-13,2,Febrero,7,Viernes,No,No,09:10,Mañana,Centro,Mostrador,Café caliente,Latte,L,3,11200,0,33600,Tarjeta débito,Recurrente,25-34,7.6,,,27.8,No
101262,2026-02-13,2,Febrero,7,Viernes,No,No,10:19,Media mañana,Centro,Mostrador,Panadería,Pandebono,,1,2500,0,2500,Tarjeta débito,Nuevo,25-34,4.5,,,27.8,No
101271,2026-02-13,2,Febrero,7,Viernes,No,No,10:53,Media mañana,Granada,Mostrador,Snacks,Papas de paquete,,1,5000,0,5000,Billetera digital,Recurrente,25-34,2.1,,,27.8,No
101268,2026-02-13,2,Febrero,7,Viernes,No,No,10:57,Media mañana,Granada,Mostrador,Snacks,Galletas,,1,4500,0,4500,Tarjeta crédito,Recurrente,55 o más,4.7,,,27.8,No
101269,2026-02-13,2,Febrero,7,Viernes,No,No,10:58,Media mañana,Granada,App,Panadería,Pandebono,,1,2500,15,2100,Billetera digital,Nuevo,35-44,2.6,,,27.8,No
101265,2026-02-13,2,Febrero,7,Viernes,No,No,12:13,Almuerzo,Centro,Mostrador,Bebida fría,Té helado,S,1,6400,0,6400,Tarjeta crédito,Recurrente,25-34,19.9,,,27.8,No
101256,2026-02-13,2,Febrero,7,Viernes,No,No,12:14,Almuerzo,Centro,Domicilio,Almuerzo,Wrap de pollo,,1,18500,0,18500,Tarjeta débito,Recurrente,35-44,,,,27.8,No
101266,2026-02-13,2,Febrero,7,Viernes,No,No,12:43,Almuerzo,Centro,Mostrador,Snacks,Empanada,,1,3500,5,3300,Efectivo,Fidelizado,55 o más,15.1,2,,27.8,No
101270,2026-02-13,2,Febrero,7,Viernes,No,No,12:43,Almuerzo,Granada,App,Snacks,Galletas,,2,4500,15,7600,Billetera digital,Recurrente,18-24,2.0,5,Volveré pronto,27.8,No
101258,2026-02-13,2,Febrero,7,Viernes,No,No,13:12,Almuerzo,Centro,Domicilio,Bebida fría,Frappé de café,M,3,12500,5,35600,Tarjeta crédito,Fidelizado,25-34,,,,27.8,No
101273,2026-02-13,2,Febrero,7,Viernes,No,No,13:23,Almuerzo,Granada,Mostrador,Almuerzo,Wrap de pollo,,3,18500,0,55500,Efectivo,Nuevo,18-24,5.6,4,,27.8,No
101255,2026-02-13,2,Febrero,7,Viernes,No,No,13:39,Almuerzo,Centro,App,Almuerzo,Sándwich cubano,,4,21000,15,71400,Tarjeta crédito,Nuevo,35-44,3.4,,,27.8,No
101259,2026-02-13,2,Febrero,7,Viernes,No,No,13:46,Almuerzo,Centro,Domicilio,Almuerzo,Sándwich cubano,,1,21000,0,21000,Efectivo,Recurrente,25-34,,,,27.8,No
101257,2026-02-13,2,Febrero,7,Viernes,No,No,13:52,Almuerzo,Centro,Mostrador,Bebida fría,Limonada de coco,L,1,13800,0,13800,Tarjeta débito,Nuevo,25-34,7.4,3,,27.8,No
101261,2026-02-13,2,Febrero,7,Viernes,No,No,15:38,Tarde,Centro,Mostrador,Bebida fría,Cold brew,S,1,8900,0,8900,Tarjeta crédito,Nuevo,18-24,4.4,,,27.8,No
101275,2026-02-13,2,Febrero,7,Viernes,No,No,16:09,Tarde,San Antonio,Mostrador,Snacks,Papas de paquete,,2,5000,5,9500,Billetera digital,Fidelizado,18-24,4.5,,,27.8,No
101272,2026-02-13,2,Febrero,7,Viernes,No,No,17:29,Tarde,Granada,Mostrador,Bebida fría,Limonada de coco,L,1,13800,0,13800,Billetera digital,Recurrente,25-34,3.9,,,27.8,No
101276,2026-02-13,2,Febrero,7,Viernes,No,No,17:52,Tarde,San Antonio,Mostrador,Café caliente,Capuchino,M,1,8500,0,8500,Efectivo,Recurrente,25-34,1.9,5,Volveré pronto,27.8,No
101277,2026-02-13,2,Febrero,7,Viernes,No,No,18:11,Noche,San Antonio,Mostrador,Café caliente,Tinto,M,1,3500,0,3500,Efectivo,Recurrente,35-44,3.4,,,27.8,No
101260,2026-02-13,2,Febrero,7,Viernes,No,No,18:18,Noche,Centro,App,Café caliente,Latte,S,2,7600,15,12900,Billetera digital,Nuevo,25-34,2.2,,,27.8,No
101274,2026-02-13,2,Febrero,7,Viernes,No,No,19:13,Noche,San Antonio,Mostrador,Snacks,Galletas,,2,4500,0,9000,Efectivo,Recurrente,Menos de 18,1.8,,,27.8,No
101300,2026-02-14,2,Febrero,7,Sábado,Sí,No,06:05,Mañana,Granada,Mostrador,Bebida fría,Limonada de coco,L,1,13800,0,13800,Tarjeta débito,Nuevo,55 o más,3.5,,,29.2,No
101301,2026-02-14,2,Febrero,7,Sábado,Sí,No,07:28,Mañana,San Antonio,Mostrador,Café caliente,Capuchino,M,2,8500,5,16200,Tarjeta débito,Fidelizado,25-34,3.0,,,29.2,No
101289,2026-02-14,2,Febrero,7,Sábado,Sí,No,08:12,Mañana,Granada,Mostrador,Panadería,Pandebono,,1,2500,0,2500,Tarjeta débito,Recurrente,25-34,8.7,,,29.2,No
101293,2026-02-14,2,Febrero,7,Sábado,Sí,No,08:19,Mañana,Granada,Mostrador,Panadería,Buñuelo,,3,2200,5,6300,Tarjeta débito,Fidelizado,55 o más,1.7,5,El pandebono estaba recién hecho,29.2,No
101288,2026-02-14,2,Febrero,7,Sábado,Sí,No,08:33,Mañana,Granada,App,Café caliente,Latte,M,1,9000,15,7600,Tarjeta débito,Recurrente,18-24,1.7,,,29.2,No
101286,2026-02-14,2,Febrero,7,Sábado,Sí,No,08:36,Mañana,Granada,Mostrador,Café caliente,Tinto,M,2,3500,0,7000,Tarjeta crédito,Nuevo,25-34,4.4,,,29.2,No
101290,2026-02-14,2,Febrero,7,Sábado,Sí,No,08:43,Mañana,Granada,Mostrador,Café caliente,Capuchino,S,2,7200,0,14400,Tarjeta débito,Recurrente,35-44,2.9,,,29.2,No
101315,2026-02-14,2,Febrero,7,Sábado,Sí,No,08:47,Mañana,Ciudad Jardín,Mostrador,Panadería,Muffin,,3,7000,5,20000,Tarjeta débito,Fidelizado,35-44,4.8,5,Me encanta el ambiente,29.2,No
101313,2026-02-14,2,Febrero,7,Sábado,Sí,No,09:36,Mañana,Ciudad Jardín,Mostrador,Bebida fría,Limonada de coco,S,2,9400,5,17900,Billetera digital,Fidelizado,45-54,7.4,,,29.2,No
101294,2026-02-14,2,Febrero,7,Sábado,Sí,No,09:46,Mañana,Granada,Mostrador,Café caliente,Tinto,M,1,3500,5,3300,Tarjeta crédito,Fidelizado,55 o más,4.3,,,29.2,No
101287,2026-02-14,2,Febrero,7,Sábado,Sí,No,09:47,Mañana,Granada,Mostrador,Panadería,Buñuelo,,1,2200,0,2200,Efectivo,Recurrente,45-54,5.6,5,,29.2,No
101303,2026-02-14,2,Febrero,7,Sábado,Sí,No,10:10,Media mañana,San Antonio,Mostrador,Café caliente,Chocolate caliente,S,4,6800,0,27200,Efectivo,Nuevo,25-34,3.5,,,29.2,No
101306,2026-02-14,2,Febrero,7,Sábado,Sí,No,10:21,Media mañana,San Antonio,Domicilio,Panadería,Buñuelo,,2,2200,0,4400,Tarjeta crédito,Nuevo,25-34,,,,29.2,No
101316,2026-02-14,2,Febrero,7,Sábado,Sí,No,10:40,Media mañana,Ciudad Jardín,Domicilio,Panadería,Buñuelo,,3,2200,0,6600,Tarjeta débito,Nuevo,18-24,,5,Buen precio por el tamaño,29.2,No
101283,2026-02-14,2,Febrero,7,Sábado,Sí,No,11:32,Media mañana,Centro,Mostrador,Panadería,Buñuelo,,2,2200,0,4400,Tarjeta crédito,Recurrente,35-44,1.1,,,29.2,No
101310,2026-02-14,2,Febrero,7,Sábado,Sí,No,11:34,Media mañana,Ciudad Jardín,Mostrador,Panadería,Buñuelo,,1,2200,0,2200,Billetera digital,Recurrente,45-54,2.6,,,29.2,No
101314,2026-02-14,2,Febrero,7,Sábado,Sí,No,11:43,Media mañana,Ciudad Jardín,Mostrador,Café caliente,Americano,L,2,6900,0,13800,Efectivo,Recurrente,35-44,3.0,,,29.2,No
101281,2026-02-14,2,Febrero,7,Sábado,Sí,No,12:00,Almuerzo,Centro,Mostrador,Almuerzo,Wrap de pollo,,4,18500,0,74000,Billetera digital,Recurrente,25-34,9.1,,,29.2,No
101307,2026-02-14,2,Febrero,7,Sábado,Sí,No,12:03,Almuerzo,San Antonio,Mostrador,Bebida fría,Cold brew,S,3,8900,0,26700,Tarjeta débito,Nuevo,25-34,4.0,,,29.2,No
101298,2026-02-14,2,Febrero,7,Sábado,Sí,No,12:18,Almuerzo,Granada,Mostrador,Almuerzo,Wrap de pollo,,1,18500,0,18500,Efectivo,Recurrente,25-34,4.7,4,,29.2,No
101312,2026-02-14,2,Febrero,7,Sábado,Sí,No,12:18,Almuerzo,Ciudad Jardín,Mostrador,Almuerzo,Sándwich cubano,,1,21000,0,21000,Efectivo,Nuevo,55 o más,5.5,,,29.2,No
101308,2026-02-14,2,Febrero,7,Sábado,Sí,No,12:34,Almuerzo,San Antonio,Mostrador,Bebida fría,Frappé de café,M,4,12500,5,47500,Tarjeta débito,Fidelizado,18-24,5.0,4,,29.2,No
101291,2026-02-14,2,Febrero,7,Sábado,Sí,No,12:35,Almuerzo,Granada,Mostrador,Panadería,Pandebono,,2,2500,0,5000,Tarjeta débito,Nuevo,18-24,4.6,,,29.2,No
101282,2026-02-14,2,Febrero,7,Sábado,Sí,No,13:03,Almuerzo,Centro,Mostrador,Almuerzo,Wrap de pollo,,3,18500,0,55500,Billetera digital,Nuevo,18-24,5.1,,,29.2,No
101304,2026-02-14,2,Febrero,7,Sábado,Sí,No,13:07,Almuerzo,San Antonio,Domicilio,Almuerzo,Sándwich cubano,,1,21000,0,21000,Tarjeta débito,Nuevo,25-34,,4,"Bien, pero podría mejorar",29.2,No
101279,2026-02-14,2,Febrero,7,Sábado,Sí,No,13:16,Almuerzo,Centro,Domicilio,Bebida fría,Jugo natural,M,1,8500,0,8500,Efectivo,Recurrente,18-24,,,,29.2,No
101299,2026-02-14,2,Febrero,7,Sábado,Sí,No,13:17,Almuerzo,Granada,Mostrador,Café caliente,Latte,M,2,9000,0,18000,Efectivo,Nuevo,25-34,4.3,,,29.2,No
101297,2026-02-14,2,Febrero,7,Sábado,Sí,No,13:50,Almuerzo,Granada,Mostrador,Bebida fría,Frappé de café,M,4,12500,5,47500,Tarjeta débito,Fidelizado,25-34,6.9,,,29.2,No
101284,2026-02-14,2,Febrero,7,Sábado,Sí,No,15:32,Tarde,Centro,Mostrador,Bebida fría,Frappé de café,S,2,10600,5,20100,Tarjeta crédito,Fidelizado,35-44,4.9,,,29.2,No
101296,2026-02-14,2,Febrero,7,Sábado,Sí,No,15:56,Tarde,Granada,Mostrador,Café caliente,Tinto,S,1,3000,5,2800,Tarjeta débito,Fidelizado,45-54,5.4,4,El pandebono estaba recién hecho,29.2,No
101302,2026-02-14,2,Febrero,7,Sábado,Sí,No,16:40,Tarde,San Antonio,Mostrador,Bebida fría,Limonada de coco,M,3,11000,0,33000,Efectivo,Recurrente,25-34,2.8,,,29.2,No
101311,2026-02-14,2,Febrero,7,Sábado,Sí,No,18:24,Noche,Ciudad Jardín,Mostrador,Café caliente,Latte,S,1,7600,0,7600,Tarjeta débito,Nuevo,25-34,3.1,,,29.2,No
101295,2026-02-14,2,Febrero,7,Sábado,Sí,No,18:26,Noche,Granada,Mostrador,Snacks,Empanada,,2,3500,0,7000,Tarjeta crédito,Recurrente,18-24,6.6,,,29.2,No
101309,2026-02-14,2,Febrero,7,Sábado,Sí,No,18:37,Noche,San Antonio,Mostrador,Panadería,Pandebono,,2,2500,0,5000,Efectivo,Recurrente,35-44,2.2,,,29.2,No
101280,2026-02-14,2,Febrero,7,Sábado,Sí,No,18:46,Noche,Centro,Mostrador,Bebida fría,Cold brew,L,1,13100,5,12400,Billetera digital,Fidelizado,Menos de 18,4.2,,,29.2,No
101285,2026-02-14,2,Febrero,7,Sábado,Sí,No,19:03,Noche,Granada,Mostrador,Bebida fría,Limonada de coco,M,1,11000,0,11000,Tarjeta crédito,Recurrente,25-34,2.4,4,,29.2,No
101305,2026-02-14,2,Febrero,7,Sábado,Sí,No,19:53,Noche,San Antonio,Mostrador,Panadería,Buñuelo,,1,2200,0,2200,Tarjeta débito,Nuevo,18-24,2.9,,,29.2,No
101292,2026-02-14,2,Febrero,7,Sábado,Sí,No,20:19,Noche,Granada,Mostrador,Café caliente,Mocaccino,M,3,9500,0,28500,Billetera digital,Recurrente,18-24,2.9,4,,29.2,No
101321,2026-02-15,2,Febrero,7,Domingo,Sí,No,07:14,Mañana,Granada,Mostrador,Bebida fría,Cold brew,M,2,10500,0,21000,Billetera digital,Nuevo,18-24,4.2,4,Volveré pronto,30.4,No
101322,2026-02-15,2,Febrero,7,Domingo,Sí,No,09:01,Mañana,Granada,Mostrador,Bebida fría,Frappé de café,M,2,12500,0,25000,Efectivo,Recurrente,45-54,3.9,5,,30.4,No
101329,2026-02-15,2,Febrero,7,Domingo,Sí,No,09:38,Mañana,San Antonio,Mostrador,Bebida fría,Jugo natural,M,1,8500,0,8500,Billetera digital,Recurrente,18-24,2.7,4,"Bien, pero podría mejorar",30.4,No
101331,2026-02-15,2,Febrero,7,Domingo,Sí,No,10:48,Media mañana,San Antonio,Domicilio,Café caliente,Americano,M,1,5500,5,5200,Billetera digital,Fidelizado,18-24,,,,30.4,No
101333,2026-02-15,2,Febrero,7,Domingo,Sí,No,12:14,Almuerzo,Ciudad Jardín,App,Café caliente,Latte,L,2,11200,15,19000,Billetera digital,Fidelizado,45-54,2.5,5,Me encanta el ambiente,30.4,No
101320,2026-02-15,2,Febrero,7,Domingo,Sí,No,12:41,Almuerzo,Granada,Mostrador,Panadería,Pandebono,,1,2500,0,2500,Billetera digital,Nuevo,35-44,9.6,,,30.4,No
101319,2026-02-15,2,Febrero,7,Domingo,Sí,No,12:51,Almuerzo,Granada,Mostrador,Almuerzo,Sándwich cubano,,1,21000,0,21000,Tarjeta débito,Recurrente,25-34,10.1,,,30.4,No
101332,2026-02-15,2,Febrero,7,Domingo,Sí,No,13:49,Almuerzo,Ciudad Jardín,Mostrador,Café caliente,Capuchino,S,1,7200,0,7200,Efectivo,Recurrente,45-54,8.2,,,30.4,No
101324,2026-02-15,2,Febrero,7,Domingo,Sí,No,14:44,Tarde,Granada,Mostrador,Panadería,Muffin,,1,7000,0,7000,Efectivo,Recurrente,45-54,1.6,,,30.4,No
101317,2026-02-15,2,Febrero,7,Domingo,Sí,No,16:11,Tarde,Granada,Mostrador,Bebida fría,Cold brew,L,3,13100,0,39300,Efectivo,Recurrente,25-34,2.4,,,30.4,No
101325,2026-02-15,2,Febrero,7,Domingo,Sí,No,16:56,Tarde,San Antonio,Domicilio,Bebida fría,Frappé de café,M,1,12500,0,12500,Tarjeta crédito,Recurrente,Menos de 18,,,,30.4,No
101330,2026-02-15,2,Febrero,7,Domingo,Sí,No,17:00,Tarde,San Antonio,Mostrador,Café caliente,Capuchino,S,2,7200,0,14400,Tarjeta débito,Recurrente,25-34,3.6,,,30.4,No
101323,2026-02-15,2,Febrero,7,Domingo,Sí,No,18:24,Noche,Granada,Mostrador,Café caliente,Tinto,M,1,3500,0,3500,Tarjeta crédito,Recurrente,25-34,6.4,5,,30.4,No
101326,2026-02-15,2,Febrero,7,Domingo,Sí,No,19:13,Noche,San Antonio,Mostrador,Panadería,Pandebono,,2,2500,0,5000,Billetera digital,Nuevo,18-24,2.8,,,30.4,No
101327,2026-02-15,2,Febrero,7,Domingo,Sí,No,19:16,Noche,San Antonio,Mostrador,Bebida fría,Frappé de café,M,4,12500,0,50000,Efectivo,Recurrente,25-34,4.9,,,30.4,No
101328,2026-02-15,2,Febrero,7,Domingo,Sí,No,19:31,Noche,San Antonio,Mostrador,Café caliente,Americano,M,2,5500,0,11000,Tarjeta débito,Recurrente,18-24,4.8,5,,30.4,No
101318,2026-02-15,2,Febrero,7,Domingo,Sí,No,20:11,Noche,Granada,Mostrador,Snacks,Galletas,,2,4500,5,8600,Tarjeta débito,Fidelizado,35-44,2.5,5,La app funciona bien,30.4,No
101363,2026-02-16,2,Febrero,8,Lunes,No,No,06:18,Mañana,Ciudad Jardín,Domicilio,Panadería,Torta de zanahoria,,1,9000,0,9000,Tarjeta crédito,Recurrente,35-44,,,,26.8,No
101352,2026-02-16,2,Febrero,8,Lunes,No,No,06:24,Mañana,Granada,Mostrador,Panadería,Muffin,,2,7000,5,13300,Efectivo,Fidelizado,25-34,6.1,,,26.8,No
101354,2026-02-16,2,Febrero,8,Lunes,No,No,07:12,Mañana,San Antonio,Mostrador,Panadería,Croissant,,1,6500,0,6500,Tarjeta crédito,Nuevo,25-34,3.1,,,26.8,No
101360,2026-02-16,2,Febrero,8,Lunes,No,No,07:33,Mañana,San Antonio,Mostrador,Café caliente,Americano,M,1,5500,0,5500,Billetera digital,Nuevo,45-54,16.3,,,26.8,No
101346,2026-02-16,2,Febrero,8,Lunes,No,No,07:46,Mañana,Granada,Mostrador,Panadería,Pandebono,,1,2500,0,2500,Tarjeta crédito,Recurrente,18-24,3.9,5,Buen precio por el tamaño,26.8,No
101340,2026-02-16,2,Febrero,8,Lunes,No,No,08:00,Mañana,Centro,Mostrador,Café caliente,Capuchino,M,1,8500,5,8100,Efectivo,Fidelizado,25-34,5.7,,,26.8,No
101336,2026-02-16,2,Febrero,8,Lunes,No,No,08:24,Mañana,Centro,Mostrador,Panadería,Muffin,,1,7000,0,7000,Billetera digital,Recurrente,35-44,8.9,,,26.8,No
101362,2026-02-16,2,Febrero,8,Lunes,No,No,08:30,Mañana,San Antonio,Mostrador,Panadería,Torta de zanahoria,,2,9000,5,17100,Tarjeta débito,Fidelizado,25-34,2.2,,,26.8,No
101366,2026-02-16,2,Febrero,8,Lunes,No,No,08:35,Mañana,Ciudad Jardín,Mostrador,Café caliente,Americano,M,1,5500,5,5200,Billetera digital,Fidelizado,Menos de 18,2.4,,,26.8,No
101339,2026-02-16,2,Febrero,8,Lunes,No,No,08:45,Mañana,Centro,Mostrador,Snacks,Empanada,,3,3500,0,10500,Billetera digital,Recurrente,25-34,9.1,,,26.8,No
101337,2026-02-16,2,Febrero,8,Lunes,No,No,08:52,Mañana,Centro,App,Panadería,Torta de zanahoria,,2,9000,15,15300,Billetera digital,Recurrente,18-24,4.6,5,,26.8,No
101335,2026-02-16,2,Febrero,8,Lunes,No,No,09:17,Mañana,Centro,Mostrador,Café caliente,Mocaccino,M,1,9500,5,9000,Efectivo,Fidelizado,45-54,6.3,,,26.8,No
101347,2026-02-16,2,Febrero,8,Lunes,No,No,09:21,Mañana,Granada,Mostrador,Bebida fría,Frappé de café,M,1,12500,0,12500,Efectivo,Nuevo,35-44,2.0,,,26.8,No
101338,2026-02-16,2,Febrero,8,Lunes,No,No,09:24,Mañana,Centro,App,Bebida fría,Cold brew,S,2,8900,15,15100,Tarjeta crédito,Fidelizado,25-34,7.4,5,,26.8,No
101358,2026-02-16,2,Febrero,8,Lunes,No,No,10:41,Media mañana,San Antonio,Mostrador,Panadería,Croissant,,2,6500,0,13000,Tarjeta crédito,Nuevo,35-44,7.6,,,26.8,No
101359,2026-02-16,2,Febrero,8,Lunes,No,No,10:52,Media mañana,San Antonio,Mostrador,Bebida fría,Jugo natural,S,1,7200,0,7200,Efectivo,Recurrente,18-24,2.7,4,,26.8,No
101361,2026-02-16,2,Febrero,8,Lunes,No,No,10:55,Media mañana,San Antonio,Mostrador,Café caliente,Mocaccino,L,2,11900,0,23800,Billetera digital,Recurrente,25-34,5.1,,,26.8,No
101367,2026-02-16,2,Febrero,8,Lunes,No,No,12:43,Almuerzo,Ciudad Jardín,Mostrador,Almuerzo,Wrap de pollo,,2,18500,5,35200,Tarjeta débito,Fidelizado,25-34,7.6,,,26.8,No
101343,2026-02-16,2,Febrero,8,Lunes,No,No,12:53,Almuerzo,Centro,Mostrador,Almuerzo,Ensalada César,,2,19500,5,37000,Billetera digital,Fidelizado,35-44,12.5,,,26.8,No
101345,2026-02-16,2,Febrero,8,Lunes,No,No,13:06,Almuerzo,Granada,Mostrador,Panadería,Pandebono,,1,2500,0,2500,Billetera digital,Nuevo,25-34,3.5,5,Excelente atención,26.8,No
101344,2026-02-16,2,Febrero,8,Lunes,No,No,13:21,Almuerzo,Centro,Domicilio,Almuerzo,Bowl vegetariano,,2,22000,5,41800,Efectivo,Fidelizado,55 o más,,5,,26.8,No
101364,2026-02-16,2,Febrero,8,Lunes,No,No,13:32,Almuerzo,Ciudad Jardín,App,Almuerzo,Sándwich cubano,,2,21000,15,35700,Billetera digital,Recurrente,18-24,2.3,5,,26.8,No
101349,2026-02-16,2,Febrero,8,Lunes,No,No,13:33,Almuerzo,Granada,Mostrador,Bebida fría,Limonada de coco,M,1,11000,0,11000,Tarjeta crédito,Recurrente,35-44,2.7,,,26.8,No
101357,2026-02-16,2,Febrero,8,Lunes,No,No,13:47,Almuerzo,San Antonio,Mostrador,Café caliente,Americano,S,3,4700,5,13400,Tarjeta débito,Fidelizado,18-24,7.5,,,26.8,No
101334,2026-02-16,2,Febrero,8,Lunes,No,No,14:52,Tarde,Centro,Domicilio,Café caliente,Capuchino,S,1,7200,0,7200,Efectivo,Recurrente,18-24,,,,26.8,No
101350,2026-02-16,2,Febrero,8,Lunes,No,No,15:44,Tarde,Granada,Mostrador,Café caliente,Tinto,S,2,3000,5,5700,Tarjeta crédito,Fidelizado,18-24,2.1,,,26.8,No
101351,2026-02-16,2,Febrero,8,Lunes,No,No,15:54,Tarde,Granada,Mostrador,Café caliente,Capuchino,M,2,8500,0,17000,Billetera digital,Recurrente,18-24,6.3,,,26.8,No
101342,2026-02-16,2,Febrero,8,Lunes,No,No,16:06,Tarde,Centro,Mostrador,Bebida fría,Cold brew,M,1,10500,0,10500,Efectivo,Nuevo,35-44,2.7,5,,26.8,No
101353,2026-02-16,2,Febrero,8,Lunes,No,No,18:06,Noche,Granada,Mostrador,Snacks,Empanada,,2,3500,0,7000,Billetera digital,Nuevo,25-34,2.2,5,,26.8,No
101356,2026-02-16,2,Febrero,8,Lunes,No,No,18:34,Noche,San Antonio,Mostrador,Almuerzo,Wrap de pollo,,1,18500,0,18500,Efectivo,Recurrente,25-34,3.0,,,26.8,No
101348,2026-02-16,2,Febrero,8,Lunes,No,No,18:42,Noche,Granada,Mostrador,Almuerzo,Ensalada César,,2,19500,0,39000,Tarjeta débito,Recurrente,18-24,3.7,,,26.8,No
101355,2026-02-16,2,Febrero,8,Lunes,No,No,19:37,Noche,San Antonio,Mostrador,Panadería,Pandebono,,4,2500,0,10000,Billetera digital,Nuevo,25-34,3.3,5,,26.8,No
101365,2026-02-16,2,Febrero,8,Lunes,No,No,19:54,Noche,Ciudad Jardín,Mostrador,Panadería,Muffin,,1,7000,0,7000,Tarjeta débito,Nuevo,35-44,1.6,,,26.8,No
101341,2026-02-16,2,Febrero,8,Lunes,No,No,20:36,Noche,Centro,Mostrador,Café caliente,Americano,S,2,4700,0,9400,Tarjeta débito,Recurrente,18-24,2.3,,,26.8,No
101388,2026-02-17,2,Febrero,8,Martes,No,No,06:12,Mañana,San Antonio,Mostrador,Café caliente,Tinto,M,2,3500,0,7000,Billetera digital,Nuevo,18-24,3.3,,,27.7,No
101393,2026-02-17,2,Febrero,8,Martes,No,No,06:51,Mañana,San Antonio,Mostrador,Café caliente,Capuchino,M,2,8500,0,17000,Tarjeta crédito,Recurrente,18-24,4.6,4,,27.7,No
101378,2026-02-17,2,Febrero,8,Martes,No,No,06:54,Mañana,Centro,Mostrador,Bebida fría,Té helado,L,1,9400,0,9400,Tarjeta crédito,Recurrente,25-34,4.0,4,,27.7,No
101379,2026-02-17,2,Febrero,8,Martes,No,No,06:58,Mañana,Centro,Mostrador,Café caliente,Tinto,L,2,4400,0,8800,Billetera digital,Nuevo,25-34,14.6,,,27.7,No
101373,2026-02-17,2,Febrero,8,Martes,No,No,07:08,Mañana,Centro,App,Panadería,Buñuelo,,1,2200,15,1900,Tarjeta débito,Recurrente,25-34,2.9,4,,27.7,No
101396,2026-02-17,2,Febrero,8,Martes,No,No,07:23,Mañana,San Antonio,Mostrador,Café caliente,Tinto,M,1,3500,0,3500,Efectivo,Nuevo,25-34,3.9,5,Muy buen café,27.7,No
101398,2026-02-17,2,Febrero,8,Martes,No,No,07:54,Mañana,Ciudad Jardín,Mostrador,Panadería,Croissant,,2,6500,0,13000,Efectivo,Recurrente,Menos de 18,3.0,5,Volveré pronto,27.7,No
101384,2026-02-17,2,Febrero,8,Martes,No,No,08:30,Mañana,Granada,Mostrador,Bebida fría,Jugo natural,M,1,8500,0,8500,Tarjeta débito,Recurrente,18-24,4.8,,,27.7,No
101381,2026-02-17,2,Febrero,8,Martes,No,No,09:12,Mañana,Centro,Mostrador,Café caliente,Capuchino,M,1,8500,0,8500,Tarjeta débito,Nuevo,18-24,4.5,,,27.7,No
101371,2026-02-17,2,Febrero,8,Martes,No,No,09:30,Mañana,Centro,App,Panadería,Pandebono,,2,2500,15,4200,Billetera digital,Recurrente,55 o más,2.5,,,27.7,No
101397,2026-02-17,2,Febrero,8,Martes,No,No,09:47,Mañana,Ciudad Jardín,Mostrador,Café caliente,Capuchino,M,2,8500,0,17000,Tarjeta débito,Nuevo,55 o más,8.9,,,27.7,No
101401,2026-02-17,2,Febrero,8,Martes,No,No,09:55,Mañana,Ciudad Jardín,Domicilio,Panadería,Buñuelo,,5,2200,5,10400,Tarjeta débito,Fidelizado,55 o más,,,,27.7,No
101375,2026-02-17,2,Febrero,8,Martes,No,No,10:01,Media mañana,Centro,Mostrador,Snacks,Galletas,,4,4500,0,18000,Efectivo,Recurrente,25-34,2.6,,,27.7,No
101390,2026-02-17,2,Febrero,8,Martes,No,No,10:53,Media mañana,San Antonio,Domicilio,Café caliente,Mocaccino,M,3,9500,5,27100,Billetera digital,Fidelizado,35-44,,,,27.7,No
101372,2026-02-17,2,Febrero,8,Martes,No,No,10:55,Media mañana,Centro,Mostrador,Panadería,Muffin,,1,7000,0,7000,Tarjeta crédito,Nuevo,25-34,4.3,4,,27.7,No
101391,2026-02-17,2,Febrero,8,Martes,No,No,11:02,Media mañana,San Antonio,Mostrador,Snacks,Empanada,,3,3500,5,10000,Billetera digital,Fidelizado,18-24,1.4,5,El pandebono estaba recién hecho,27.7,No
101395,2026-02-17,2,Febrero,8,Martes,No,No,11:27,Media mañana,San Antonio,Mostrador,Bebida fría,Frappé de café,L,2,15600,0,31200,Tarjeta débito,Recurrente,18-24,4.0,,,27.7,No
101369,2026-02-17,2,Febrero,8,Martes,No,No,12:10,Almuerzo,Centro,Mostrador,Almuerzo,Bowl vegetariano,,2,22000,5,41800,Efectivo,Fidelizado,35-44,13.6,,,27.7,No
101376,2026-02-17,2,Febrero,8,Martes,No,No,12:21,Almuerzo,Centro,Mostrador,Café caliente,Mocaccino,M,1,9500,0,9500,Efectivo,Nuevo,45-54,8.9,,,27.7,No
101392,2026-02-17,2,Febrero,8,Martes,No,No,12:21,Almuerzo,San Antonio,App,Almuerzo,Ensalada César,,4,19500,15,66300,Tarjeta crédito,Fidelizado,18-24,2.6,,,27.7,No
101380,2026-02-17,2,Febrero,8,Martes,No,No,12:41,Almuerzo,Centro,Mostrador,Almuerzo,Wrap de pollo,,1,18500,0,18500,Tarjeta débito,Recurrente,35-44,20.1,,,27.7,No
101374,2026-02-17,2,Febrero,8,Martes,No,No,13:37,Almuerzo,Centro,Domicilio,Almuerzo,Sándwich cubano,,1,21000,0,21000,Tarjeta débito,Recurrente,25-34,,4,Muy buen café,27.7,No
101399,2026-02-17,2,Febrero,8,Martes,No,No,13:42,Almuerzo,Ciudad Jardín,Mostrador,Almuerzo,Ensalada César,,3,19500,5,55600,Billetera digital,Fidelizado,45-54,4.5,,,27.7,No
101370,2026-02-17,2,Febrero,8,Martes,No,No,13:45,Almuerzo,Centro,App,Snacks,Papas de paquete,,1,5000,15,4200,Tarjeta débito,Fidelizado,Menos de 18,5.9,4,,27.7,No
101400,2026-02-17,2,Febrero,8,Martes,No,No,14:04,Tarde,Ciudad Jardín,Mostrador,Café caliente,Tinto,M,3,3500,0,10500,Tarjeta débito,Recurrente,55 o más,6.1,,,27.7,No
101389,2026-02-17,2,Febrero,8,Martes,No,No,14:22,Tarde,San Antonio,App,Panadería,Pandebono,,2,2500,15,4200,Tarjeta débito,Recurrente,18-24,1.0,,,27.7,No
101368,2026-02-17,2,Febrero,8,Martes,No,No,14:50,Tarde,Centro,Mostrador,Bebida fría,Frappé de café,M,1,12500,0,12500,Tarjeta crédito,Nuevo,18-24,2.2,,,27.7,No
101377,2026-02-17,2,Febrero,8,Martes,No,No,16:02,Tarde,Centro,Domicilio,Snacks,Papas de paquete,,1,5000,0,5000,Tarjeta débito,Recurrente,25-34,,,,27.7,No
101383,2026-02-17,2,Febrero,8,Martes,No,No,16:14,Tarde,Granada,App,Bebida fría,Frappé de café,S,1,10600,15,9000,Tarjeta crédito,Recurrente,25-34,1.4,5,Me encanta el ambiente,27.7,No
101386,2026-02-17,2,Febrero,8,Martes,No,No,16:47,Tarde,Granada,Mostrador,Panadería,Croissant,,1,6500,0,6500,Billetera digital,Recurrente,25-34,3.0,,,27.7,No
101387,2026-02-17,2,Febrero,8,Martes,No,No,17:17,Tarde,Granada,Domicilio,Café caliente,Latte,L,3,11200,0,33600,Efectivo,Nuevo,45-54,,,,27.7,No
101394,2026-02-17,2,Febrero,8,Martes,No,No,19:06,Noche,San Antonio,Mostrador,Bebida fría,Cold brew,S,1,8900,5,8500,Tarjeta crédito,Fidelizado,25-34,2.4,4,Muy buen café,27.7,No
101382,2026-02-17,2,Febrero,8,Martes,No,No,20:04,Noche,Granada,Domicilio,Panadería,Buñuelo,,3,2200,0,6600,Tarjeta débito,Recurrente,45-54,,,,27.7,No
101385,2026-02-17,2,Febrero,8,Martes,No,No,20:46,Noche,Granada,App,Snacks,Galletas,,1,4500,15,3800,Billetera digital,Fidelizado,Menos de 18,2.5,,,27.7,No
101411,2026-02-18,2,Febrero,8,Miércoles,No,No,06:32,Mañana,Centro,Domicilio,Panadería,Pandebono,,1,2500,0,2500,Tarjeta débito,Nuevo,Menos de 18,,,,30.1,Sí
101426,2026-02-18,2,Febrero,8,Miércoles,No,No,06:40,Mañana,San Antonio,Mostrador,Café caliente,Tinto,L,1,4400,5,4200,Efectivo,Fidelizado,18-24,3.8,,,30.1,Sí
101409,2026-02-18,2,Febrero,8,Miércoles,No,No,06:43,Mañana,Centro,Mostrador,Café caliente,Mocaccino,M,2,9500,5,18000,Efectivo,Fidelizado,25-34,8.3,,,30.1,Sí
101406,2026-02-18,2,Febrero,8,Miércoles,No,No,07:37,Mañana,Centro,Mostrador,Café caliente,Tinto,L,1,4400,0,4400,Tarjeta débito,Nuevo,25-34,5.6,5,Me encanta el ambiente,30.1,Sí
101425,2026-02-18,2,Febrero,8,Miércoles,No,No,07:54,Mañana,San Antonio,Mostrador,Panadería,Pandebono,,4,2500,0,10000,Tarjeta débito,Nuevo,25-34,1.4,,,30.1,Sí
101405,2026-02-18,2,Febrero,8,Miércoles,No,No,08:13,Mañana,Centro,Mostrador,Bebida fría,Té helado,M,1,7500,0,7500,Efectivo,Recurrente,35-44,12.0,,,30.1,Sí
101419,2026-02-18,2,Febrero,8,Miércoles,No,No,08:24,Mañana,Granada,Mostrador,Café caliente,Mocaccino,M,2,9500,0,19000,Efectivo,Nuevo,45-54,3.3,5,Volveré pronto,30.1,Sí
101422,2026-02-18,2,Febrero,8,Miércoles,No,No,08:31,Mañana,Granada,Mostrador,Panadería,Torta de zanahoria,,4,9000,0,36000,Tarjeta débito,Recurrente,55 o más,8.1,4,El pandebono estaba recién hecho,30.1,Sí
101404,2026-02-18,2,Febrero,8,Miércoles,No,No,08:38,Mañana,Centro,Mostrador,Panadería,Muffin,,1,7000,5,6600,Tarjeta débito,Fidelizado,25-34,4.7,,,30.1,Sí
101403,2026-02-18,2,Febrero,8,Miércoles,No,No,09:10,Mañana,Centro,Mostrador,Café caliente,Tinto,M,1,3500,0,3500,Tarjeta débito,Recurrente,25-34,10.8,,,30.1,Sí
101410,2026-02-18,2,Febrero,8,Miércoles,No,No,09:14,Mañana,Centro,Mostrador,Panadería,Buñuelo,,1,2200,0,2200,Billetera digital,Recurrente,25-34,4.3,,,30.1,Sí
101435,2026-02-18,2,Febrero,8,Miércoles,No,No,09:23,Mañana,Ciudad Jardín,App,Café caliente,Tinto,S,2,3000,15,5100,Tarjeta crédito,Recurrente,35-44,2.5,,,30.1,Sí
101415,2026-02-18,2,Febrero,8,Miércoles,No,No,09:53,Mañana,Centro,Domicilio,Snacks,Empanada,,2,3500,5,6600,Tarjeta débito,Fidelizado,35-44,,,,30.1,Sí
101427,2026-02-18,2,Febrero,8,Miércoles,No,No,10:12,Media mañana,Ciudad Jardín,Mostrador,Café caliente,Chocolate caliente,M,1,8000,5,7600,Tarjeta crédito,Fidelizado,45-54,6.3,,,30.1,Sí
101424,2026-02-18,2,Febrero,8,Miércoles,No,No,10:15,Media mañana,San Antonio,Mostrador,Bebida fría,Limonada de coco,M,2,11000,0,22000,Efectivo,Recurrente,18-24,2.7,,,30.1,Sí
101434,2026-02-18,2,Febrero,8,Miércoles,No,No,10:24,Media mañana,Ciudad Jardín,Domicilio,Bebida fría,Limonada de coco,M,2,11000,5,20900,Tarjeta crédito,Fidelizado,55 o más,,,,30.1,Sí
101428,2026-02-18,2,Febrero,8,Miércoles,No,No,10:30,Media mañana,Ciudad Jardín,Mostrador,Snacks,Barra de granola,,2,5500,0,11000,Efectivo,Recurrente,45-54,1.5,,,30.1,Sí
101408,2026-02-18,2,Febrero,8,Miércoles,No,No,11:39,Media mañana,Centro,Mostrador,Panadería,Pandebono,,1,2500,0,2500,Tarjeta crédito,Nuevo,25-34,4.8,,,30.1,Sí
101407,2026-02-18,2,Febrero,8,Miércoles,No,No,12:21,Almuerzo,Centro,Mostrador,Almuerzo,Sándwich cubano,,1,21000,0,21000,Tarjeta crédito,Recurrente,45-54,17.7,2,,30.1,Sí
101433,2026-02-18,2,Febrero,8,Miércoles,No,No,12:24,Almuerzo,Ciudad Jardín,Mostrador,Café caliente,Americano,M,2,5500,0,11000,Efectivo,Recurrente,35-44,7.1,,,30.1,Sí
101414,2026-02-18,2,Febrero,8,Miércoles,No,No,12:38,Almuerzo,Centro,Mostrador,Café caliente,Capuchino,S,1,7200,0,7200,Tarjeta débito,Nuevo,18-24,3.7,5,,30.1,Sí
101423,2026-02-18,2,Febrero,8,Miércoles,No,No,12:54,Almuerzo,San Antonio,Domicilio,Almuerzo,Sándwich cubano,,1,21000,0,21000,Efectivo,Recurrente,55 o más,,,,30.1,Sí
101413,2026-02-18,2,Febrero,8,Miércoles,No,No,13:16,Almuerzo,Centro,Domicilio,Almuerzo,Wrap de pollo,,2,18500,0,37000,Billetera digital,Recurrente,25-34,,,,30.1,Sí
101412,2026-02-18,2,Febrero,8,Miércoles,No,No,13:58,Almuerzo,Centro,App,Café caliente,Tinto,M,1,3500,15,3000,Tarjeta débito,Recurrente,45-54,3.2,,,30.1,Sí
101420,2026-02-18,2,Febrero,8,Miércoles,No,No,14:27,Tarde,Granada,Mostrador,Panadería,Pandebono,,2,2500,0,5000,Efectivo,Recurrente,45-54,3.9,,,30.1,Sí
101418,2026-02-18,2,Febrero,8,Miércoles,No,No,15:02,Tarde,Granada,App,Snacks,Empanada,,3,3500,15,8900,Tarjeta crédito,Recurrente,18-24,1.4,3,,30.1,Sí
101430,2026-02-18,2,Febrero,8,Miércoles,No,No,15:38,Tarde,Ciudad Jardín,Mostrador,Panadería,Buñuelo,,3,2200,0,6600,Efectivo,Recurrente,35-44,3.4,,,30.1,Sí
101432,2026-02-18,2,Febrero,8,Miércoles,No,No,16:05,Tarde,Ciudad Jardín,Mostrador,Panadería,Pandebono,,2,2500,0,5000,Tarjeta débito,Recurrente,18-24,2.6,,,30.1,Sí
101429,2026-02-18,2,Febrero,8,Miércoles,No,No,16:23,Tarde,Ciudad Jardín,Mostrador,Bebida fría,Frappé de café,M,2,12500,5,23800,Tarjeta crédito,Fidelizado,35-44,2.6,,,30.1,Sí
101402,2026-02-18,2,Febrero,8,Miércoles,No,No,16:36,Tarde,Centro,Mostrador,Snacks,Papas de paquete,,1,5000,5,4800,Tarjeta crédito,Fidelizado,55 o más,4.1,,,30.1,Sí
101416,2026-02-18,2,Febrero,8,Miércoles,No,No,18:08,Noche,Centro,Mostrador,Café caliente,Tinto,L,1,4400,0,4400,Tarjeta débito,Recurrente,25-34,1.4,,,30.1,Sí
101421,2026-02-18,2,Febrero,8,Miércoles,No,No,18:08,Noche,Granada,Mostrador,Snacks,Galletas,,1,4500,0,4500,Tarjeta débito,Recurrente,35-44,1.9,3,Normal,30.1,Sí
101431,2026-02-18,2,Febrero,8,Miércoles,No,No,19:49,Noche,Ciudad Jardín,App,Bebida fría,Cold brew,S,3,8900,15,22700,Tarjeta débito,Nuevo,55 o más,3.1,3,,30.1,Sí
101417,2026-02-18,2,Febrero,8,Miércoles,No,No,20:02,Noche,Granada,Mostrador,Café caliente,Capuchino,M,1,8500,0,8500,Billetera digital,Nuevo,25-34,4.5,5,,30.1,Sí
101446,2026-02-19,2,Febrero,8,Jueves,No,No,06:18,Mañana,Centro,App,Café caliente,Tinto,M,1,3500,15,3000,Billetera digital,Fidelizado,35-44,3.6,5,El pandebono estaba recién hecho,29.9,No
101437,2026-02-19,2,Febrero,8,Jueves,No,No,06:54,Mañana,Centro,Mostrador,Panadería,Pandebono,,1,2500,5,2400,Billetera digital,Fidelizado,25-34,10.4,5,Me encanta el ambiente,29.9,No
101447,2026-02-19,2,Febrero,8,Jueves,No,No,08:03,Mañana,Centro,Mostrador,Snacks,Galletas,,1,4500,0,4500,Tarjeta crédito,Nuevo,35-44,6.3,,,29.9,No
101436,2026-02-19,2,Febrero,8,Jueves,No,No,08:10,Mañana,Centro,Mostrador,Panadería,Pandebono,,1,2500,0,2500,Tarjeta débito,Recurrente,18-24,13.7,,,29.9,No
101439,2026-02-19,2,Febrero,8,Jueves,No,No,09:29,Mañana,Centro,Mostrador,Bebida fría,Limonada de coco,L,1,13800,0,13800,Billetera digital,Recurrente,25-34,19.0,,,29.9,No
101443,2026-02-19,2,Febrero,8,Jueves,No,No,09:44,Mañana,Centro,Domicilio,Panadería,Buñuelo,,2,2200,5,4200,Tarjeta débito,Fidelizado,25-34,,,,29.9,No
101457,2026-02-19,2,Febrero,8,Jueves,No,No,10:23,Media mañana,San Antonio,Mostrador,Bebida fría,Jugo natural,M,2,8500,5,16200,Billetera digital,Fidelizado,18-24,2.4,,,29.9,No
101461,2026-02-19,2,Febrero,8,Jueves,No,No,10:27,Media mañana,Ciudad Jardín,Mostrador,Café caliente,Mocaccino,M,2,9500,0,19000,Tarjeta débito,Recurrente,35-44,2.8,,,29.9,No
101456,2026-02-19,2,Febrero,8,Jueves,No,No,10:57,Media mañana,San Antonio,Mostrador,Café caliente,Latte,M,1,9000,0,9000,Efectivo,Recurrente,25-34,2.2,,,29.9,No
101459,2026-02-19,2,Febrero,8,Jueves,No,No,11:42,Media mañana,San Antonio,Mostrador,Snacks,Empanada,,1,3500,5,3300,Tarjeta crédito,Fidelizado,55 o más,2.6,,,29.9,No
101448,2026-02-19,2,Febrero,8,Jueves,No,No,11:51,Media mañana,Granada,Domicilio,Panadería,Buñuelo,,1,2200,0,2200,Tarjeta crédito,Recurrente,45-54,,4,Buen precio por el tamaño,29.9,No
101444,2026-02-19,2,Febrero,8,Jueves,No,No,12:06,Almuerzo,Centro,Mostrador,Almuerzo,Wrap de pollo,,4,18500,0,74000,Tarjeta crédito,Recurrente,25-34,13.5,,,29.9,No
101438,2026-02-19,2,Febrero,8,Jueves,No,No,12:08,Almuerzo,Centro,Domicilio,Almuerzo,Wrap de pollo,,2,18500,5,35200,Tarjeta débito,Fidelizado,25-34,,,,29.9,No
101452,2026-02-19,2,Febrero,8,Jueves,No,No,12:33,Almuerzo,Granada,Mostrador,Almuerzo,Wrap de pollo,,1,18500,5,17600,Billetera digital,Fidelizado,35-44,6.8,5,,29.9,No
101441,2026-02-19,2,Febrero,8,Jueves,No,No,12:34,Almuerzo,Centro,Mostrador,Bebida fría,Té helado,L,1,9400,0,9400,Tarjeta débito,Recurrente,25-34,15.8,,,29.9,No
101442,2026-02-19,2,Febrero,8,Jueves,No,No,12:40,Almuerzo,Centro,Mostrador,Bebida fría,Frappé de café,S,1,10600,0,10600,Billetera digital,Nuevo,25-34,17.5,3,Demasiada fila,29.9,No
101445,2026-02-19,2,Febrero,8,Jueves,No,No,12:52,Almuerzo,Centro,Mostrador,Snacks,Papas de paquete,,2,5000,5,9500,Tarjeta crédito,Fidelizado,25-34,16.1,3,,29.9,No
101455,2026-02-19,2,Febrero,8,Jueves,No,No,13:02,Almuerzo,San Antonio,Mostrador,Almuerzo,Sándwich cubano,,1,21000,0,21000,Tarjeta débito,Nuevo,35-44,14.3,,,29.9,No
101440,2026-02-19,2,Febrero,8,Jueves,No,No,13:20,Almuerzo,Centro,Mostrador,Almuerzo,Ensalada César,,1,19500,0,19500,Tarjeta crédito,Recurrente,35-44,9.0,3,Aceptable,29.9,No
101458,2026-02-19,2,Febrero,8,Jueves,No,No,13:46,Almuerzo,San Antonio,App,Snacks,Galletas,,2,4500,15,7600,Billetera digital,Nuevo,18-24,3.3,5,,29.9,No
101463,2026-02-19,2,Febrero,8,Jueves,No,No,13:58,Almuerzo,Ciudad Jardín,Domicilio,Bebida fría,Frappé de café,M,4,12500,0,50000,Billetera digital,Nuevo,35-44,,3,,29.9,No
101449,2026-02-19,2,Febrero,8,Jueves,No,No,14:55,Tarde,Granada,Mostrador,Snacks,Empanada,,1,3500,0,3500,Billetera digital,Recurrente,18-24,3.0,,,29.9,No
101454,2026-02-19,2,Febrero,8,Jueves,No,No,15:39,Tarde,Granada,Mostrador,Café caliente,Latte,M,1,9000,0,9000,Tarjeta crédito,Recurrente,25-34,2.7,,,29.9,No
101451,2026-02-19,2,Febrero,8,Jueves,No,No,16:04,Tarde,Granada,Mostrador,Snacks,Galletas,,1,4500,5,4300,Tarjeta débito,Fidelizado,Menos de 18,3.5,,,29.9,No
101460,2026-02-19,2,Febrero,8,Jueves,No,No,17:26,Tarde,San Antonio,Mostrador,Panadería,Torta de zanahoria,,2,9000,0,18000,Tarjeta débito,Nuevo,25-34,3.4,5,,29.9,No
101450,2026-02-19,2,Febrero,8,Jueves,No,No,18:52,Noche,Granada,Mostrador,Bebida fría,Jugo natural,S,1,7200,0,7200,Tarjeta débito,Recurrente,18-24,2.9,,,29.9,No
101453,2026-02-19,2,Febrero,8,Jueves,No,No,20:29,Noche,Granada,Mostrador,Café caliente,Mocaccino,L,3,11900,0,35700,Tarjeta crédito,Recurrente,45-54,3.2,3,Rico pero un poco demorado,29.9,No
101462,2026-02-19,2,Febrero,8,Jueves,No,No,20:48,Noche,Ciudad Jardín,Mostrador,Panadería,Torta de zanahoria,,2,9000,0,18000,Tarjeta débito,Recurrente,Menos de 18,2.1,,,29.9,No
101470,2026-02-20,2,Febrero,8,Viernes,No,No,06:29,Mañana,Centro,Mostrador,Panadería,Pandebono,,3,2500,0,7500,Billetera digital,Recurrente,25-34,7.0,5,,25.8,Sí
101468,2026-02-20,2,Febrero,8,Viernes,No,No,08:24,Mañana,Centro,Mostrador,Panadería,Pandebono,,1,2500,5,2400,Tarjeta crédito,Fidelizado,25-34,6.0,5,Buen precio por el tamaño,25.8,Sí
101464,2026-02-20,2,Febrero,8,Viernes,No,No,08:34,Mañana,Centro,App,Bebida fría,Frappé de café,S,2,10600,15,18000,Billetera digital,Fidelizado,25-34,3.0,,,25.8,Sí
101467,2026-02-20,2,Febrero,8,Viernes,No,No,08:43,Mañana,Centro,Mostrador,Panadería,Croissant,,1,6500,5,6200,Billetera digital,Fidelizado,18-24,9.8,,,25.8,Sí
101466,2026-02-20,2,Febrero,8,Viernes,No,No,08:55,Mañana,Centro,Domicilio,Café caliente,Chocolate caliente,L,1,10000,0,10000,Efectivo,Recurrente,18-24,,,,25.8,Sí
101479,2026-02-20,2,Febrero,8,Viernes,No,No,09:30,Mañana,Ciudad Jardín,Domicilio,Café caliente,Americano,L,1,6900,5,6600,Tarjeta débito,Fidelizado,45-54,,,,25.8,Sí
101473,2026-02-20,2,Febrero,8,Viernes,No,No,11:02,Media mañana,San Antonio,Domicilio,Café caliente,Tinto,M,1,3500,5,3300,Billetera digital,Fidelizado,18-24,,,,25.8,Sí
101472,2026-02-20,2,Febrero,8,Viernes,No,No,11:37,Media mañana,San Antonio,Mostrador,Panadería,Buñuelo,,2,2200,0,4400,Billetera digital,Recurrente,Menos de 18,5.0,,,25.8,Sí
101471,2026-02-20,2,Febrero,8,Viernes,No,No,11:58,Media mañana,Granada,Mostrador,Panadería,Pandebono,,1,2500,0,2500,Efectivo,Recurrente,35-44,1.3,,,25.8,Sí
101474,2026-02-20,2,Febrero,8,Viernes,No,No,12:01,Almuerzo,San Antonio,Mostrador,Café caliente,Capuchino,M,1,8500,0,8500,Billetera digital,Recurrente,25-34,9.3,3,,25.8,Sí
101477,2026-02-20,2,Febrero,8,Viernes,No,No,12:44,Almuerzo,San Antonio,Mostrador,Bebida fría,Jugo natural,S,1,7200,0,7200,Efectivo,Recurrente,25-34,7.1,4,,25.8,Sí
101469,2026-02-20,2,Febrero,8,Viernes,No,No,13:10,Almuerzo,Centro,Domicilio,Almuerzo,Ensalada César,,3,19500,0,58500,Billetera digital,Recurrente,Menos de 18,,,,25.8,Sí
101475,2026-02-20,2,Febrero,8,Viernes,No,No,15:13,Tarde,San Antonio,Mostrador,Almuerzo,Ensalada César,,2,19500,0,39000,Tarjeta débito,Recurrente,18-24,4.6,4,Normal,25.8,Sí
101480,2026-02-20,2,Febrero,8,Viernes,No,No,15:37,Tarde,Ciudad Jardín,Mostrador,Café caliente,Capuchino,M,1,8500,0,8500,Billetera digital,Nuevo,45-54,8.8,5,Buen precio por el tamaño,25.8,Sí
101465,2026-02-20,2,Febrero,8,Viernes,No,No,15:53,Tarde,Centro,Mostrador,Snacks,Empanada,,1,3500,5,3300,Tarjeta débito,Fidelizado,35-44,2.5,,,25.8,Sí
101476,2026-02-20,2,Febrero,8,Viernes,No,No,16:27,Tarde,San Antonio,Domicilio,Panadería,Pandebono,,1,2500,5,2400,Billetera digital,Fidelizado,25-34,,4,,25.8,Sí
101478,2026-02-20,2,Febrero,8,Viernes,No,No,20:31,Noche,San Antonio,Mostrador,Bebida fría,Té helado,M,3,7500,0,22500,Tarjeta crédito,Recurrente,25-34,5.3,4,,25.8,Sí
101484,2026-02-21,2,Febrero,8,Sábado,Sí,No,06:47,Mañana,Centro,App,Café caliente,Tinto,S,1,3000,15,2600,Billetera digital,Recurrente,45-54,1.6,,,29.5,No
101481,2026-02-21,2,Febrero,8,Sábado,Sí,No,08:05,Mañana,Centro,Mostrador,Café caliente,Tinto,S,1,3000,0,3000,Efectivo,Recurrente,18-24,4.7,4,Excelente atención,29.5,No
101492,2026-02-21,2,Febrero,8,Sábado,Sí,No,08:10,Mañana,Granada,Mostrador,Panadería,Muffin,,1,7000,0,7000,Tarjeta crédito,Nuevo,25-34,4.4,,,29.5,No
101496,2026-02-21,2,Febrero,8,Sábado,Sí,No,08:11,Mañana,San Antonio,Mostrador,Panadería,Muffin,,3,7000,5,20000,Tarjeta débito,Fidelizado,35-44,2.3,,,29.5,No
101487,2026-02-21,2,Febrero,8,Sábado,Sí,No,08:35,Mañana,Granada,Mostrador,Café caliente,Latte,S,2,7600,0,15200,Tarjeta crédito,Nuevo,45-54,5.2,,,29.5,No
101488,2026-02-21,2,Febrero,8,Sábado,Sí,No,08:40,Mañana,Granada,Domicilio,Café caliente,Americano,S,1,4700,0,4700,Tarjeta crédito,Nuevo,18-24,,,,29.5,No
101493,2026-02-21,2,Febrero,8,Sábado,Sí,No,09:59,Mañana,Granada,Mostrador,Bebida fría,Té helado,M,3,7500,5,21400,Tarjeta crédito,Fidelizado,35-44,2.7,4,Buen precio por el tamaño,29.5,No
101506,2026-02-21,2,Febrero,8,Sábado,Sí,No,10:38,Media mañana,Ciudad Jardín,App,Panadería,Croissant,,1,6500,15,5500,Billetera digital,Nuevo,55 o más,3.3,,,29.5,No
101505,2026-02-21,2,Febrero,8,Sábado,Sí,No,10:58,Media mañana,Ciudad Jardín,App,Bebida fría,Cold brew,S,2,8900,15,15100,Tarjeta crédito,Recurrente,25-34,1.7,5,,29.5,No
101483,2026-02-21,2,Febrero,8,Sábado,Sí,No,11:01,Media mañana,Centro,Mostrador,Bebida fría,Frappé de café,S,2,10600,0,21200,Tarjeta débito,Nuevo,35-44,2.2,5,,29.5,No
101501,2026-02-21,2,Febrero,8,Sábado,Sí,No,12:09,Almuerzo,Ciudad Jardín,Mostrador,Snacks,Papas de paquete,,1,5000,0,5000,Billetera digital,Recurrente,35-44,5.1,,,29.5,No
101499,2026-02-21,2,Febrero,8,Sábado,Sí,No,12:10,Almuerzo,San Antonio,Domicilio,Bebida fría,Limonada de coco,M,1,11000,5,10400,Efectivo,Fidelizado,18-24,,,,29.5,No
101489,2026-02-21,2,Febrero,8,Sábado,Sí,No,13:05,Almuerzo,Granada,Domicilio,Almuerzo,Bowl vegetariano,,1,22000,0,22000,Tarjeta débito,Recurrente,35-44,,5,,29.5,No
101504,2026-02-21,2,Febrero,8,Sábado,Sí,No,13:56,Almuerzo,Ciudad Jardín,Mostrador,Snacks,Galletas,,3,4500,5,12800,Tarjeta débito,Fidelizado,18-24,2.6,,,29.5,No
101497,2026-02-21,2,Febrero,8,Sábado,Sí,No,14:15,Tarde,San Antonio,Mostrador,Snacks,Papas de paquete,,2,5000,0,10000,Billetera digital,Nuevo,25-34,2.3,,,29.5,No
101490,2026-02-21,2,Febrero,8,Sábado,Sí,No,15:16,Tarde,Granada,App,Panadería,Pandebono,,2,2500,15,4200,Tarjeta débito,Fidelizado,45-54,0.8,,,29.5,No
101503,2026-02-21,2,Febrero,8,Sábado,Sí,No,15:54,Tarde,Ciudad Jardín,Domicilio,Bebida fría,Limonada de coco,L,3,13800,0,41400,Efectivo,Recurrente,35-44,,,,29.5,No
101495,2026-02-21,2,Febrero,8,Sábado,Sí,No,17:26,Tarde,San Antonio,Mostrador,Café caliente,Capuchino,M,1,8500,0,8500,Tarjeta crédito,Recurrente,25-34,3.3,,,29.5,No
101482,2026-02-21,2,Febrero,8,Sábado,Sí,No,17:34,Tarde,Centro,App,Bebida fría,Té helado,S,1,6400,15,5400,Tarjeta crédito,Recurrente,Menos de 18,2.3,,,29.5,No
101502,2026-02-21,2,Febrero,8,Sábado,Sí,No,17:35,Tarde,Ciudad Jardín,Mostrador,Panadería,Buñuelo,,3,2200,0,6600,Billetera digital,Nuevo,35-44,2.7,4,,29.5,No
101500,2026-02-21,2,Febrero,8,Sábado,Sí,No,17:46,Tarde,Ciudad Jardín,Domicilio,Bebida fría,Té helado,L,3,9400,5,26800,Efectivo,Fidelizado,35-44,,,,29.5,No
101486,2026-02-21,2,Febrero,8,Sábado,Sí,No,17:50,Tarde,Granada,App,Bebida fría,Limonada de coco,M,3,11000,15,28000,Tarjeta crédito,Recurrente,25-34,1.7,,,29.5,No
101498,2026-02-21,2,Febrero,8,Sábado,Sí,No,18:22,Noche,San Antonio,Mostrador,Almuerzo,Sándwich cubano,,1,21000,0,21000,Efectivo,Recurrente,35-44,6.1,5,,29.5,No
101494,2026-02-21,2,Febrero,8,Sábado,Sí,No,18:55,Noche,San Antonio,Mostrador,Snacks,Papas de paquete,,1,5000,0,5000,Efectivo,Recurrente,18-24,5.8,,,29.5,No
101491,2026-02-21,2,Febrero,8,Sábado,Sí,No,19:30,Noche,Granada,Mostrador,Café caliente,Americano,S,4,4700,0,18800,Tarjeta débito,Nuevo,18-24,4.2,5,,29.5,No
101485,2026-02-21,2,Febrero,8,Sábado,Sí,No,19:57,Noche,Centro,Mostrador,Café caliente,Mocaccino,S,2,8100,5,15400,Tarjeta crédito,Fidelizado,18-24,8.4,,,29.5,No
101515,2026-02-22,2,Febrero,8,Domingo,Sí,No,06:21,Mañana,Granada,Mostrador,Bebida fría,Limonada de coco,M,1,11000,5,10400,Efectivo,Fidelizado,45-54,7.2,,,29.0,No
101507,2026-02-22,2,Febrero,8,Domingo,Sí,No,07:53,Mañana,Granada,Mostrador,Panadería,Muffin,,1,7000,0,7000,Tarjeta crédito,Nuevo,35-44,6.1,,,29.0,No
101519,2026-02-22,2,Febrero,8,Domingo,Sí,No,08:07,Mañana,Granada,Mostrador,Café caliente,Mocaccino,M,2,9500,5,18000,Tarjeta débito,Fidelizado,35-44,7.2,,,29.0,No
101525,2026-02-22,2,Febrero,8,Domingo,Sí,No,09:33,Mañana,Ciudad Jardín,Mostrador,Panadería,Muffin,,1,7000,0,7000,Efectivo,Nuevo,45-54,4.4,,,29.0,No
101510,2026-02-22,2,Febrero,8,Domingo,Sí,No,09:53,Mañana,Granada,Mostrador,Café caliente,Americano,M,2,5500,0,11000,Tarjeta crédito,Recurrente,55 o más,4.8,,,29.0,No
101518,2026-02-22,2,Febrero,8,Domingo,Sí,No,10:51,Media mañana,Granada,Mostrador,Panadería,Pandebono,,1,2500,0,2500,Tarjeta débito,Recurrente,35-44,4.3,,,29.0,No
101516,2026-02-22,2,Febrero,8,Domingo,Sí,No,10:53,Media mañana,Granada,Mostrador,Café caliente,Tinto,S,2,3000,0,6000,Tarjeta débito,Recurrente,25-34,2.2,3,Rico pero un poco demorado,29.0,No
101509,2026-02-22,2,Febrero,8,Domingo,Sí,No,11:18,Media mañana,Granada,Domicilio,Bebida fría,Frappé de café,M,1,12500,0,12500,Tarjeta débito,Nuevo,25-34,,,,29.0,No
101524,2026-02-22,2,Febrero,8,Domingo,Sí,No,11:37,Media mañana,Ciudad Jardín,Mostrador,Panadería,Torta de zanahoria,,2,9000,0,18000,Billetera digital,Nuevo,18-24,3.5,,,29.0,No
101526,2026-02-22,2,Febrero,8,Domingo,Sí,No,11:40,Media mañana,Ciudad Jardín,App,Snacks,Galletas,,1,4500,15,3800,Billetera digital,Recurrente,35-44,1.0,4,,29.0,No
101520,2026-02-22,2,Febrero,8,Domingo,Sí,No,12:21,Almuerzo,San Antonio,Mostrador,Almuerzo,Ensalada César,,1,19500,0,19500,Tarjeta débito,Nuevo,18-24,3.5,4,,29.0,No
101508,2026-02-22,2,Febrero,8,Domingo,Sí,No,13:25,Almuerzo,Granada,Mostrador,Snacks,Empanada,,2,3500,0,7000,Tarjeta crédito,Nuevo,25-34,12.0,,,29.0,No
101517,2026-02-22,2,Febrero,8,Domingo,Sí,No,13:34,Almuerzo,Granada,Mostrador,Almuerzo,Wrap de pollo,,1,18500,0,18500,Tarjeta débito,Nuevo,18-24,16.8,,,29.0,No
101512,2026-02-22,2,Febrero,8,Domingo,Sí,No,13:36,Almuerzo,Granada,Domicilio,Almuerzo,Sándwich cubano,,1,21000,5,20000,Tarjeta crédito,Fidelizado,35-44,,,,29.0,No
101528,2026-02-22,2,Febrero,8,Domingo,Sí,No,13:46,Almuerzo,Ciudad Jardín,Domicilio,Almuerzo,Wrap de pollo,,2,18500,5,35200,Tarjeta débito,Fidelizado,25-34,,,,29.0,No
101522,2026-02-22,2,Febrero,8,Domingo,Sí,No,14:36,Tarde,San Antonio,Mostrador,Almuerzo,Sándwich cubano,,1,21000,0,21000,Tarjeta débito,Nuevo,18-24,5.7,,,29.0,No
101523,2026-02-22,2,Febrero,8,Domingo,Sí,No,14:54,Tarde,San Antonio,Mostrador,Bebida fría,Cold brew,L,1,13100,0,13100,Billetera digital,Nuevo,18-24,8.3,4,,29.0,No
101513,2026-02-22,2,Febrero,8,Domingo,Sí,No,15:49,Tarde,Granada,Mostrador,Panadería,Pandebono,,1,2500,0,2500,Tarjeta débito,Recurrente,18-24,3.2,,,29.0,No
101511,2026-02-22,2,Febrero,8,Domingo,Sí,No,15:59,Tarde,Granada,Mostrador,Café caliente,Capuchino,M,2,8500,0,17000,Efectivo,Recurrente,25-34,3.5,5,,29.0,No
101527,2026-02-22,2,Febrero,8,Domingo,Sí,No,17:38,Tarde,Ciudad Jardín,Domicilio,Panadería,Pandebono,,2,2500,5,4800,Tarjeta crédito,Fidelizado,35-44,,4,,29.0,No
101521,2026-02-22,2,Febrero,8,Domingo,Sí,No,19:04,Noche,San Antonio,Mostrador,Café caliente,Tinto,M,2,3500,5,6600,Billetera digital,Fidelizado,18-24,2.5,3,,29.0,No
101514,2026-02-22,2,Febrero,8,Domingo,Sí,No,20:01,Noche,Granada,Mostrador,Almuerzo,Sándwich cubano,,2,21000,0,42000,Tarjeta débito,Recurrente,Menos de 18,4.4,,,29.0,No
101544,2026-02-23,2,Febrero,9,Lunes,No,No,07:25,Mañana,San Antonio,Mostrador,Snacks,Empanada,,1,3500,0,3500,Tarjeta crédito,Recurrente,45-54,1.5,,,29.8,No
101541,2026-02-23,2,Febrero,9,Lunes,No,No,07:43,Mañana,Granada,Mostrador,Café caliente,Mocaccino,L,1,11900,0,11900,Tarjeta crédito,Recurrente,Menos de 18,2.4,5,El pandebono estaba recién hecho,29.8,No
101551,2026-02-23,2,Febrero,9,Lunes,No,No,07:43,Mañana,Ciudad Jardín,Mostrador,Café caliente,Americano,S,2,4700,0,9400,Tarjeta débito,Recurrente,35-44,4.5,4,,29.8,No
101529,2026-02-23,2,Febrero,9,Lunes,No,No,07:58,Mañana,Centro,Mostrador,Bebida fría,Frappé de café,S,1,10600,0,10600,Efectivo,Nuevo,45-54,7.1,,,29.8,No
101543,2026-02-23,2,Febrero,9,Lunes,No,No,08:21,Mañana,San Antonio,Domicilio,Panadería,Pandebono,,2,2500,0,5000,Billetera digital,Recurrente,35-44,,5,Rápido y amable,29.8,No
101546,2026-02-23,2,Febrero,9,Lunes,No,No,08:24,Mañana,Ciudad Jardín,Mostrador,Panadería,Buñuelo,,1,2200,0,2200,Tarjeta débito,Recurrente,25-34,4.6,5,Volveré pronto,29.8,No
101530,2026-02-23,2,Febrero,9,Lunes,No,No,08:40,Mañana,Centro,App,Panadería,Pandebono,,2,2500,15,4200,Billetera digital,Fidelizado,35-44,2.2,4,,29.8,No
101549,2026-02-23,2,Febrero,9,Lunes,No,No,10:17,Media mañana,Ciudad Jardín,Mostrador,Snacks,Empanada,,3,3500,0,10500,Tarjeta crédito,Recurrente,45-54,4.4,,,29.8,No
101532,2026-02-23,2,Febrero,9,Lunes,No,No,10:18,Media mañana,Centro,Mostrador,Bebida fría,Jugo natural,L,1,10600,5,10100,Tarjeta débito,Fidelizado,55 o más,2.7,,,29.8,No
101539,2026-02-23,2,Febrero,9,Lunes,No,No,10:55,Media mañana,Granada,Mostrador,Panadería,Buñuelo,,1,2200,0,2200,Billetera digital,Recurrente,25-34,3.3,4,,29.8,No
101545,2026-02-23,2,Febrero,9,Lunes,No,No,11:28,Media mañana,Ciudad Jardín,Domicilio,Café caliente,Capuchino,S,2,7200,0,14400,Tarjeta crédito,Recurrente,35-44,,,,29.8,No
101531,2026-02-23,2,Febrero,9,Lunes,No,No,11:54,Media mañana,Centro,Mostrador,Bebida fría,Cold brew,S,1,8900,0,8900,Efectivo,Nuevo,55 o más,3.7,5,El pandebono estaba recién hecho,29.8,No
101548,2026-02-23,2,Febrero,9,Lunes,No,No,12:00,Almuerzo,Ciudad Jardín,Mostrador,Almuerzo,Ensalada César,,2,19500,0,39000,Tarjeta crédito,Nuevo,25-34,3.7,,,29.8,No
101534,2026-02-23,2,Febrero,9,Lunes,No,No,12:06,Almuerzo,Centro,Domicilio,Snacks,Galletas,,1,4500,5,4300,Efectivo,Fidelizado,18-24,,,,29.8,No
101536,2026-02-23,2,Febrero,9,Lunes,No,No,12:17,Almuerzo,Centro,Mostrador,Almuerzo,Ensalada César,,2,19500,0,39000,Efectivo,Nuevo,18-24,13.5,,,29.8,No
101533,2026-02-23,2,Febrero,9,Lunes,No,No,12:22,Almuerzo,Centro,Domicilio,Snacks,Empanada,,1,3500,0,3500,Tarjeta crédito,Recurrente,45-54,,4,La app funciona bien,29.8,No
101535,2026-02-23,2,Febrero,9,Lunes,No,No,12:52,Almuerzo,Centro,Mostrador,Snacks,Papas de paquete,,2,5000,5,9500,Tarjeta crédito,Fidelizado,18-24,7.9,,,29.8,No
101538,2026-02-23,2,Febrero,9,Lunes,No,No,13:21,Almuerzo,Granada,Mostrador,Almuerzo,Bowl vegetariano,,4,22000,0,88000,Tarjeta crédito,Nuevo,18-24,8.3,4,,29.8,No
101542,2026-02-23,2,Febrero,9,Lunes,No,No,14:06,Tarde,Granada,Mostrador,Bebida fría,Frappé de café,L,3,15600,0,46800,Billetera digital,Nuevo,55 o más,2.4,,,29.8,No
101537,2026-02-23,2,Febrero,9,Lunes,No,No,16:27,Tarde,Centro,App,Panadería,Pandebono,,1,2500,15,2100,Tarjeta débito,Recurrente,18-24,2.0,5,,29.8,No
101550,2026-02-23,2,Febrero,9,Lunes,No,No,17:45,Tarde,Ciudad Jardín,Mostrador,Snacks,Empanada,,3,3500,0,10500,Efectivo,Nuevo,25-34,5.1,5,Volveré pronto,29.8,No
101547,2026-02-23,2,Febrero,9,Lunes,No,No,17:59,Tarde,Ciudad Jardín,Mostrador,Panadería,Pandebono,,3,2500,5,7100,Efectivo,Fidelizado,45-54,5.9,,,29.8,No
101540,2026-02-23,2,Febrero,9,Lunes,No,No,19:14,Noche,Granada,Mostrador,Snacks,Papas de paquete,,1,5000,0,5000,Tarjeta débito,Recurrente,25-34,1.9,,,29.8,No
101572,2026-02-24,2,Febrero,9,Martes,No,No,06:30,Mañana,Ciudad Jardín,Mostrador,Café caliente,Chocolate caliente,L,1,10000,0,10000,Tarjeta crédito,Recurrente,25-34,6.0,,,28.0,Sí
101559,2026-02-24,2,Febrero,9,Martes,No,No,07:06,Mañana,Centro,Mostrador,Panadería,Muffin,,2,7000,0,14000,Efectivo,Recurrente,45-54,8.1,5,Rápido y amable,28.0,Sí
101553,2026-02-24,2,Febrero,9,Martes,No,No,07:55,Mañana,Centro,Mostrador,Bebida fría,Jugo natural,M,1,8500,0,8500,Tarjeta débito,Nuevo,25-34,3.3,,,28.0,Sí
101566,2026-02-24,2,Febrero,9,Martes,No,No,08:18,Mañana,Granada,Domicilio,Café caliente,Americano,M,4,5500,0,22000,Tarjeta crédito,Recurrente,18-24,,,,28.0,Sí
101552,2026-02-24,2,Febrero,9,Martes,No,No,09:24,Mañana,Centro,Domicilio,Café caliente,Americano,M,2,5500,0,11000,Tarjeta crédito,Recurrente,35-44,,,,28.0,Sí
101560,2026-02-24,2,Febrero,9,Martes,No,No,09:57,Mañana,Centro,Mostrador,Snacks,Papas de paquete,,1,5000,0,5000,Tarjeta crédito,Nuevo,35-44,5.0,,,28.0,Sí
101569,2026-02-24,2,Febrero,9,Martes,No,No,10:02,Media mañana,San Antonio,Mostrador,Panadería,Buñuelo,,2,2200,5,4200,Tarjeta crédito,Fidelizado,25-34,2.9,4,Excelente atención,28.0,Sí
101564,2026-02-24,2,Febrero,9,Martes,No,No,10:12,Media mañana,Granada,Mostrador,Bebida fría,Frappé de café,M,1,12500,0,12500,Efectivo,Nuevo,35-44,2.7,5,Volveré pronto,28.0,Sí
101555,2026-02-24,2,Febrero,9,Martes,No,No,11:15,Media mañana,Centro,Mostrador,Café caliente,Chocolate caliente,S,1,6800,0,6800,Efectivo,Recurrente,25-34,1.6,,,28.0,Sí
101563,2026-02-24,2,Febrero,9,Martes,No,No,11:46,Media mañana,Centro,Mostrador,Panadería,Muffin,,2,7000,5,13300,Tarjeta crédito,Fidelizado,18-24,2.5,5,La app funciona bien,28.0,Sí
101562,2026-02-24,2,Febrero,9,Martes,No,No,12:03,Almuerzo,Centro,Domicilio,Snacks,Empanada,,1,3500,0,3500,Efectivo,Nuevo,25-34,,,,28.0,Sí
101557,2026-02-24,2,Febrero,9,Martes,No,No,12:20,Almuerzo,Centro,Mostrador,Almuerzo,Bowl vegetariano,,2,22000,0,44000,Tarjeta débito,Recurrente,25-34,10.0,3,,28.0,Sí
101570,2026-02-24,2,Febrero,9,Martes,No,No,13:04,Almuerzo,San Antonio,Domicilio,Café caliente,Latte,M,1,9000,0,9000,Tarjeta débito,Nuevo,18-24,,,,28.0,Sí
101556,2026-02-24,2,Febrero,9,Martes,No,No,13:25,Almuerzo,Centro,Mostrador,Almuerzo,Sándwich cubano,,1,21000,0,21000,Billetera digital,Recurrente,25-34,6.0,,,28.0,Sí
101554,2026-02-24,2,Febrero,9,Martes,No,No,13:48,Almuerzo,Centro,Mostrador,Bebida fría,Frappé de café,S,1,10600,0,10600,Efectivo,Nuevo,25-34,11.4,2,,28.0,Sí
101561,2026-02-24,2,Febrero,9,Martes,No,No,13:58,Almuerzo,Centro,Mostrador,Snacks,Papas de paquete,,1,5000,0,5000,Billetera digital,Recurrente,18-24,13.8,2,Demasiada fila,28.0,Sí
101567,2026-02-24,2,Febrero,9,Martes,No,No,14:27,Tarde,Granada,Mostrador,Café caliente,Mocaccino,L,1,11900,5,11300,Tarjeta débito,Fidelizado,35-44,2.1,4,,28.0,Sí
101568,2026-02-24,2,Febrero,9,Martes,No,No,15:34,Tarde,San Antonio,App,Café caliente,Latte,L,2,11200,15,19000,Tarjeta débito,Fidelizado,25-34,3.2,,,28.0,Sí
101565,2026-02-24,2,Febrero,9,Martes,No,No,15:42,Tarde,Granada,Domicilio,Café caliente,Americano,L,1,6900,0,6900,Tarjeta débito,Recurrente,25-34,,5,Volveré pronto,28.0,Sí
101558,2026-02-24,2,Febrero,9,Martes,No,No,16:23,Tarde,Centro,Mostrador,Bebida fría,Cold brew,M,2,10500,5,20000,Tarjeta débito,Fidelizado,25-34,2.8,5,Buen precio por el tamaño,28.0,Sí
101571,2026-02-24,2,Febrero,9,Martes,No,No,19:25,Noche,Ciudad Jardín,Mostrador,Café caliente,Tinto,L,2,4400,0,8800,Tarjeta débito,Nuevo,45-54,2.0,3,Aceptable,28.0,Sí
101577,2026-02-25,2,Febrero,9,Miércoles,No,No,06:32,Mañana,Centro,Mostrador,Café caliente,Capuchino,S,2,7200,0,14400,Billetera digital,Recurrente,25-34,12.5,3,Aceptable,28.9,Sí
101574,2026-02-25,2,Febrero,9,Miércoles,No,No,07:29,Mañana,Centro,Mostrador,Café caliente,Americano,M,2,5500,0,11000,Tarjeta crédito,Nuevo,18-24,10.3,,,28.9,Sí
101579,2026-02-25,2,Febrero,9,Miércoles,No,No,07:32,Mañana,Granada,Mostrador,Café caliente,Americano,M,1,5500,5,5200,Efectivo,Fidelizado,18-24,8.7,,,28.9,Sí
101592,2026-02-25,2,Febrero,9,Miércoles,No,No,09:00,Mañana,Ciudad Jardín,Mostrador,Café caliente,Tinto,M,1,3500,0,3500,Efectivo,Recurrente,35-44,3.9,,,28.9,Sí
101582,2026-02-25,2,Febrero,9,Miércoles,No,No,09:22,Mañana,San Antonio,Mostrador,Café caliente,Tinto,M,2,3500,5,6600,Tarjeta crédito,Fidelizado,18-24,2.8,5,,28.9,Sí
101590,2026-02-25,2,Febrero,9,Miércoles,No,No,10:15,Media mañana,Ciudad Jardín,Domicilio,Café caliente,Latte,M,5,9000,0,45000,Tarjeta débito,Nuevo,45-54,,,,28.9,Sí
101573,2026-02-25,2,Febrero,9,Miércoles,No,No,11:07,Media mañana,Centro,Mostrador,Panadería,Croissant,,3,6500,0,19500,Billetera digital,Recurrente,Menos de 18,3.7,,,28.9,Sí
101584,2026-02-25,2,Febrero,9,Miércoles,No,No,11:38,Media mañana,San Antonio,Mostrador,Café caliente,Americano,L,1,6900,0,6900,Efectivo,Nuevo,25-34,5.6,,,28.9,Sí
101591,2026-02-25,2,Febrero,9,Miércoles,No,No,11:53,Media mañana,Ciudad Jardín,Mostrador,Café caliente,Tinto,M,1,3500,0,3500,Tarjeta débito,Recurrente,45-54,4.5,,,28.9,Sí
101587,2026-02-25,2,Febrero,9,Miércoles,No,No,12:04,Almuerzo,San Antonio,Mostrador,Almuerzo,Ensalada César,,2,19500,0,39000,Tarjeta crédito,Recurrente,18-24,7.7,,,28.9,Sí
101589,2026-02-25,2,Febrero,9,Miércoles,No,No,12:09,Almuerzo,Ciudad Jardín,Domicilio,Bebida fría,Frappé de café,M,1,12500,0,12500,Tarjeta débito,Nuevo,45-54,,5,,28.9,Sí
101585,2026-02-25,2,Febrero,9,Miércoles,No,No,12:31,Almuerzo,San Antonio,Mostrador,Almuerzo,Ensalada César,,2,19500,0,39000,Billetera digital,Recurrente,18-24,6.0,5,Rápido y amable,28.9,Sí
101575,2026-02-25,2,Febrero,9,Miércoles,No,No,13:06,Almuerzo,Centro,Mostrador,Bebida fría,Frappé de café,M,1,12500,0,12500,Tarjeta débito,Nuevo,18-24,7.0,4,Aceptable,28.9,Sí
101583,2026-02-25,2,Febrero,9,Miércoles,No,No,14:08,Tarde,San Antonio,Mostrador,Snacks,Empanada,,3,3500,5,10000,Efectivo,Fidelizado,18-24,2.1,4,,28.9,Sí
101593,2026-02-25,2,Febrero,9,Miércoles,No,No,14:22,Tarde,Ciudad Jardín,Mostrador,Snacks,Papas de paquete,,2,5000,0,10000,Billetera digital,Nuevo,25-34,5.8,,,28.9,Sí
101580,2026-02-25,2,Febrero,9,Miércoles,No,No,17:42,Tarde,Granada,Mostrador,Almuerzo,Ensalada César,,4,19500,0,78000,Efectivo,Nuevo,45-54,5.3,,,28.9,Sí
101576,2026-02-25,2,Febrero,9,Miércoles,No,No,17:53,Tarde,Centro,Mostrador,Snacks,Empanada,,1,3500,0,3500,Billetera digital,Nuevo,18-24,4.6,,,28.9,Sí
101581,2026-02-25,2,Febrero,9,Miércoles,No,No,18:26,Noche,Granada,Mostrador,Snacks,Empanada,,1,3500,0,3500,Tarjeta débito,Nuevo,18-24,4.2,,,28.9,Sí
101588,2026-02-25,2,Febrero,9,Miércoles,No,No,19:06,Noche,San Antonio,Mostrador,Almuerzo,Ensalada César,,1,19500,0,19500,Tarjeta débito,Nuevo,25-34,3.8,4,,28.9,Sí
101586,2026-02-25,2,Febrero,9,Miércoles,No,No,19:37,Noche,San Antonio,Mostrador,Café caliente,Tinto,S,1,3000,5,2800,Tarjeta débito,Fidelizado,25-34,3.6,5,,28.9,Sí
101578,2026-02-25,2,Febrero,9,Miércoles,No,No,19:58,Noche,Centro,Mostrador,Snacks,Papas de paquete,,1,5000,0,5000,Billetera digital,Recurrente,18-24,3.7,,,28.9,Sí
101595,2026-02-26,2,Febrero,9,Jueves,No,No,06:46,Mañana,Centro,App,Café caliente,Tinto,M,1,3500,15,3000,Tarjeta crédito,Fidelizado,45-54,7.2,5,Excelente atención,26.3,No
101600,2026-02-26,2,Febrero,9,Jueves,No,No,07:41,Mañana,Centro,Mostrador,Snacks,Empanada,,2,3500,5,6600,Tarjeta débito,Fidelizado,18-24,7.5,,,26.3,No
101611,2026-02-26,2,Febrero,9,Jueves,No,No,08:45,Mañana,San Antonio,Mostrador,Panadería,Muffin,,2,7000,0,14000,Tarjeta débito,Recurrente,18-24,6.3,,,26.3,No
101616,2026-02-26,2,Febrero,9,Jueves,No,No,09:04,Mañana,Ciudad Jardín,Mostrador,Café caliente,Tinto,S,2,3000,0,6000,Efectivo,Recurrente,25-34,3.3,4,Excelente atención,26.3,No
101596,2026-02-26,2,Febrero,9,Jueves,No,No,09:26,Mañana,Centro,Domicilio,Bebida fría,Frappé de café,L,2,15600,5,29600,Billetera digital,Fidelizado,45-54,,4,Me encanta el ambiente,26.3,No
101604,2026-02-26,2,Febrero,9,Jueves,No,No,10:39,Media mañana,Centro,App,Snacks,Empanada,,1,3500,15,3000,Tarjeta crédito,Recurrente,25-34,1.0,3,,26.3,No
101605,2026-02-26,2,Febrero,9,Jueves,No,No,10:57,Media mañana,Granada,Mostrador,Panadería,Croissant,,2,6500,5,12400,Efectivo,Fidelizado,18-24,2.8,,,26.3,No
101602,2026-02-26,2,Febrero,9,Jueves,No,No,11:21,Media mañana,Centro,Mostrador,Café caliente,Tinto,M,3,3500,5,10000,Tarjeta débito,Fidelizado,25-34,4.4,,,26.3,No
101599,2026-02-26,2,Febrero,9,Jueves,No,No,12:04,Almuerzo,Centro,Mostrador,Almuerzo,Ensalada César,,1,19500,0,19500,Efectivo,Recurrente,25-34,14.7,,,26.3,No
101601,2026-02-26,2,Febrero,9,Jueves,No,No,12:23,Almuerzo,Centro,Mostrador,Almuerzo,Ensalada César,,1,19500,0,19500,Billetera digital,Recurrente,25-34,12.3,,,26.3,No
101612,2026-02-26,2,Febrero,9,Jueves,No,No,13:03,Almuerzo,San Antonio,Domicilio,Bebida fría,Limonada de coco,L,3,13800,5,39300,Billetera digital,Fidelizado,25-34,,5,,26.3,No
101603,2026-02-26,2,Febrero,9,Jueves,No,No,13:23,Almuerzo,Centro,Mostrador,Almuerzo,Wrap de pollo,,1,18500,0,18500,Efectivo,Nuevo,35-44,16.4,3,,26.3,No
101597,2026-02-26,2,Febrero,9,Jueves,No,No,13:57,Almuerzo,Centro,Mostrador,Almuerzo,Wrap de pollo,,1,18500,0,18500,Tarjeta débito,Recurrente,25-34,14.8,,,26.3,No
101608,2026-02-26,2,Febrero,9,Jueves,No,No,13:57,Almuerzo,San Antonio,Mostrador,Café caliente,Americano,S,1,4700,0,4700,Tarjeta débito,Nuevo,35-44,10.7,,,26.3,No
101615,2026-02-26,2,Febrero,9,Jueves,No,No,15:01,Tarde,Ciudad Jardín,Mostrador,Bebida fría,Frappé de café,M,2,12500,0,25000,Billetera digital,Nuevo,25-34,3.0,4,Muy buen café,26.3,No
101598,2026-02-26,2,Febrero,9,Jueves,No,No,15:06,Tarde,Centro,Mostrador,Bebida fría,Té helado,M,1,7500,5,7100,Efectivo,Fidelizado,35-44,4.0,4,Me encanta el ambiente,26.3,No
101614,2026-02-26,2,Febrero,9,Jueves,No,No,15:14,Tarde,Ciudad Jardín,Mostrador,Café caliente,Americano,L,2,6900,0,13800,Billetera digital,Recurrente,25-34,2.3,,,26.3,No
101613,2026-02-26,2,Febrero,9,Jueves,No,No,15:23,Tarde,Ciudad Jardín,Mostrador,Almuerzo,Wrap de pollo,,2,18500,0,37000,Billetera digital,Recurrente,18-24,2.1,4,,26.3,No
101609,2026-02-26,2,Febrero,9,Jueves,No,No,15:56,Tarde,San Antonio,Domicilio,Bebida fría,Frappé de café,S,1,10600,5,10100,Tarjeta débito,Fidelizado,18-24,,5,,26.3,No
101594,2026-02-26,2,Febrero,9,Jueves,No,No,16:33,Tarde,Centro,Mostrador,Bebida fría,Té helado,M,1,7500,0,7500,Billetera digital,Nuevo,18-24,5.8,4,,26.3,No
101606,2026-02-26,2,Febrero,9,Jueves,No,No,16:55,Tarde,Granada,Mostrador,Café caliente,Americano,M,3,5500,0,16500,Tarjeta débito,Nuevo,35-44,2.5,,,26.3,No
101607,2026-02-26,2,Febrero,9,Jueves,No,No,19:12,Noche,Granada,Domicilio,Bebida fría,Cold brew,L,3,13100,0,39300,Tarjeta débito,Nuevo,45-54,,,,26.3,No
101610,2026-02-26,2,Febrero,9,Jueves,No,No,19:35,Noche,San Antonio,Domicilio,Café caliente,Americano,S,3,4700,0,14100,Tarjeta débito,Recurrente,35-44,,3,,26.3,No
101619,2026-02-27,2,Febrero,9,Viernes,No,No,06:26,Mañana,Centro,App,Panadería,Torta de zanahoria,,1,9000,15,7600,Billetera digital,Recurrente,Menos de 18,2.2,,,28.6,No
101617,2026-02-27,2,Febrero,9,Viernes,No,No,07:28,Mañana,Centro,Mostrador,Café caliente,Capuchino,M,1,8500,0,8500,Efectivo,Recurrente,45-54,3.9,,,28.6,No
101635,2026-02-27,2,Febrero,9,Viernes,No,No,08:04,Mañana,San Antonio,Mostrador,Panadería,Buñuelo,,1,2200,0,2200,Billetera digital,Nuevo,18-24,10.1,3,,28.6,No
101620,2026-02-27,2,Febrero,9,Viernes,No,No,08:09,Mañana,Centro,Mostrador,Café caliente,Tinto,S,2,3000,0,6000,Efectivo,Nuevo,Menos de 18,10.4,,,28.6,No
101640,2026-02-27,2,Febrero,9,Viernes,No,No,08:13,Mañana,Ciudad Jardín,Mostrador,Panadería,Buñuelo,,2,2200,5,4200,Tarjeta débito,Fidelizado,55 o más,1.9,5,El pandebono estaba recién hecho,28.6,No
101634,2026-02-27,2,Febrero,9,Viernes,No,No,08:24,Mañana,San Antonio,Mostrador,Café caliente,Capuchino,M,1,8500,0,8500,Tarjeta débito,Recurrente,55 o más,2.7,,,28.6,No
101623,2026-02-27,2,Febrero,9,Viernes,No,No,10:42,Media mañana,Granada,Mostrador,Bebida fría,Té helado,L,1,9400,0,9400,Tarjeta débito,Recurrente,25-34,4.6,,,28.6,No
101641,2026-02-27,2,Febrero,9,Viernes,No,No,10:53,Media mañana,Ciudad Jardín,Mostrador,Panadería,Pandebono,,3,2500,0,7500,Tarjeta débito,Recurrente,35-44,2.6,,,28.6,No
101632,2026-02-27,2,Febrero,9,Viernes,No,No,11:09,Media mañana,San Antonio,Mostrador,Café caliente,Tinto,S,1,3000,0,3000,Tarjeta crédito,Recurrente,18-24,2.0,4,Muy buen café,28.6,No
101637,2026-02-27,2,Febrero,9,Viernes,No,No,12:05,Almuerzo,Ciudad Jardín,Mostrador,Café caliente,Capuchino,M,1,8500,5,8100,Tarjeta crédito,Fidelizado,35-44,4.2,5,,28.6,No
101628,2026-02-27,2,Febrero,9,Viernes,No,No,12:26,Almuerzo,Granada,Mostrador,Almuerzo,Ensalada César,,2,19500,0,39000,Tarjeta débito,Recurrente,25-34,3.8,5,El pandebono estaba recién hecho,28.6,No
101633,2026-02-27,2,Febrero,9,Viernes,No,No,12:26,Almuerzo,San Antonio,App,Almuerzo,Sándwich cubano,,1,21000,15,17800,Tarjeta débito,Recurrente,18-24,3.2,,,28.6,No
101631,2026-02-27,2,Febrero,9,Viernes,No,No,13:11,Almuerzo,Granada,Mostrador,Snacks,Papas de paquete,,2,5000,5,9500,Efectivo,Fidelizado,45-54,9.3,,,28.6,No
101627,2026-02-27,2,Febrero,9,Viernes,No,No,13:30,Almuerzo,Granada,Mostrador,Almuerzo,Wrap de pollo,,1,18500,0,18500,Tarjeta débito,Nuevo,35-44,3.5,4,,28.6,No
101625,2026-02-27,2,Febrero,9,Viernes,No,No,13:36,Almuerzo,Granada,App,Almuerzo,Bowl vegetariano,,3,22000,15,56100,Billetera digital,Fidelizado,18-24,5.3,5,,28.6,No
101618,2026-02-27,2,Febrero,9,Viernes,No,No,13:41,Almuerzo,Centro,Mostrador,Almuerzo,Sándwich cubano,,2,21000,0,42000,Tarjeta débito,Recurrente,45-54,16.4,2,Se demoraron con mi pedido,28.6,No
101622,2026-02-27,2,Febrero,9,Viernes,No,No,14:20,Tarde,Centro,Mostrador,Panadería,Buñuelo,,1,2200,0,2200,Efectivo,Recurrente,25-34,5.4,4,La app funciona bien,28.6,No
101621,2026-02-27,2,Febrero,9,Viernes,No,No,15:36,Tarde,Centro,Mostrador,Snacks,Galletas,,2,4500,0,9000,Tarjeta débito,Recurrente,35-44,5.8,4,,28.6,No
101639,2026-02-27,2,Febrero,9,Viernes,No,No,15:42,Tarde,Ciudad Jardín,Domicilio,Panadería,Croissant,,2,6500,5,12400,Billetera digital,Fidelizado,45-54,,4,La app funciona bien,28.6,No
101626,2026-02-27,2,Febrero,9,Viernes,No,No,17:48,Tarde,Granada,Mostrador,Bebida fría,Frappé de café,L,2,15600,0,31200,Tarjeta crédito,Recurrente,25-34,1.4,,,28.6,No
101630,2026-02-27,2,Febrero,9,Viernes,No,No,18:01,Noche,Granada,Mostrador,Almuerzo,Bowl vegetariano,,1,22000,0,22000,Billetera digital,Recurrente,18-24,2.5,,,28.6,No
101629,2026-02-27,2,Febrero,9,Viernes,No,No,19:23,Noche,Granada,Mostrador,Panadería,Buñuelo,,1,2200,0,2200,Tarjeta crédito,Nuevo,35-44,3.4,4,,28.6,No
101624,2026-02-27,2,Febrero,9,Viernes,No,No,19:44,Noche,Granada,Mostrador,Bebida fría,Frappé de café,M,1,12500,0,12500,Billetera digital,Nuevo,45-54,2.7,4,Buen precio por el tamaño,28.6,No
101638,2026-02-27,2,Febrero,9,Viernes,No,No,20:33,Noche,Ciudad Jardín,Mostrador,Snacks,Papas de paquete,,4,5000,5,19000,Tarjeta débito,Fidelizado,55 o más,6.3,5,,28.6,No
101636,2026-02-27,2,Febrero,9,Viernes,No,No,20:46,Noche,San Antonio,Mostrador,Bebida fría,Jugo natural,L,4,10600,0,42400,Tarjeta débito,Nuevo,18-24,9.0,3,,28.6,No
101671,2026-02-28,2,Febrero,9,Sábado,Sí,No,06:14,Mañana,Ciudad Jardín,Mostrador,Bebida fría,Té helado,S,3,6400,0,19200,Efectivo,Nuevo,45-54,5.5,,,31.8,No
101661,2026-02-28,2,Febrero,9,Sábado,Sí,No,06:33,Mañana,San Antonio,Mostrador,Panadería,Pandebono,,1,2500,0,2500,Billetera digital,Recurrente,18-24,2.4,,,31.8,No
101644,2026-02-28,2,Febrero,9,Sábado,Sí,No,06:37,Mañana,Centro,App,Café caliente,Capuchino,S,1,7200,15,6100,Tarjeta débito,Recurrente,25-34,1.3,3,Rico pero un poco demorado,31.8,No
101649,2026-02-28,2,Febrero,9,Sábado,Sí,No,06:47,Mañana,Granada,Mostrador,Snacks,Empanada,,1,3500,0,3500,Efectivo,Recurrente,25-34,5.6,,,31.8,No
101664,2026-02-28,2,Febrero,9,Sábado,Sí,No,07:05,Mañana,San Antonio,Mostrador,Snacks,Barra de granola,,1,5500,0,5500,Tarjeta crédito,Recurrente,25-34,3.7,,,31.8,No
101668,2026-02-28,2,Febrero,9,Sábado,Sí,No,07:25,Mañana,San Antonio,Mostrador,Panadería,Buñuelo,,1,2200,0,2200,Tarjeta débito,Recurrente,18-24,2.8,,,31.8,No
101654,2026-02-28,2,Febrero,9,Sábado,Sí,No,07:31,Mañana,Granada,Mostrador,Panadería,Buñuelo,,2,2200,5,4200,Tarjeta débito,Fidelizado,35-44,2.5,,,31.8,No
101643,2026-02-28,2,Febrero,9,Sábado,Sí,No,08:12,Mañana,Centro,Mostrador,Café caliente,Chocolate caliente,M,2,8000,0,16000,Efectivo,Nuevo,18-24,3.2,,,31.8,No
101673,2026-02-28,2,Febrero,9,Sábado,Sí,No,08:18,Mañana,Ciudad Jardín,Domicilio,Bebida fría,Jugo natural,S,2,7200,5,13700,Tarjeta crédito,Fidelizado,35-44,,,,31.8,No
101648,2026-02-28,2,Febrero,9,Sábado,Sí,No,08:58,Mañana,Granada,Mostrador,Café caliente,Americano,M,2,5500,0,11000,Tarjeta débito,Recurrente,35-44,7.2,4,,31.8,No
101660,2026-02-28,2,Febrero,9,Sábado,Sí,No,09:15,Mañana,Granada,Mostrador,Panadería,Torta de zanahoria,,3,9000,0,27000,Billetera digital,Nuevo,18-24,4.8,,,31.8,No
101659,2026-02-28,2,Febrero,9,Sábado,Sí,No,09:51,Mañana,Granada,App,Panadería,Pandebono,,1,2500,15,2100,Billetera digital,Recurrente,25-34,3.1,5,,31.8,No
101663,2026-02-28,2,Febrero,9,Sábado,Sí,No,10:19,Media mañana,San Antonio,Mostrador,Almuerzo,Sándwich cubano,,1,21000,0,21000,Tarjeta débito,Recurrente,35-44,3.6,,,31.8,No
101645,2026-02-28,2,Febrero,9,Sábado,Sí,No,10:39,Media mañana,Centro,App,Café caliente,Mocaccino,L,2,11900,15,20200,Tarjeta débito,Recurrente,45-54,2.7,4,,31.8,No
101657,2026-02-28,2,Febrero,9,Sábado,Sí,No,10:46,Media mañana,Granada,Mostrador,Bebida fría,Jugo natural,S,3,7200,0,21600,Billetera digital,Nuevo,25-34,11.2,3,Se demoraron con mi pedido,31.8,No
101669,2026-02-28,2,Febrero,9,Sábado,Sí,No,11:19,Media mañana,San Antonio,Mostrador,Café caliente,Americano,L,1,6900,5,6600,Tarjeta crédito,Fidelizado,25-34,1.1,,,31.8,No
101646,2026-02-28,2,Febrero,9,Sábado,Sí,No,11:31,Media mañana,Centro,Mostrador,Panadería,Buñuelo,,1,2200,0,2200,Billetera digital,Nuevo,18-24,3.2,5,,31.8,No
101672,2026-02-28,2,Febrero,9,Sábado,Sí,No,11:36,Media mañana,Ciudad Jardín,Domicilio,Bebida fría,Limonada de coco,L,3,13800,0,41400,Billetera digital,Nuevo,35-44,,,,31.8,No
101658,2026-02-28,2,Febrero,9,Sábado,Sí,No,11:44,Media mañana,Granada,Domicilio,Snacks,Galletas,,1,4500,5,4300,Tarjeta crédito,Fidelizado,45-54,,,,31.8,No
101653,2026-02-28,2,Febrero,9,Sábado,Sí,No,11:47,Media mañana,Granada,Mostrador,Bebida fría,Jugo natural,S,2,7200,0,14400,Efectivo,Recurrente,45-54,9.4,5,Me encanta el ambiente,31.8,No
101656,2026-02-28,2,Febrero,9,Sábado,Sí,No,11:51,Media mañana,Granada,Mostrador,Panadería,Torta de zanahoria,,1,9000,5,8600,Billetera digital,Fidelizado,25-34,8.1,,,31.8,No
101651,2026-02-28,2,Febrero,9,Sábado,Sí,No,13:33,Almuerzo,Granada,Mostrador,Bebida fría,Cold brew,M,1,10500,5,10000,Billetera digital,Fidelizado,25-34,7.9,4,,31.8,No
101666,2026-02-28,2,Febrero,9,Sábado,Sí,No,13:35,Almuerzo,San Antonio,Mostrador,Almuerzo,Ensalada César,,1,19500,0,19500,Tarjeta crédito,Nuevo,45-54,2.0,,,31.8,No
101667,2026-02-28,2,Febrero,9,Sábado,Sí,No,14:00,Tarde,San Antonio,Domicilio,Bebida fría,Té helado,M,3,7500,0,22500,Efectivo,Nuevo,55 o más,,,,31.8,No
101647,2026-02-28,2,Febrero,9,Sábado,Sí,No,14:02,Tarde,Granada,Mostrador,Bebida fría,Frappé de café,M,1,12500,0,12500,Efectivo,Recurrente,35-44,2.1,,,31.8,No
101662,2026-02-28,2,Febrero,9,Sábado,Sí,No,14:23,Tarde,San Antonio,Mostrador,Almuerzo,Bowl vegetariano,,1,22000,0,22000,Efectivo,Recurrente,25-34,2.4,,,31.8,No
101642,2026-02-28,2,Febrero,9,Sábado,Sí,No,15:47,Tarde,Centro,Mostrador,Bebida fría,Jugo natural,S,1,7200,0,7200,Tarjeta débito,Recurrente,18-24,3.1,,,31.8,No
101652,2026-02-28,2,Febrero,9,Sábado,Sí,No,19:03,Noche,Granada,Mostrador,Bebida fría,Jugo natural,M,3,8500,0,25500,Efectivo,Recurrente,35-44,2.8,,,31.8,No
101665,2026-02-28,2,Febrero,9,Sábado,Sí,No,19:18,Noche,San Antonio,Domicilio,Café caliente,Tinto,M,3,3500,0,10500,Efectivo,Recurrente,18-24,,,,31.8,No
101670,2026-02-28,2,Febrero,9,Sábado,Sí,No,19:24,Noche,Ciudad Jardín,Mostrador,Bebida fría,Jugo natural,M,2,8500,0,17000,Tarjeta débito,Recurrente,35-44,3.1,,,31.8,No
101650,2026-02-28,2,Febrero,9,Sábado,Sí,No,20:33,Noche,Granada,Mostrador,Panadería,Buñuelo,,1,2200,0,2200,Tarjeta débito,Recurrente,25-34,4.3,5,,31.8,No
101655,2026-02-28,2,Febrero,9,Sábado,Sí,No,20:51,Noche,Granada,Mostrador,Café caliente,Latte,M,3,9000,5,25600,Efectivo,Fidelizado,25-34,3.5,,,31.8,No
101688,2026-03-01,3,Marzo,9,Domingo,Sí,No,06:02,Mañana,Granada,Mostrador,Snacks,Empanada,,3,3500,5,10000,Billetera digital,Fidelizado,35-44,4.9,4,,29.6,No
101689,2026-03-01,3,Marzo,9,Domingo,Sí,No,06:27,Mañana,Granada,Mostrador,Panadería,Buñuelo,,1,2200,0,2200,Efectivo,Recurrente,25-34,5.6,,,29.6,No
101679,2026-03-01,3,Marzo,9,Domingo,Sí,No,06:42,Mañana,Granada,Mostrador,Snacks,Empanada,,2,3500,0,7000,Efectivo,Recurrente,45-54,9.2,,,29.6,No
101683,2026-03-01,3,Marzo,9,Domingo,Sí,No,06:53,Mañana,Granada,Mostrador,Café caliente,Americano,S,1,4700,0,4700,Tarjeta crédito,Recurrente,35-44,7.0,3,Rico pero un poco demorado,29.6,No
101674,2026-03-01,3,Marzo,9,Domingo,Sí,No,07:29,Mañana,Granada,Mostrador,Panadería,Muffin,,2,7000,0,14000,Efectivo,Nuevo,45-54,5.0,4,Bueno,29.6,No
101680,2026-03-01,3,Marzo,9,Domingo,Sí,No,08:57,Mañana,Granada,Mostrador,Snacks,Galletas,,3,4500,5,12800,Tarjeta débito,Fidelizado,25-34,8.4,,,29.6,No
101678,2026-03-01,3,Marzo,9,Domingo,Sí,No,10:03,Media mañana,Granada,Mostrador,Snacks,Galletas,,1,4500,0,4500,Efectivo,Recurrente,18-24,4.8,,,29.6,No
101693,2026-03-01,3,Marzo,9,Domingo,Sí,No,10:19,Media mañana,San Antonio,App,Snacks,Papas de paquete,,1,5000,15,4200,Tarjeta débito,Fidelizado,25-34,2.5,4,Normal,29.6,No
101676,2026-03-01,3,Marzo,9,Domingo,Sí,No,11:01,Media mañana,Granada,Mostrador,Café caliente,Latte,L,1,11200,0,11200,Efectivo,Recurrente,35-44,7.7,,,29.6,No
101687,2026-03-01,3,Marzo,9,Domingo,Sí,No,11:25,Media mañana,Granada,Mostrador,Bebida fría,Té helado,M,1,7500,0,7500,Billetera digital,Nuevo,35-44,4.0,,,29.6,No
101681,2026-03-01,3,Marzo,9,Domingo,Sí,No,11:33,Media mañana,Granada,Mostrador,Panadería,Pandebono,,3,2500,0,7500,Tarjeta crédito,Nuevo,18-24,10.8,,,29.6,No
101691,2026-03-01,3,Marzo,9,Domingo,Sí,No,11:43,Media mañana,Granada,App,Café caliente,Latte,M,1,9000,15,7600,Tarjeta débito,Fidelizado,18-24,1.2,,,29.6,No
101685,2026-03-01,3,Marzo,9,Domingo,Sí,No,11:56,Media mañana,Granada,Domicilio,Snacks,Galletas,,2,4500,5,8600,Efectivo,Fidelizado,35-44,,,,29.6,No
101690,2026-03-01,3,Marzo,9,Domingo,Sí,No,11:58,Media mañana,Granada,App,Café caliente,Americano,M,2,5500,15,9400,Tarjeta crédito,Recurrente,35-44,3.3,,,29.6,No
101698,2026-03-01,3,Marzo,9,Domingo,Sí,No,12:21,Almuerzo,Ciudad Jardín,Mostrador,Bebida fría,Limonada de coco,S,2,9400,0,18800,Tarjeta débito,Nuevo,45-54,5.6,,,29.6,No
101677,2026-03-01,3,Marzo,9,Domingo,Sí,No,12:43,Almuerzo,Granada,Mostrador,Bebida fría,Frappé de café,M,2,12500,5,23800,Tarjeta débito,Fidelizado,25-34,5.0,,,29.6,No
101686,2026-03-01,3,Marzo,9,Domingo,Sí,No,13:12,Almuerzo,Granada,Mostrador,Almuerzo,Bowl vegetariano,,3,22000,0,66000,Tarjeta débito,Recurrente,18-24,7.8,,,29.6,No
101684,2026-03-01,3,Marzo,9,Domingo,Sí,No,13:46,Almuerzo,Granada,Mostrador,Almuerzo,Wrap de pollo,,2,18500,5,35200,Tarjeta débito,Fidelizado,18-24,7.4,,,29.6,No
101700,2026-03-01,3,Marzo,9,Domingo,Sí,No,13:52,Almuerzo,Ciudad Jardín,Mostrador,Bebida fría,Frappé de café,S,3,10600,5,30200,Tarjeta débito,Fidelizado,35-44,4.7,,,29.6,No
101692,2026-03-01,3,Marzo,9,Domingo,Sí,No,16:21,Tarde,San Antonio,Mostrador,Snacks,Papas de paquete,,1,5000,0,5000,Tarjeta débito,Nuevo,55 o más,1.9,,,29.6,No
101675,2026-03-01,3,Marzo,9,Domingo,Sí,No,16:47,Tarde,Granada,App,Panadería,Buñuelo,,1,2200,15,1900,Billetera digital,Recurrente,18-24,2.3,2,,29.6,No
101697,2026-03-01,3,Marzo,9,Domingo,Sí,No,17:20,Tarde,San Antonio,Mostrador,Panadería,Pandebono,,3,2500,0,7500,Efectivo,Recurrente,55 o más,2.0,,,29.6,No
101699,2026-03-01,3,Marzo,9,Domingo,Sí,No,17:20,Tarde,Ciudad Jardín,Mostrador,Bebida fría,Cold brew,L,1,13100,0,13100,Efectivo,Recurrente,35-44,2.8,,,29.6,No
101682,2026-03-01,3,Marzo,9,Domingo,Sí,No,18:24,Noche,Granada,Mostrador,Snacks,Galletas,,2,4500,5,8600,Tarjeta débito,Fidelizado,35-44,2.5,5,,29.6,No
101695,2026-03-01,3,Marzo,9,Domingo,Sí,No,18:50,Noche,San Antonio,Mostrador,Snacks,Empanada,,3,3500,5,10000,Efectivo,Fidelizado,18-24,2.4,3,,29.6,No
101694,2026-03-01,3,Marzo,9,Domingo,Sí,No,19:46,Noche,San Antonio,Mostrador,Bebida fría,Té helado,M,1,7500,5,7100,Tarjeta débito,Fidelizado,18-24,7.0,,,29.6,No
101696,2026-03-01,3,Marzo,9,Domingo,Sí,No,20:20,Noche,San Antonio,Mostrador,Bebida fría,Jugo natural,S,1,7200,0,7200,Efectivo,Recurrente,18-24,2.0,,,29.6,No
101701,2026-03-01,3,Marzo,9,Domingo,Sí,No,20:40,Noche,Ciudad Jardín,Mostrador,Almuerzo,Wrap de pollo,,3,18500,0,55500,Tarjeta crédito,Recurrente,35-44,1.9,5,,29.6,No
101720,2026-03-02,3,Marzo,10,Lunes,No,No,06:08,Mañana,San Antonio,Mostrador,Café caliente,Capuchino,S,1,7200,0,7200,Tarjeta débito,Recurrente,35-44,8.8,,,26.9,Sí
101731,2026-03-02,3,Marzo,10,Lunes,No,No,06:21,Mañana,Ciudad Jardín,Mostrador,Café caliente,Tinto,S,3,3000,5,8600,Tarjeta débito,Fidelizado,45-54,9.2,,,26.9,Sí
101704,2026-03-02,3,Marzo,10,Lunes,No,No,06:31,Mañana,Centro,Mostrador,Bebida fría,Limonada de coco,L,2,13800,0,27600,Efectivo,Recurrente,18-24,18.0,2,Se demoraron con mi pedido,26.9,Sí
101719,2026-03-02,3,Marzo,10,Lunes,No,No,06:43,Mañana,Granada,Domicilio,Café caliente,Capuchino,S,2,7200,5,13700,Tarjeta crédito,Fidelizado,25-34,,,,26.9,Sí
101725,2026-03-02,3,Marzo,10,Lunes,No,No,06:53,Mañana,San Antonio,Mostrador,Bebida fría,Frappé de café,M,1,12500,0,12500,Efectivo,Recurrente,35-44,7.6,,,26.9,Sí
101702,2026-03-02,3,Marzo,10,Lunes,No,No,07:06,Mañana,Centro,Mostrador,Café caliente,Tinto,S,2,3000,0,6000,Billetera digital,Recurrente,18-24,20.0,,,26.9,Sí
101726,2026-03-02,3,Marzo,10,Lunes,No,No,08:37,Mañana,San Antonio,Mostrador,Panadería,Croissant,,2,6500,5,12400,Tarjeta débito,Fidelizado,25-34,4.6,,,26.9,Sí
101729,2026-03-02,3,Marzo,10,Lunes,No,No,09:07,Mañana,Ciudad Jardín,Mostrador,Panadería,Croissant,,4,6500,0,26000,Efectivo,Nuevo,25-34,6.5,,,26.9,Sí
101727,2026-03-02,3,Marzo,10,Lunes,No,No,10:00,Media mañana,Ciudad Jardín,Mostrador,Snacks,Galletas,,2,4500,0,9000,Tarjeta débito,Recurrente,45-54,1.7,,,26.9,Sí
101728,2026-03-02,3,Marzo,10,Lunes,No,No,10:08,Media mañana,Ciudad Jardín,Mostrador,Café caliente,Latte,M,2,9000,0,18000,Tarjeta débito,Nuevo,18-24,2.5,,,26.9,Sí
101724,2026-03-02,3,Marzo,10,Lunes,No,No,10:37,Media mañana,San Antonio,Mostrador,Café caliente,Americano,L,1,6900,0,6900,Tarjeta débito,Nuevo,18-24,3.4,5,Rápido y amable,26.9,Sí
101711,2026-03-02,3,Marzo,10,Lunes,No,No,10:57,Media mañana,Granada,Mostrador,Panadería,Buñuelo,,1,2200,0,2200,Billetera digital,Recurrente,25-34,3.8,,,26.9,Sí
101705,2026-03-02,3,Marzo,10,Lunes,No,No,11:01,Media mañana,Centro,Domicilio,Panadería,Pandebono,,1,2500,0,2500,Tarjeta débito,Recurrente,18-24,,,,26.9,Sí
101717,2026-03-02,3,Marzo,10,Lunes,No,No,11:16,Media mañana,Granada,App,Panadería,Croissant,,1,6500,15,5500,Tarjeta crédito,Recurrente,18-24,1.2,5,,26.9,Sí
101718,2026-03-02,3,Marzo,10,Lunes,No,No,11:32,Media mañana,Granada,Mostrador,Panadería,Buñuelo,,2,2200,5,4200,Tarjeta débito,Fidelizado,18-24,3.9,5,El pandebono estaba recién hecho,26.9,Sí
101710,2026-03-02,3,Marzo,10,Lunes,No,No,12:06,Almuerzo,Centro,Mostrador,Snacks,Papas de paquete,,1,5000,0,5000,Efectivo,Nuevo,18-24,11.1,,,26.9,Sí
101723,2026-03-02,3,Marzo,10,Lunes,No,No,13:18,Almuerzo,San Antonio,Mostrador,Almuerzo,Ensalada César,,1,19500,0,19500,Efectivo,Recurrente,25-34,6.9,,,26.9,Sí
101709,2026-03-02,3,Marzo,10,Lunes,No,No,13:33,Almuerzo,Centro,Domicilio,Café caliente,Latte,M,3,9000,0,27000,Efectivo,Nuevo,45-54,,,,26.9,Sí
101732,2026-03-02,3,Marzo,10,Lunes,No,No,13:36,Almuerzo,El Peñón,Domicilio,Almuerzo,Sándwich cubano,,1,21000,0,21000,Tarjeta crédito,Nuevo,45-54,,,,26.9,Sí
101730,2026-03-02,3,Marzo,10,Lunes,No,No,13:43,Almuerzo,Ciudad Jardín,Mostrador,Almuerzo,Sándwich cubano,,3,21000,5,59800,Efectivo,Fidelizado,45-54,6.0,,,26.9,Sí
101722,2026-03-02,3,Marzo,10,Lunes,No,No,13:45,Almuerzo,San Antonio,Mostrador,Café caliente,Tinto,M,1,3500,0,3500,Tarjeta débito,Nuevo,Menos de 18,17.5,,,26.9,Sí
101707,2026-03-02,3,Marzo,10,Lunes,No,No,13:54,Almuerzo,Centro,Mostrador,Almuerzo,Wrap de pollo,,1,18500,0,18500,Tarjeta crédito,Recurrente,25-34,19.6,,,26.9,Sí
101721,2026-03-02,3,Marzo,10,Lunes,No,No,14:11,Tarde,San Antonio,Mostrador,Café caliente,Capuchino,M,2,8500,5,16200,Efectivo,Fidelizado,35-44,1.6,5,Excelente atención,26.9,Sí
101708,2026-03-02,3,Marzo,10,Lunes,No,No,14:20,Tarde,Centro,Mostrador,Snacks,Barra de granola,,1,5500,5,5200,Tarjeta crédito,Fidelizado,18-24,3.5,5,,26.9,Sí
101713,2026-03-02,3,Marzo,10,Lunes,No,No,14:31,Tarde,Granada,Mostrador,Panadería,Croissant,,1,6500,0,6500,Efectivo,Recurrente,35-44,3.6,,,26.9,Sí
101734,2026-03-02,3,Marzo,10,Lunes,No,No,15:24,Tarde,El Peñón,Mostrador,Almuerzo,Wrap de pollo,,1,18500,0,18500,Tarjeta débito,Nuevo,25-34,4.3,,,26.9,Sí
101712,2026-03-02,3,Marzo,10,Lunes,No,No,16:58,Tarde,Granada,Mostrador,Snacks,Empanada,,2,3500,0,7000,Billetera digital,Recurrente,18-24,3.6,5,,26.9,Sí
101716,2026-03-02,3,Marzo,10,Lunes,No,No,17:42,Tarde,Granada,Domicilio,Café caliente,Americano,L,2,6900,0,13800,Efectivo,Recurrente,25-34,,3,,26.9,Sí
101703,2026-03-02,3,Marzo,10,Lunes,No,No,18:37,Noche,Centro,Mostrador,Bebida fría,Frappé de café,L,2,15600,0,31200,Efectivo,Recurrente,18-24,5.6,5,Me encanta el ambiente,26.9,Sí
101733,2026-03-02,3,Marzo,10,Lunes,No,No,18:38,Noche,El Peñón,Mostrador,Café caliente,Tinto,L,3,4400,5,12500,Billetera digital,Fidelizado,35-44,2.6,,,26.9,Sí
101714,2026-03-02,3,Marzo,10,Lunes,No,No,20:34,Noche,Granada,Mostrador,Café caliente,Capuchino,S,1,7200,0,7200,Tarjeta débito,Nuevo,18-24,3.7,,,26.9,Sí
101706,2026-03-02,3,Marzo,10,Lunes,No,No,20:35,Noche,Centro,App,Café caliente,Americano,M,2,5500,15,9400,Tarjeta crédito,Recurrente,25-34,2.1,4,Rápido y amable,26.9,Sí
101715,2026-03-02,3,Marzo,10,Lunes,No,No,20:55,Noche,Granada,Mostrador,Café caliente,Tinto,M,1,3500,0,3500,Efectivo,Nuevo,55 o más,3.1,3,,26.9,Sí
101747,2026-03-03,3,Marzo,10,Martes,No,No,07:18,Mañana,Centro,Domicilio,Panadería,Pandebono,,2,2500,0,5000,Tarjeta crédito,Recurrente,18-24,,,,27.9,No
101760,2026-03-03,3,Marzo,10,Martes,No,No,07:55,Mañana,Ciudad Jardín,Domicilio,Panadería,Torta de zanahoria,,1,9000,5,8600,Tarjeta débito,Fidelizado,55 o más,,3,Normal,27.9,No
101746,2026-03-03,3,Marzo,10,Martes,No,No,08:06,Mañana,Centro,App,Snacks,Empanada,,1,3500,15,3000,Tarjeta crédito,Recurrente,25-34,4.7,,,27.9,No
101741,2026-03-03,3,Marzo,10,Martes,No,No,08:20,Mañana,Centro,Mostrador,Café caliente,Chocolate caliente,M,2,8000,0,16000,Tarjeta débito,Recurrente,35-44,7.2,5,,27.9,No
101740,2026-03-03,3,Marzo,10,Martes,No,No,09:13,Mañana,Centro,Mostrador,Café caliente,Tinto,M,1,3500,0,3500,Efectivo,Nuevo,25-34,9.4,,,27.9,No
101765,2026-03-03,3,Marzo,10,Martes,No,No,09:16,Mañana,El Peñón,Domicilio,Café caliente,Tinto,M,1,3500,0,3500,Billetera digital,Recurrente,45-54,,4,,27.9,No
101737,2026-03-03,3,Marzo,10,Martes,No,No,09:38,Mañana,Centro,Domicilio,Café caliente,Americano,M,1,5500,0,5500,Efectivo,Nuevo,35-44,,4,,27.9,No
101742,2026-03-03,3,Marzo,10,Martes,No,No,11:12,Media mañana,Centro,App,Bebida fría,Limonada de coco,L,1,13800,15,11700,Tarjeta débito,Recurrente,18-24,2.2,3,,27.9,No
101762,2026-03-03,3,Marzo,10,Martes,No,No,11:30,Media mañana,El Peñón,Mostrador,Snacks,Barra de granola,,1,5500,0,5500,Tarjeta débito,Recurrente,18-24,3.8,4,Aceptable,27.9,No
101744,2026-03-03,3,Marzo,10,Martes,No,No,11:41,Media mañana,Centro,Mostrador,Bebida fría,Limonada de coco,S,4,9400,0,37600,Tarjeta crédito,Recurrente,18-24,5.4,,,27.9,No
101748,2026-03-03,3,Marzo,10,Martes,No,No,12:00,Almuerzo,Centro,Mostrador,Café caliente,Latte,L,1,11200,0,11200,Efectivo,Recurrente,25-34,10.0,3,Normal,27.9,No
101752,2026-03-03,3,Marzo,10,Martes,No,No,12:02,Almuerzo,Granada,App,Panadería,Croissant,,2,6500,15,11000,Billetera digital,Fidelizado,25-34,2.0,5,Buen precio por el tamaño,27.9,No
101753,2026-03-03,3,Marzo,10,Martes,No,No,12:07,Almuerzo,Granada,Domicilio,Almuerzo,Sándwich cubano,,3,21000,0,63000,Tarjeta débito,Recurrente,45-54,,,,27.9,No
101739,2026-03-03,3,Marzo,10,Martes,No,No,12:08,Almuerzo,Centro,Mostrador,Bebida fría,Limonada de coco,S,1,9400,0,9400,Tarjeta débito,Nuevo,18-24,26.4,2,,27.9,No
101736,2026-03-03,3,Marzo,10,Martes,No,No,12:14,Almuerzo,Centro,Mostrador,Almuerzo,Bowl vegetariano,,1,22000,0,22000,Billetera digital,Recurrente,18-24,12.4,,,27.9,No
101738,2026-03-03,3,Marzo,10,Martes,No,No,12:14,Almuerzo,Centro,Mostrador,Almuerzo,Bowl vegetariano,,3,22000,5,62700,Efectivo,Fidelizado,35-44,6.3,,,27.9,No
101764,2026-03-03,3,Marzo,10,Martes,No,No,12:34,Almuerzo,El Peñón,Domicilio,Almuerzo,Ensalada César,,1,19500,0,19500,Tarjeta débito,Nuevo,35-44,,,,27.9,No
101743,2026-03-03,3,Marzo,10,Martes,No,No,12:39,Almuerzo,Centro,Mostrador,Almuerzo,Wrap de pollo,,1,18500,0,18500,Billetera digital,Recurrente,18-24,12.6,,,27.9,No
101755,2026-03-03,3,Marzo,10,Martes,No,No,13:05,Almuerzo,San Antonio,Domicilio,Almuerzo,Wrap de pollo,,1,18500,0,18500,Billetera digital,Recurrente,18-24,,,,27.9,No
101759,2026-03-03,3,Marzo,10,Martes,No,No,13:06,Almuerzo,Ciudad Jardín,App,Bebida fría,Limonada de coco,M,2,11000,15,18700,Billetera digital,Nuevo,45-54,2.7,,,27.9,No
101756,2026-03-03,3,Marzo,10,Martes,No,No,13:25,Almuerzo,San Antonio,Mostrador,Bebida fría,Frappé de café,M,1,12500,0,12500,Tarjeta crédito,Recurrente,25-34,10.4,,,27.9,No
101761,2026-03-03,3,Marzo,10,Martes,No,No,14:37,Tarde,Ciudad Jardín,Mostrador,Panadería,Muffin,,2,7000,5,13300,Efectivo,Fidelizado,45-54,2.2,5,Muy buen café,27.9,No
101757,2026-03-03,3,Marzo,10,Martes,No,No,15:22,Tarde,San Antonio,Mostrador,Café caliente,Tinto,S,1,3000,5,2800,Billetera digital,Fidelizado,18-24,4.1,,,27.9,No
101735,2026-03-03,3,Marzo,10,Martes,No,No,15:39,Tarde,Centro,Mostrador,Almuerzo,Wrap de pollo,,1,18500,0,18500,Efectivo,Recurrente,35-44,3.3,5,,27.9,No
101758,2026-03-03,3,Marzo,10,Martes,No,No,15:58,Tarde,Ciudad Jardín,Mostrador,Panadería,Buñuelo,,1,2200,0,2200,Billetera digital,Recurrente,45-54,2.2,5,El pandebono estaba recién hecho,27.9,No
101754,2026-03-03,3,Marzo,10,Martes,No,No,16:22,Tarde,San Antonio,App,Café caliente,Tinto,L,1,4400,15,3700,Billetera digital,Recurrente,18-24,0.6,,,27.9,No
101750,2026-03-03,3,Marzo,10,Martes,No,No,16:47,Tarde,Granada,Domicilio,Panadería,Pandebono,,1,2500,0,2500,Billetera digital,Recurrente,25-34,,5,,27.9,No
101745,2026-03-03,3,Marzo,10,Martes,No,No,16:53,Tarde,Centro,Mostrador,Bebida fría,Cold brew,L,4,13100,5,49800,Efectivo,Fidelizado,35-44,1.6,5,,27.9,No
101763,2026-03-03,3,Marzo,10,Martes,No,No,19:26,Noche,El Peñón,Mostrador,Café caliente,Capuchino,L,1,10600,0,10600,Billetera digital,Nuevo,25-34,3.5,,,27.9,No
101751,2026-03-03,3,Marzo,10,Martes,No,No,20:04,Noche,Granada,Domicilio,Café caliente,Capuchino,M,1,8500,0,8500,Tarjeta débito,Nuevo,35-44,,,,27.9,No
101749,2026-03-03,3,Marzo,10,Martes,No,No,20:08,Noche,Granada,Domicilio,Bebida fría,Jugo natural,M,1,8500,0,8500,Tarjeta débito,Recurrente,25-34,,4,,27.9,No
101773,2026-03-04,3,Marzo,10,Miércoles,No,No,06:23,Mañana,Centro,Mostrador,Panadería,Torta de zanahoria,,3,9000,5,25600,Tarjeta crédito,Fidelizado,25-34,7.3,5,,30.0,No
101795,2026-03-04,3,Marzo,10,Miércoles,No,No,06:24,Mañana,El Peñón,Mostrador,Café caliente,Americano,M,1,5500,0,5500,Efectivo,Recurrente,35-44,3.9,4,El pandebono estaba recién hecho,30.0,No
101767,2026-03-04,3,Marzo,10,Miércoles,No,No,06:39,Mañana,Centro,Domicilio,Bebida fría,Cold brew,M,1,10500,5,10000,Billetera digital,Fidelizado,18-24,,5,,30.0,No
101796,2026-03-04,3,Marzo,10,Miércoles,No,No,07:10,Mañana,El Peñón,Mostrador,Panadería,Croissant,,1,6500,0,6500,Tarjeta débito,Recurrente,35-44,2.8,,,30.0,No
101793,2026-03-04,3,Marzo,10,Miércoles,No,No,07:20,Mañana,Ciudad Jardín,Domicilio,Café caliente,Capuchino,M,1,8500,0,8500,Tarjeta débito,Nuevo,25-34,,,,30.0,No
101790,2026-03-04,3,Marzo,10,Miércoles,No,No,07:29,Mañana,Ciudad Jardín,App,Panadería,Buñuelo,,2,2200,15,3700,Billetera digital,Nuevo,25-34,3.0,,,30.0,No
101766,2026-03-04,3,Marzo,10,Miércoles,No,No,08:23,Mañana,Centro,Mostrador,Snacks,Empanada,,2,3500,0,7000,Tarjeta crédito,Nuevo,25-34,8.9,,,30.0,No
101776,2026-03-04,3,Marzo,10,Miércoles,No,No,08:29,Mañana,Granada,Mostrador,Panadería,Muffin,,1,7000,0,7000,Billetera digital,Recurrente,18-24,5.0,5,La app funciona bien,30.0,No
101788,2026-03-04,3,Marzo,10,Miércoles,No,No,11:26,Media mañana,San Antonio,Mostrador,Café caliente,Americano,M,2,5500,0,11000,Tarjeta débito,Nuevo,25-34,2.6,,,30.0,No
101789,2026-03-04,3,Marzo,10,Miércoles,No,No,11:46,Media mañana,Ciudad Jardín,Mostrador,Café caliente,Tinto,S,1,3000,5,2800,Efectivo,Fidelizado,45-54,3.1,5,,30.0,No
101781,2026-03-04,3,Marzo,10,Miércoles,No,No,11:58,Media mañana,San Antonio,Mostrador,Bebida fría,Frappé de café,M,4,12500,5,47500,Tarjeta crédito,Fidelizado,25-34,3.1,4,,30.0,No
101794,2026-03-04,3,Marzo,10,Miércoles,No,No,12:15,Almuerzo,Ciudad Jardín,App,Almuerzo,Wrap de pollo,,3,18500,15,47200,Tarjeta crédito,Nuevo,25-34,4.1,,,30.0,No
101771,2026-03-04,3,Marzo,10,Miércoles,No,No,12:42,Almuerzo,Centro,Mostrador,Bebida fría,Té helado,M,1,7500,0,7500,Billetera digital,Recurrente,35-44,14.0,,,30.0,No
101779,2026-03-04,3,Marzo,10,Miércoles,No,No,12:47,Almuerzo,San Antonio,App,Almuerzo,Wrap de pollo,,2,18500,15,31400,Billetera digital,Recurrente,35-44,7.1,,,30.0,No
101768,2026-03-04,3,Marzo,10,Miércoles,No,No,12:56,Almuerzo,Centro,Mostrador,Almuerzo,Sándwich cubano,,1,21000,0,21000,Tarjeta débito,Nuevo,35-44,9.7,,,30.0,No
101780,2026-03-04,3,Marzo,10,Miércoles,No,No,13:42,Almuerzo,San Antonio,Mostrador,Almuerzo,Wrap de pollo,,1,18500,0,18500,Efectivo,Recurrente,18-24,2.7,5,,30.0,No
101769,2026-03-04,3,Marzo,10,Miércoles,No,No,13:52,Almuerzo,Centro,Domicilio,Bebida fría,Jugo natural,M,2,8500,0,17000,Tarjeta crédito,Recurrente,18-24,,,,30.0,No
101791,2026-03-04,3,Marzo,10,Miércoles,No,No,13:57,Almuerzo,Ciudad Jardín,Mostrador,Bebida fría,Té helado,M,2,7500,0,15000,Efectivo,Nuevo,18-24,8.7,4,Aceptable,30.0,No
101772,2026-03-04,3,Marzo,10,Miércoles,No,No,14:06,Tarde,Centro,Mostrador,Bebida fría,Frappé de café,S,1,10600,0,10600,Billetera digital,Nuevo,25-34,2.8,,,30.0,No
101770,2026-03-04,3,Marzo,10,Miércoles,No,No,14:54,Tarde,Centro,Mostrador,Bebida fría,Limonada de coco,L,1,13800,0,13800,Tarjeta crédito,Recurrente,25-34,1.9,,,30.0,No
101777,2026-03-04,3,Marzo,10,Miércoles,No,No,15:05,Tarde,San Antonio,Mostrador,Panadería,Muffin,,1,7000,0,7000,Tarjeta débito,Nuevo,18-24,3.3,,,30.0,No
101792,2026-03-04,3,Marzo,10,Miércoles,No,No,15:33,Tarde,Ciudad Jardín,Mostrador,Café caliente,Americano,M,4,5500,0,22000,Tarjeta débito,Recurrente,25-34,4.2,,,30.0,No
101787,2026-03-04,3,Marzo,10,Miércoles,No,No,16:23,Tarde,San Antonio,Domicilio,Panadería,Pandebono,,3,2500,5,7100,Efectivo,Fidelizado,25-34,,,,30.0,No
101775,2026-03-04,3,Marzo,10,Miércoles,No,No,16:34,Tarde,Granada,Mostrador,Panadería,Buñuelo,,2,2200,0,4400,Efectivo,Nuevo,18-24,2.5,,,30.0,No
101786,2026-03-04,3,Marzo,10,Miércoles,No,No,18:27,Noche,San Antonio,Mostrador,Café caliente,Americano,S,1,4700,0,4700,Tarjeta crédito,Recurrente,25-34,1.8,4,Bueno,30.0,No
101783,2026-03-04,3,Marzo,10,Miércoles,No,No,19:20,Noche,San Antonio,Mostrador,Panadería,Torta de zanahoria,,1,9000,0,9000,Tarjeta crédito,Nuevo,25-34,1.3,5,,30.0,No
101778,2026-03-04,3,Marzo,10,Miércoles,No,No,19:24,Noche,San Antonio,Domicilio,Café caliente,Capuchino,M,1,8500,5,8100,Tarjeta débito,Fidelizado,Menos de 18,,,,30.0,No
101782,2026-03-04,3,Marzo,10,Miércoles,No,No,19:31,Noche,San Antonio,Mostrador,Café caliente,Chocolate caliente,L,1,10000,0,10000,Efectivo,Recurrente,25-34,3.5,,,30.0,No
101774,2026-03-04,3,Marzo,10,Miércoles,No,No,19:42,Noche,Granada,Mostrador,Bebida fría,Limonada de coco,L,4,13800,5,52400,Tarjeta débito,Fidelizado,18-24,3.4,,,30.0,No
101785,2026-03-04,3,Marzo,10,Miércoles,No,No,19:47,Noche,San Antonio,Mostrador,Snacks,Galletas,,2,4500,5,8600,Efectivo,Fidelizado,25-34,4.2,,,30.0,No
101784,2026-03-04,3,Marzo,10,Miércoles,No,No,20:36,Noche,San Antonio,Mostrador,Bebida fría,Jugo natural,S,1,7200,0,7200,Tarjeta débito,Recurrente,18-24,2.6,,,30.0,No
101802,2026-03-05,3,Marzo,10,Jueves,No,No,06:47,Mañana,Centro,Mostrador,Panadería,Pandebono,,2,2500,5,4800,Tarjeta crédito,Fidelizado,35-44,22.8,,,30.4,No
101800,2026-03-05,3,Marzo,10,Jueves,No,No,07:04,Mañana,Centro,App,Panadería,Pandebono,,1,2500,15,2100,Tarjeta débito,Recurrente,25-34,3.8,5,,30.4,No
101824,2026-03-05,3,Marzo,10,Jueves,No,No,07:39,Mañana,San Antonio,Mostrador,Café caliente,Tinto,M,1,3500,0,3500,Billetera digital,Nuevo,35-44,2.7,,,30.4,No
101817,2026-03-05,3,Marzo,10,Jueves,No,No,08:03,Mañana,Granada,Mostrador,Café caliente,Tinto,L,1,4400,0,4400,Tarjeta débito,Recurrente,25-34,2.5,,,30.4,No
101799,2026-03-05,3,Marzo,10,Jueves,No,No,08:12,Mañana,Centro,Mostrador,Panadería,Pandebono,,1,2500,0,2500,Billetera digital,Recurrente,18-24,5.0,,,30.4,No
101825,2026-03-05,3,Marzo,10,Jueves,No,No,08:13,Mañana,San Antonio,Mostrador,Panadería,Buñuelo,,2,2200,0,4400,Efectivo,Recurrente,35-44,4.1,3,,30.4,No
101832,2026-03-05,3,Marzo,10,Jueves,No,No,09:38,Mañana,Ciudad Jardín,Mostrador,Snacks,Barra de granola,,2,5500,5,10400,Efectivo,Fidelizado,45-54,3.3,,,30.4,No
101834,2026-03-05,3,Marzo,10,Jueves,No,No,09:45,Mañana,El Peñón,Mostrador,Snacks,Empanada,,2,3500,0,7000,Billetera digital,Nuevo,35-44,7.3,4,,30.4,No
101831,2026-03-05,3,Marzo,10,Jueves,No,No,10:16,Media mañana,Ciudad Jardín,Mostrador,Café caliente,Chocolate caliente,L,5,10000,0,50000,Billetera digital,Recurrente,35-44,1.9,,,30.4,No
101814,2026-03-05,3,Marzo,10,Jueves,No,No,10:42,Media mañana,Granada,App,Bebida fría,Jugo natural,S,2,7200,15,12200,Billetera digital,Fidelizado,Menos de 18,2.1,5,,30.4,No
101830,2026-03-05,3,Marzo,10,Jueves,No,No,11:29,Media mañana,Ciudad Jardín,Domicilio,Almuerzo,Wrap de pollo,,3,18500,0,55500,Tarjeta crédito,Recurrente,55 o más,,4,Rápido y amable,30.4,No
101823,2026-03-05,3,Marzo,10,Jueves,No,No,11:39,Media mañana,San Antonio,App,Bebida fría,Limonada de coco,S,1,9400,15,8000,Tarjeta débito,Fidelizado,45-54,4.4,,,30.4,No
101798,2026-03-05,3,Marzo,10,Jueves,No,No,11:41,Media mañana,Centro,Mostrador,Bebida fría,Té helado,S,2,6400,5,12200,Tarjeta crédito,Fidelizado,18-24,2.8,4,Rico pero un poco demorado,30.4,No
101805,2026-03-05,3,Marzo,10,Jueves,No,No,11:47,Media mañana,Centro,Domicilio,Snacks,Empanada,,2,3500,0,7000,Tarjeta débito,Recurrente,35-44,,,,30.4,No
101813,2026-03-05,3,Marzo,10,Jueves,No,No,12:00,Almuerzo,Granada,Mostrador,Almuerzo,Wrap de pollo,,1,18500,0,18500,Efectivo,Nuevo,35-44,6.9,,,30.4,No
101808,2026-03-05,3,Marzo,10,Jueves,No,No,12:14,Almuerzo,Centro,Domicilio,Almuerzo,Bowl vegetariano,,2,22000,0,44000,Tarjeta débito,Nuevo,25-34,,4,,30.4,No
101819,2026-03-05,3,Marzo,10,Jueves,No,No,12:24,Almuerzo,Granada,Mostrador,Snacks,Galletas,,1,4500,0,4500,Tarjeta débito,Recurrente,35-44,11.5,,,30.4,No
101821,2026-03-05,3,Marzo,10,Jueves,No,No,12:42,Almuerzo,Granada,Mostrador,Almuerzo,Wrap de pollo,,3,18500,5,52700,Tarjeta crédito,Fidelizado,45-54,3.8,4,,30.4,No
101809,2026-03-05,3,Marzo,10,Jueves,No,No,12:45,Almuerzo,Centro,Mostrador,Snacks,Barra de granola,,1,5500,0,5500,Billetera digital,Nuevo,18-24,5.2,,,30.4,No
101803,2026-03-05,3,Marzo,10,Jueves,No,No,13:01,Almuerzo,Centro,Mostrador,Bebida fría,Limonada de coco,M,1,11000,5,10400,Tarjeta crédito,Fidelizado,45-54,8.2,,,30.4,No
101822,2026-03-05,3,Marzo,10,Jueves,No,No,13:15,Almuerzo,Granada,Mostrador,Bebida fría,Limonada de coco,M,1,11000,0,11000,Tarjeta crédito,Recurrente,18-24,8.0,,,30.4,No
101827,2026-03-05,3,Marzo,10,Jueves,No,No,13:33,Almuerzo,San Antonio,Mostrador,Bebida fría,Frappé de café,S,1,10600,0,10600,Tarjeta débito,Recurrente,18-24,11.3,,,30.4,No
101810,2026-03-05,3,Marzo,10,Jueves,No,No,13:40,Almuerzo,Centro,Mostrador,Bebida fría,Jugo natural,M,1,8500,0,8500,Tarjeta débito,Nuevo,25-34,9.9,,,30.4,No
101801,2026-03-05,3,Marzo,10,Jueves,No,No,13:56,Almuerzo,Centro,Domicilio,Almuerzo,Wrap de pollo,,2,18500,0,37000,Efectivo,Nuevo,25-34,,4,,30.4,No
101820,2026-03-05,3,Marzo,10,Jueves,No,No,14:08,Tarde,Granada,Mostrador,Bebida fría,Frappé de café,M,1,12500,0,12500,Tarjeta crédito,Recurrente,25-34,2.7,4,,30.4,No
101807,2026-03-05,3,Marzo,10,Jueves,No,No,14:40,Tarde,Centro,Mostrador,Bebida fría,Jugo natural,L,1,10600,0,10600,Efectivo,Nuevo,25-34,3.6,,,30.4,No
101806,2026-03-05,3,Marzo,10,Jueves,No,No,15:04,Tarde,Centro,Mostrador,Snacks,Galletas,,1,4500,5,4300,Billetera digital,Fidelizado,25-34,3.3,,,30.4,No
101797,2026-03-05,3,Marzo,10,Jueves,No,No,15:57,Tarde,Centro,Mostrador,Bebida fría,Frappé de café,S,2,10600,0,21200,Tarjeta débito,Nuevo,45-54,2.0,4,,30.4,No
101826,2026-03-05,3,Marzo,10,Jueves,No,No,16:00,Tarde,San Antonio,Mostrador,Café caliente,Tinto,M,2,3500,5,6600,Tarjeta débito,Fidelizado,18-24,3.6,4,,30.4,No
101833,2026-03-05,3,Marzo,10,Jueves,No,No,16:34,Tarde,Ciudad Jardín,Mostrador,Panadería,Torta de zanahoria,,4,9000,5,34200,Efectivo,Fidelizado,18-24,6.2,5,,30.4,No
101816,2026-03-05,3,Marzo,10,Jueves,No,No,17:40,Tarde,Granada,Mostrador,Bebida fría,Frappé de café,L,1,15600,0,15600,Tarjeta débito,Nuevo,25-34,2.4,,,30.4,No
101828,2026-03-05,3,Marzo,10,Jueves,No,No,17:44,Tarde,San Antonio,Mostrador,Bebida fría,Té helado,S,1,6400,5,6100,Tarjeta crédito,Fidelizado,18-24,3.9,5,,30.4,No
101804,2026-03-05,3,Marzo,10,Jueves,No,No,17:52,Tarde,Centro,Mostrador,Panadería,Pandebono,,2,2500,5,4800,Tarjeta débito,Fidelizado,35-44,2.7,5,,30.4,No
101829,2026-03-05,3,Marzo,10,Jueves,No,No,19:15,Noche,Ciudad Jardín,Mostrador,Café caliente,Capuchino,M,1,8500,0,8500,Tarjeta débito,Recurrente,55 o más,1.6,4,,30.4,No
101818,2026-03-05,3,Marzo,10,Jueves,No,No,19:37,Noche,Granada,Mostrador,Snacks,Papas de paquete,,1,5000,0,5000,Tarjeta débito,Recurrente,18-24,5.1,,,30.4,No
101811,2026-03-05,3,Marzo,10,Jueves,No,No,20:00,Noche,Granada,Mostrador,Snacks,Galletas,,2,4500,5,8600,Billetera digital,Fidelizado,25-34,4.1,4,,30.4,No
101812,2026-03-05,3,Marzo,10,Jueves,No,No,20:13,Noche,Granada,Mostrador,Café caliente,Mocaccino,M,1,9500,0,9500,Tarjeta débito,Recurrente,25-34,4.7,3,Normal,30.4,No
101815,2026-03-05,3,Marzo,10,Jueves,No,No,20:51,Noche,Granada,Mostrador,Almuerzo,Wrap de pollo,,1,18500,0,18500,Billetera digital,Recurrente,18-24,2.8,5,La app funciona bien,30.4,No
101835,2026-03-06,3,Marzo,10,Viernes,No,No,06:00,Mañana,Centro,Mostrador,Snacks,Galletas,,2,4500,0,9000,Tarjeta crédito,Nuevo,25-34,11.5,,,30.8,No
101858,2026-03-06,3,Marzo,10,Viernes,No,No,06:56,Mañana,Granada,Mostrador,Panadería,Buñuelo,,1,2200,0,2200,Billetera digital,Recurrente,35-44,4.9,5,El pandebono estaba recién hecho,30.8,No
101850,2026-03-06,3,Marzo,10,Viernes,No,No,06:58,Mañana,Centro,Mostrador,Panadería,Croissant,,2,6500,5,12400,Efectivo,Fidelizado,55 o más,7.2,,,30.8,No
101861,2026-03-06,3,Marzo,10,Viernes,No,No,07:10,Mañana,San Antonio,Mostrador,Bebida fría,Jugo natural,L,1,10600,0,10600,Efectivo,Nuevo,35-44,3.9,,,30.8,No
101865,2026-03-06,3,Marzo,10,Viernes,No,No,07:12,Mañana,Ciudad Jardín,Mostrador,Café caliente,Americano,S,1,4700,5,4500,Tarjeta crédito,Fidelizado,25-34,5.2,,,30.8,No
101846,2026-03-06,3,Marzo,10,Viernes,No,No,07:48,Mañana,Centro,Domicilio,Panadería,Croissant,,1,6500,0,6500,Efectivo,Nuevo,18-24,,,,30.8,No
101848,2026-03-06,3,Marzo,10,Viernes,No,No,08:17,Mañana,Centro,Mostrador,Café caliente,Americano,L,2,6900,0,13800,Tarjeta crédito,Recurrente,18-24,10.3,4,,30.8,No
101838,2026-03-06,3,Marzo,10,Viernes,No,No,08:42,Mañana,Centro,Mostrador,Café caliente,Capuchino,M,1,8500,5,8100,Tarjeta crédito,Fidelizado,35-44,6.0,,,30.8,No
101852,2026-03-06,3,Marzo,10,Viernes,No,No,08:59,Mañana,Granada,Mostrador,Café caliente,Americano,L,1,6900,0,6900,Tarjeta crédito,Nuevo,25-34,3.5,4,Excelente atención,30.8,No
101853,2026-03-06,3,Marzo,10,Viernes,No,No,09:25,Mañana,Granada,Mostrador,Snacks,Papas de paquete,,1,5000,0,5000,Tarjeta débito,Recurrente,18-24,5.7,,,30.8,No
101867,2026-03-06,3,Marzo,10,Viernes,No,No,09:27,Mañana,Ciudad Jardín,Mostrador,Snacks,Papas de paquete,,4,5000,0,20000,Tarjeta débito,Recurrente,35-44,2.1,4,Rápido y amable,30.8,No
101870,2026-03-06,3,Marzo,10,Viernes,No,No,09:45,Mañana,El Peñón,Mostrador,Café caliente,Americano,M,4,5500,0,22000,Tarjeta débito,Nuevo,45-54,3.4,,,30.8,No
101855,2026-03-06,3,Marzo,10,Viernes,No,No,10:10,Media mañana,Granada,Domicilio,Café caliente,Latte,L,2,11200,0,22400,Billetera digital,Nuevo,25-34,,4,,30.8,No
101869,2026-03-06,3,Marzo,10,Viernes,No,No,10:11,Media mañana,El Peñón,Mostrador,Snacks,Galletas,,1,4500,0,4500,Tarjeta débito,Recurrente,25-34,6.6,,,30.8,No
101864,2026-03-06,3,Marzo,10,Viernes,No,No,10:15,Media mañana,Ciudad Jardín,Mostrador,Almuerzo,Wrap de pollo,,3,18500,5,52700,Efectivo,Fidelizado,35-44,3.1,5,,30.8,No
101849,2026-03-06,3,Marzo,10,Viernes,No,No,10:18,Media mañana,Centro,Domicilio,Snacks,Barra de granola,,2,5500,0,11000,Billetera digital,Nuevo,35-44,,,,30.8,No
101862,2026-03-06,3,Marzo,10,Viernes,No,No,10:19,Media mañana,San Antonio,Mostrador,Snacks,Empanada,,2,3500,0,7000,Efectivo,Nuevo,45-54,5.0,,,30.8,No
101856,2026-03-06,3,Marzo,10,Viernes,No,No,10:22,Media mañana,Granada,App,Panadería,Pandebono,,2,2500,15,4200,Billetera digital,Recurrente,25-34,0.9,5,La app funciona bien,30.8,No
101857,2026-03-06,3,Marzo,10,Viernes,No,No,10:58,Media mañana,Granada,Mostrador,Snacks,Papas de paquete,,4,5000,0,20000,Tarjeta débito,Nuevo,Menos de 18,2.5,3,,30.8,No
101845,2026-03-06,3,Marzo,10,Viernes,No,No,11:33,Media mañana,Centro,Mostrador,Bebida fría,Frappé de café,M,3,12500,0,37500,Billetera digital,Nuevo,18-24,3.5,4,,30.8,No
101837,2026-03-06,3,Marzo,10,Viernes,No,No,12:35,Almuerzo,Centro,App,Almuerzo,Wrap de pollo,,2,18500,15,31400,Tarjeta débito,Nuevo,25-34,9.0,5,,30.8,No
101841,2026-03-06,3,Marzo,10,Viernes,No,No,12:35,Almuerzo,Centro,App,Snacks,Papas de paquete,,1,5000,15,4200,Tarjeta débito,Recurrente,35-44,4.5,,,30.8,No
101868,2026-03-06,3,Marzo,10,Viernes,No,No,12:35,Almuerzo,Ciudad Jardín,Mostrador,Almuerzo,Sándwich cubano,,1,21000,5,20000,Efectivo,Fidelizado,45-54,7.3,5,Rápido y amable,30.8,No
101842,2026-03-06,3,Marzo,10,Viernes,No,No,12:48,Almuerzo,Centro,Mostrador,Café caliente,Tinto,M,3,3500,5,10000,Efectivo,Fidelizado,45-54,8.2,3,,30.8,No
101840,2026-03-06,3,Marzo,10,Viernes,No,No,12:53,Almuerzo,Centro,Mostrador,Panadería,Buñuelo,,2,2200,0,4400,Efectivo,Nuevo,25-34,12.3,4,,30.8,No
101851,2026-03-06,3,Marzo,10,Viernes,No,No,12:56,Almuerzo,Centro,App,Café caliente,Tinto,L,1,4400,15,3700,Billetera digital,Recurrente,25-34,14.6,4,,30.8,No
101836,2026-03-06,3,Marzo,10,Viernes,No,No,13:22,Almuerzo,Centro,Mostrador,Bebida fría,Jugo natural,S,1,7200,0,7200,Tarjeta débito,Nuevo,25-34,6.9,,,30.8,No
101863,2026-03-06,3,Marzo,10,Viernes,No,No,13:39,Almuerzo,San Antonio,Mostrador,Almuerzo,Wrap de pollo,,1,18500,0,18500,Efectivo,Recurrente,55 o más,4.0,,,30.8,No
101844,2026-03-06,3,Marzo,10,Viernes,No,No,13:50,Almuerzo,Centro,Domicilio,Panadería,Pandebono,,1,2500,0,2500,Tarjeta crédito,Recurrente,18-24,,,,30.8,No
101866,2026-03-06,3,Marzo,10,Viernes,No,No,15:46,Tarde,Ciudad Jardín,App,Panadería,Croissant,,1,6500,15,5500,Billetera digital,Recurrente,45-54,2.4,,,30.8,No
101847,2026-03-06,3,Marzo,10,Viernes,No,No,16:31,Tarde,Centro,Mostrador,Bebida fría,Limonada de coco,L,1,13800,0,13800,Efectivo,Nuevo,18-24,2.0,4,"Bien, pero podría mejorar",30.8,No
101859,2026-03-06,3,Marzo,10,Viernes,No,No,17:00,Tarde,Granada,Mostrador,Café caliente,Mocaccino,L,1,11900,5,11300,Efectivo,Fidelizado,18-24,3.3,,,30.8,No
101860,2026-03-06,3,Marzo,10,Viernes,No,No,17:12,Tarde,Granada,Domicilio,Panadería,Buñuelo,,2,2200,5,4200,Tarjeta crédito,Fidelizado,25-34,,,,30.8,No
101854,2026-03-06,3,Marzo,10,Viernes,No,No,17:31,Tarde,Granada,Mostrador,Panadería,Pandebono,,1,2500,5,2400,Billetera digital,Fidelizado,25-34,2.1,5,Rápido y amable,30.8,No
101839,2026-03-06,3,Marzo,10,Viernes,No,No,17:46,Tarde,Centro,Mostrador,Café caliente,Latte,M,1,9000,0,9000,Tarjeta crédito,Recurrente,35-44,3.8,,,30.8,No
101843,2026-03-06,3,Marzo,10,Viernes,No,No,20:35,Noche,Centro,Mostrador,Bebida fría,Jugo natural,M,1,8500,5,8100,Efectivo,Fidelizado,18-24,4.6,,,30.8,No
101880,2026-03-07,3,Marzo,10,Sábado,Sí,No,06:16,Mañana,Granada,Mostrador,Panadería,Pandebono,,1,2500,0,2500,Tarjeta débito,Recurrente,18-24,4.4,,,27.0,No
101898,2026-03-07,3,Marzo,10,Sábado,Sí,No,06:16,Mañana,El Peñón,App,Panadería,Muffin,,1,7000,15,6000,Billetera digital,Nuevo,35-44,1.2,,,27.0,No
101896,2026-03-07,3,Marzo,10,Sábado,Sí,No,06:50,Mañana,Ciudad Jardín,Mostrador,Panadería,Muffin,,1,7000,0,7000,Tarjeta crédito,Nuevo,25-34,3.6,5,,27.0,No
101873,2026-03-07,3,Marzo,10,Sábado,Sí,No,06:59,Mañana,Granada,Mostrador,Panadería,Pandebono,,1,2500,0,2500,Tarjeta débito,Recurrente,18-24,6.2,3,Normal,27.0,No
101894,2026-03-07,3,Marzo,10,Sábado,Sí,No,07:49,Mañana,Ciudad Jardín,Mostrador,Bebida fría,Cold brew,M,3,10500,5,29900,Tarjeta débito,Fidelizado,45-54,4.8,,,27.0,No
101881,2026-03-07,3,Marzo,10,Sábado,Sí,No,08:26,Mañana,Granada,Mostrador,Café caliente,Capuchino,M,2,8500,5,16200,Efectivo,Fidelizado,55 o más,4.4,,,27.0,No
101882,2026-03-07,3,Marzo,10,Sábado,Sí,No,08:48,Mañana,Granada,Domicilio,Panadería,Croissant,,2,6500,0,13000,Efectivo,Recurrente,25-34,,4,Aceptable,27.0,No
101872,2026-03-07,3,Marzo,10,Sábado,Sí,No,09:34,Mañana,Centro,Mostrador,Café caliente,Americano,S,1,4700,5,4500,Efectivo,Fidelizado,25-34,5.4,3,Normal,27.0,No
101879,2026-03-07,3,Marzo,10,Sábado,Sí,No,10:01,Media mañana,Granada,Mostrador,Bebida fría,Té helado,M,1,7500,0,7500,Billetera digital,Nuevo,25-34,3.3,,,27.0,No
101875,2026-03-07,3,Marzo,10,Sábado,Sí,No,10:15,Media mañana,Granada,Mostrador,Bebida fría,Limonada de coco,L,1,13800,5,13100,Tarjeta crédito,Fidelizado,25-34,3.9,,,27.0,No
101888,2026-03-07,3,Marzo,10,Sábado,Sí,No,10:16,Media mañana,San Antonio,App,Café caliente,Capuchino,M,3,8500,15,21700,Tarjeta crédito,Recurrente,35-44,1.8,3,,27.0,No
101899,2026-03-07,3,Marzo,10,Sábado,Sí,No,10:22,Media mañana,El Peñón,Mostrador,Snacks,Empanada,,2,3500,0,7000,Efectivo,Recurrente,25-34,2.2,,,27.0,No
101885,2026-03-07,3,Marzo,10,Sábado,Sí,No,10:24,Media mañana,Granada,Domicilio,Café caliente,Capuchino,M,1,8500,0,8500,Tarjeta débito,Recurrente,55 o más,,,,27.0,No
101891,2026-03-07,3,Marzo,10,Sábado,Sí,No,10:26,Media mañana,San Antonio,App,Panadería,Muffin,,3,7000,15,17800,Billetera digital,Recurrente,Menos de 18,1.6,,,27.0,No
101892,2026-03-07,3,Marzo,10,Sábado,Sí,No,10:26,Media mañana,San Antonio,Mostrador,Almuerzo,Bowl vegetariano,,1,22000,0,22000,Tarjeta crédito,Recurrente,18-24,3.3,,,27.0,No
101878,2026-03-07,3,Marzo,10,Sábado,Sí,No,10:34,Media mañana,Granada,App,Panadería,Buñuelo,,1,2200,15,1900,Tarjeta crédito,Recurrente,18-24,2.9,,,27.0,No
101883,2026-03-07,3,Marzo,10,Sábado,Sí,No,10:40,Media mañana,Granada,Mostrador,Café caliente,Tinto,S,1,3000,0,3000,Billetera digital,Recurrente,25-34,6.8,5,,27.0,No
101884,2026-03-07,3,Marzo,10,Sábado,Sí,No,11:13,Media mañana,Granada,Mostrador,Bebida fría,Té helado,M,1,7500,5,7100,Tarjeta crédito,Fidelizado,55 o más,1.8,,,27.0,No
101893,2026-03-07,3,Marzo,10,Sábado,Sí,No,11:55,Media mañana,San Antonio,Mostrador,Almuerzo,Ensalada César,,1,19500,0,19500,Tarjeta débito,Nuevo,18-24,1.5,3,,27.0,No
101889,2026-03-07,3,Marzo,10,Sábado,Sí,No,12:04,Almuerzo,San Antonio,Mostrador,Café caliente,Capuchino,M,1,8500,0,8500,Efectivo,Recurrente,25-34,9.2,,,27.0,No
101876,2026-03-07,3,Marzo,10,Sábado,Sí,No,12:38,Almuerzo,Granada,Domicilio,Almuerzo,Sándwich cubano,,1,21000,0,21000,Efectivo,Recurrente,35-44,,,,27.0,No
101877,2026-03-07,3,Marzo,10,Sábado,Sí,No,12:44,Almuerzo,Granada,Mostrador,Almuerzo,Sándwich cubano,,1,21000,0,21000,Efectivo,Nuevo,25-34,9.5,,,27.0,No
101897,2026-03-07,3,Marzo,10,Sábado,Sí,No,12:58,Almuerzo,Ciudad Jardín,Mostrador,Bebida fría,Cold brew,M,1,10500,0,10500,Tarjeta débito,Recurrente,25-34,5.5,,,27.0,No
101895,2026-03-07,3,Marzo,10,Sábado,Sí,No,13:14,Almuerzo,Ciudad Jardín,Mostrador,Bebida fría,Cold brew,L,5,13100,0,65500,Tarjeta crédito,Recurrente,25-34,5.1,,,27.0,No
101871,2026-03-07,3,Marzo,10,Sábado,Sí,No,14:47,Tarde,Centro,Mostrador,Bebida fría,Frappé de café,S,1,10600,0,10600,Billetera digital,Nuevo,25-34,2.7,,,27.0,No
101890,2026-03-07,3,Marzo,10,Sábado,Sí,No,15:09,Tarde,San Antonio,App,Café caliente,Tinto,L,1,4400,15,3700,Tarjeta crédito,Recurrente,18-24,1.3,,,27.0,No
101886,2026-03-07,3,Marzo,10,Sábado,Sí,No,16:34,Tarde,Granada,Mostrador,Panadería,Buñuelo,,2,2200,5,4200,Billetera digital,Fidelizado,25-34,4.4,,,27.0,No
101887,2026-03-07,3,Marzo,10,Sábado,Sí,No,16:54,Tarde,San Antonio,App,Café caliente,Mocaccino,M,1,9500,15,8100,Tarjeta crédito,Nuevo,18-24,1.3,4,Rápido y amable,27.0,No
101874,2026-03-07,3,Marzo,10,Sábado,Sí,No,19:23,Noche,Granada,Mostrador,Panadería,Pandebono,,2,2500,0,5000,Efectivo,Recurrente,55 o más,3.5,5,Buen precio por el tamaño,27.0,No
101904,2026-03-08,3,Marzo,10,Domingo,Sí,No,06:10,Mañana,Granada,Domicilio,Panadería,Buñuelo,,1,2200,0,2200,Tarjeta crédito,Recurrente,35-44,,5,Muy buen café,27.0,No
101912,2026-03-08,3,Marzo,10,Domingo,Sí,No,06:33,Mañana,San Antonio,App,Café caliente,Americano,S,1,4700,15,4000,Billetera digital,Recurrente,35-44,2.7,,,27.0,No
101908,2026-03-08,3,Marzo,10,Domingo,Sí,No,06:38,Mañana,Granada,Domicilio,Café caliente,Chocolate caliente,S,1,6800,0,6800,Tarjeta crédito,Recurrente,45-54,,,,27.0,No
101914,2026-03-08,3,Marzo,10,Domingo,Sí,No,07:34,Mañana,San Antonio,Mostrador,Bebida fría,Limonada de coco,L,4,13800,5,52400,Tarjeta débito,Fidelizado,25-34,4.1,,,27.0,No
101907,2026-03-08,3,Marzo,10,Domingo,Sí,No,09:19,Mañana,Granada,Domicilio,Café caliente,Capuchino,M,2,8500,0,17000,Tarjeta débito,Nuevo,35-44,,,,27.0,No
101911,2026-03-08,3,Marzo,10,Domingo,Sí,No,09:39,Mañana,Granada,Mostrador,Snacks,Empanada,,1,3500,0,3500,Efectivo,Nuevo,18-24,5.5,,,27.0,No
101921,2026-03-08,3,Marzo,10,Domingo,Sí,No,10:39,Media mañana,El Peñón,Mostrador,Café caliente,Tinto,M,1,3500,0,3500,Tarjeta crédito,Nuevo,25-34,1.9,5,,27.0,No
101909,2026-03-08,3,Marzo,10,Domingo,Sí,No,11:10,Media mañana,Granada,Mostrador,Panadería,Muffin,,1,7000,0,7000,Tarjeta débito,Nuevo,35-44,4.4,,,27.0,No
101910,2026-03-08,3,Marzo,10,Domingo,Sí,No,11:12,Media mañana,Granada,App,Snacks,Galletas,,2,4500,15,7600,Tarjeta crédito,Recurrente,35-44,2.9,,,27.0,No
101920,2026-03-08,3,Marzo,10,Domingo,Sí,No,11:59,Media mañana,Ciudad Jardín,Mostrador,Panadería,Buñuelo,,2,2200,0,4400,Efectivo,Nuevo,45-54,1.1,,,27.0,No
101916,2026-03-08,3,Marzo,10,Domingo,Sí,No,12:02,Almuerzo,San Antonio,Mostrador,Snacks,Barra de granola,,1,5500,5,5200,Billetera digital,Fidelizado,18-24,3.1,5,Muy buen café,27.0,No
101919,2026-03-08,3,Marzo,10,Domingo,Sí,No,12:06,Almuerzo,Ciudad Jardín,Domicilio,Café caliente,Latte,M,2,9000,5,17100,Billetera digital,Fidelizado,35-44,,,,27.0,No
101901,2026-03-08,3,Marzo,10,Domingo,Sí,No,12:21,Almuerzo,Granada,Mostrador,Café caliente,Americano,M,2,5500,0,11000,Efectivo,Recurrente,25-34,8.1,,,27.0,No
101913,2026-03-08,3,Marzo,10,Domingo,Sí,No,12:52,Almuerzo,San Antonio,Mostrador,Almuerzo,Wrap de pollo,,1,18500,0,18500,Tarjeta débito,Recurrente,18-24,3.5,,,27.0,No
101905,2026-03-08,3,Marzo,10,Domingo,Sí,No,13:00,Almuerzo,Granada,Mostrador,Panadería,Pandebono,,1,2500,0,2500,Efectivo,Recurrente,35-44,8.0,,,27.0,No
101906,2026-03-08,3,Marzo,10,Domingo,Sí,No,13:52,Almuerzo,Granada,Mostrador,Almuerzo,Wrap de pollo,,3,18500,5,52700,Billetera digital,Fidelizado,25-34,7.2,,,27.0,No
101902,2026-03-08,3,Marzo,10,Domingo,Sí,No,14:07,Tarde,Granada,Mostrador,Snacks,Empanada,,1,3500,0,3500,Tarjeta crédito,Recurrente,25-34,2.8,4,Buen precio por el tamaño,27.0,No
101917,2026-03-08,3,Marzo,10,Domingo,Sí,No,14:24,Tarde,San Antonio,Mostrador,Snacks,Empanada,,2,3500,0,7000,Tarjeta crédito,Recurrente,18-24,2.1,,,27.0,No
101918,2026-03-08,3,Marzo,10,Domingo,Sí,No,15:34,Tarde,Ciudad Jardín,Mostrador,Café caliente,Tinto,M,3,3500,0,10500,Tarjeta débito,Recurrente,25-34,2.9,,,27.0,No
101923,2026-03-08,3,Marzo,10,Domingo,Sí,No,15:42,Tarde,El Peñón,Mostrador,Café caliente,Americano,M,1,5500,0,5500,Tarjeta crédito,Nuevo,35-44,4.0,,,27.0,No
101915,2026-03-08,3,Marzo,10,Domingo,Sí,No,16:50,Tarde,San Antonio,App,Café caliente,Chocolate caliente,S,1,6800,15,5800,Tarjeta débito,Recurrente,25-34,1.6,,,27.0,No
101900,2026-03-08,3,Marzo,10,Domingo,Sí,No,18:03,Noche,Granada,Mostrador,Café caliente,Tinto,M,2,3500,5,6600,Tarjeta débito,Fidelizado,18-24,1.5,4,,27.0,No
101922,2026-03-08,3,Marzo,10,Domingo,Sí,No,18:26,Noche,El Peñón,Mostrador,Café caliente,Capuchino,L,1,10600,0,10600,Efectivo,Recurrente,55 o más,4.9,5,Excelente atención,27.0,No
101903,2026-03-08,3,Marzo,10,Domingo,Sí,No,18:34,Noche,Granada,Mostrador,Almuerzo,Ensalada César,,3,19500,0,58500,Billetera digital,Recurrente,18-24,5.6,4,,27.0,No
101933,2026-03-09,3,Marzo,11,Lunes,No,No,06:34,Mañana,Centro,Domicilio,Snacks,Empanada,,2,3500,0,7000,Tarjeta débito,Nuevo,25-34,,,,26.4,No
101934,2026-03-09,3,Marzo,11,Lunes,No,No,06:44,Mañana,Centro,Domicilio,Café caliente,Americano,M,1,5500,0,5500,Billetera digital,Nuevo,35-44,,,,26.4,No
101942,2026-03-09,3,Marzo,11,Lunes,No,No,06:55,Mañana,Granada,Mostrador,Café caliente,Americano,M,1,5500,0,5500,Tarjeta débito,Recurrente,45-54,5.2,,,26.4,No
101940,2026-03-09,3,Marzo,11,Lunes,No,No,08:56,Mañana,Granada,Mostrador,Bebida fría,Cold brew,L,1,13100,0,13100,Efectivo,Recurrente,18-24,3.7,,,26.4,No
101936,2026-03-09,3,Marzo,11,Lunes,No,No,09:14,Mañana,Centro,Mostrador,Café caliente,Tinto,M,2,3500,0,7000,Tarjeta crédito,Recurrente,18-24,8.5,,,26.4,No
101927,2026-03-09,3,Marzo,11,Lunes,No,No,10:46,Media mañana,Centro,Mostrador,Panadería,Croissant,,1,6500,0,6500,Billetera digital,Nuevo,25-34,4.2,,,26.4,No
101946,2026-03-09,3,Marzo,11,Lunes,No,No,11:02,Media mañana,Ciudad Jardín,Domicilio,Café caliente,Tinto,L,3,4400,5,12500,Billetera digital,Fidelizado,25-34,,,,26.4,No
101951,2026-03-09,3,Marzo,11,Lunes,No,No,11:25,Media mañana,Ciudad Jardín,Mostrador,Bebida fría,Té helado,M,4,7500,0,30000,Efectivo,Nuevo,25-34,8.7,,,26.4,No
101954,2026-03-09,3,Marzo,11,Lunes,No,No,11:25,Media mañana,El Peñón,Mostrador,Panadería,Pandebono,,3,2500,0,7500,Billetera digital,Recurrente,18-24,6.0,,,26.4,No
101945,2026-03-09,3,Marzo,11,Lunes,No,No,11:46,Media mañana,San Antonio,Mostrador,Bebida fría,Cold brew,L,1,13100,5,12400,Efectivo,Fidelizado,Menos de 18,2.2,4,,26.4,No
101924,2026-03-09,3,Marzo,11,Lunes,No,No,12:23,Almuerzo,Centro,Domicilio,Almuerzo,Wrap de pollo,,2,18500,0,37000,Billetera digital,Recurrente,25-34,,,,26.4,No
101949,2026-03-09,3,Marzo,11,Lunes,No,No,12:27,Almuerzo,Ciudad Jardín,Mostrador,Almuerzo,Wrap de pollo,,2,18500,5,35200,Tarjeta crédito,Fidelizado,25-34,3.1,5,,26.4,No
101950,2026-03-09,3,Marzo,11,Lunes,No,No,13:01,Almuerzo,Ciudad Jardín,Mostrador,Bebida fría,Limonada de coco,L,1,13800,0,13800,Efectivo,Nuevo,25-34,2.9,,,26.4,No
101952,2026-03-09,3,Marzo,11,Lunes,No,No,13:09,Almuerzo,El Peñón,Mostrador,Snacks,Empanada,,4,3500,5,13300,Tarjeta débito,Fidelizado,35-44,5.3,5,,26.4,No
101944,2026-03-09,3,Marzo,11,Lunes,No,No,13:43,Almuerzo,San Antonio,Domicilio,Panadería,Torta de zanahoria,,1,9000,0,9000,Billetera digital,Recurrente,25-34,,,,26.4,No
101953,2026-03-09,3,Marzo,11,Lunes,No,No,13:44,Almuerzo,El Peñón,Domicilio,Almuerzo,Wrap de pollo,,2,18500,0,37000,Tarjeta crédito,Nuevo,35-44,,,,26.4,No
101928,2026-03-09,3,Marzo,11,Lunes,No,No,13:57,Almuerzo,Centro,Mostrador,Snacks,Papas de paquete,,1,5000,0,5000,Tarjeta débito,Recurrente,25-34,20.9,2,Faltan mesas,26.4,No
101935,2026-03-09,3,Marzo,11,Lunes,No,No,14:22,Tarde,Centro,Domicilio,Café caliente,Americano,M,1,5500,0,5500,Tarjeta débito,Recurrente,45-54,,4,,26.4,No
101925,2026-03-09,3,Marzo,11,Lunes,No,No,15:19,Tarde,Centro,Mostrador,Panadería,Muffin,,1,7000,0,7000,Billetera digital,Recurrente,35-44,4.1,,,26.4,No
101931,2026-03-09,3,Marzo,11,Lunes,No,No,15:26,Tarde,Centro,Mostrador,Café caliente,Americano,M,1,5500,0,5500,Efectivo,Recurrente,25-34,2.4,,,26.4,No
101943,2026-03-09,3,Marzo,11,Lunes,No,No,16:54,Tarde,San Antonio,Mostrador,Café caliente,Tinto,S,1,3000,0,3000,Efectivo,Nuevo,25-34,2.2,4,,26.4,No
101937,2026-03-09,3,Marzo,11,Lunes,No,No,16:59,Tarde,Centro,Mostrador,Bebida fría,Limonada de coco,M,1,11000,5,10400,Efectivo,Fidelizado,45-54,1.6,,,26.4,No
101929,2026-03-09,3,Marzo,11,Lunes,No,No,17:09,Tarde,Centro,Mostrador,Almuerzo,Sándwich cubano,,1,21000,0,21000,Billetera digital,Recurrente,25-34,5.9,,,26.4,No
101932,2026-03-09,3,Marzo,11,Lunes,No,No,17:20,Tarde,Centro,App,Café caliente,Tinto,M,1,3500,15,3000,Billetera digital,Recurrente,25-34,2.0,,,26.4,No
101947,2026-03-09,3,Marzo,11,Lunes,No,No,19:23,Noche,Ciudad Jardín,Mostrador,Café caliente,Americano,M,2,5500,0,11000,Efectivo,Nuevo,25-34,3.2,,,26.4,No
101938,2026-03-09,3,Marzo,11,Lunes,No,No,19:39,Noche,Centro,Mostrador,Panadería,Pandebono,,2,2500,0,5000,Tarjeta débito,Nuevo,25-34,4.7,5,Muy buen café,26.4,No
101941,2026-03-09,3,Marzo,11,Lunes,No,No,19:44,Noche,Granada,Domicilio,Snacks,Empanada,,3,3500,0,10500,Billetera digital,Recurrente,18-24,,4,,26.4,No
101926,2026-03-09,3,Marzo,11,Lunes,No,No,19:45,Noche,Centro,Mostrador,Almuerzo,Ensalada César,,2,19500,5,37000,Tarjeta débito,Fidelizado,35-44,3.6,,,26.4,No
101930,2026-03-09,3,Marzo,11,Lunes,No,No,20:22,Noche,Centro,App,Panadería,Pandebono,,2,2500,15,4200,Billetera digital,Recurrente,45-54,1.9,,,26.4,No
101939,2026-03-09,3,Marzo,11,Lunes,No,No,20:45,Noche,Granada,Mostrador,Café caliente,Mocaccino,M,1,9500,0,9500,Billetera digital,Recurrente,18-24,4.5,,,26.4,No
101948,2026-03-09,3,Marzo,11,Lunes,No,No,20:57,Noche,Ciudad Jardín,Mostrador,Panadería,Muffin,,1,7000,0,7000,Billetera digital,Recurrente,25-34,2.8,,,26.4,No
101986,2026-03-10,3,Marzo,11,Martes,No,No,06:21,Mañana,El Peñón,Mostrador,Café caliente,Americano,M,1,5500,0,5500,Efectivo,Nuevo,45-54,2.6,5,,31.4,No
101976,2026-03-10,3,Marzo,11,Martes,No,No,08:26,Mañana,San Antonio,Mostrador,Bebida fría,Frappé de café,M,3,12500,0,37500,Tarjeta débito,Nuevo,25-34,1.8,,,31.4,No
101956,2026-03-10,3,Marzo,11,Martes,No,No,08:32,Mañana,Centro,Mostrador,Snacks,Empanada,,1,3500,0,3500,Efectivo,Nuevo,18-24,7.9,4,,31.4,No
101955,2026-03-10,3,Marzo,11,Martes,No,No,08:41,Mañana,Centro,Domicilio,Café caliente,Tinto,S,1,3000,0,3000,Tarjeta débito,Recurrente,45-54,,,,31.4,No
101967,2026-03-10,3,Marzo,11,Martes,No,No,08:49,Mañana,Centro,Mostrador,Panadería,Croissant,,1,6500,0,6500,Billetera digital,Nuevo,25-34,5.5,4,Rico pero un poco demorado,31.4,No
101959,2026-03-10,3,Marzo,11,Martes,No,No,09:12,Mañana,Centro,Mostrador,Bebida fría,Limonada de coco,S,3,9400,5,26800,Billetera digital,Fidelizado,35-44,5.1,,,31.4,No
101981,2026-03-10,3,Marzo,11,Martes,No,No,09:27,Mañana,Ciudad Jardín,Mostrador,Bebida fría,Limonada de coco,L,3,13800,5,39300,Efectivo,Fidelizado,45-54,3.7,5,La app funciona bien,31.4,No
101969,2026-03-10,3,Marzo,11,Martes,No,No,09:39,Mañana,Granada,Mostrador,Snacks,Empanada,,2,3500,5,6600,Tarjeta débito,Fidelizado,18-24,3.0,,,31.4,No
101968,2026-03-10,3,Marzo,11,Martes,No,No,09:46,Mañana,Centro,Mostrador,Café caliente,Tinto,S,2,3000,0,6000,Tarjeta débito,Recurrente,25-34,3.1,,,31.4,No
101980,2026-03-10,3,Marzo,11,Martes,No,No,09:47,Mañana,San Antonio,Mostrador,Café caliente,Americano,M,1,5500,0,5500,Efectivo,Nuevo,45-54,3.5,,,31.4,No
101978,2026-03-10,3,Marzo,11,Martes,No,No,10:46,Media mañana,San Antonio,App,Panadería,Croissant,,3,6500,15,16600,Tarjeta crédito,Fidelizado,45-54,3.1,,,31.4,No
101971,2026-03-10,3,Marzo,11,Martes,No,No,11:25,Media mañana,Granada,Mostrador,Café caliente,Chocolate caliente,M,1,8000,0,8000,Efectivo,Nuevo,18-24,5.7,,,31.4,No
101974,2026-03-10,3,Marzo,11,Martes,No,No,11:48,Media mañana,Granada,Mostrador,Bebida fría,Frappé de café,M,1,12500,0,12500,Billetera digital,Recurrente,18-24,3.5,,,31.4,No
101963,2026-03-10,3,Marzo,11,Martes,No,No,12:09,Almuerzo,Centro,App,Almuerzo,Wrap de pollo,,1,18500,15,15700,Tarjeta débito,Recurrente,25-34,3.0,4,Rápido y amable,31.4,No
101966,2026-03-10,3,Marzo,11,Martes,No,No,12:18,Almuerzo,Centro,Mostrador,Bebida fría,Cold brew,L,3,13100,0,39300,Efectivo,Nuevo,18-24,10.7,,,31.4,No
101972,2026-03-10,3,Marzo,11,Martes,No,No,12:20,Almuerzo,Granada,Mostrador,Almuerzo,Ensalada César,,1,19500,0,19500,Efectivo,Recurrente,55 o más,2.4,,,31.4,No
101957,2026-03-10,3,Marzo,11,Martes,No,No,12:23,Almuerzo,Centro,Mostrador,Café caliente,Tinto,L,2,4400,5,8400,Tarjeta débito,Fidelizado,25-34,6.9,,,31.4,No
101985,2026-03-10,3,Marzo,11,Martes,No,No,12:57,Almuerzo,El Peñón,App,Almuerzo,Ensalada César,,1,19500,15,16600,Billetera digital,Recurrente,25-34,2.7,5,,31.4,No
101960,2026-03-10,3,Marzo,11,Martes,No,No,13:09,Almuerzo,Centro,Mostrador,Almuerzo,Ensalada César,,1,19500,0,19500,Tarjeta débito,Recurrente,35-44,6.1,5,,31.4,No
101984,2026-03-10,3,Marzo,11,Martes,No,No,13:10,Almuerzo,El Peñón,Mostrador,Almuerzo,Ensalada César,,1,19500,0,19500,Tarjeta débito,Nuevo,35-44,3.3,3,,31.4,No
101961,2026-03-10,3,Marzo,11,Martes,No,No,13:22,Almuerzo,Centro,App,Almuerzo,Bowl vegetariano,,1,22000,15,18700,Billetera digital,Recurrente,25-34,8.1,,,31.4,No
101958,2026-03-10,3,Marzo,11,Martes,No,No,13:28,Almuerzo,Centro,Mostrador,Bebida fría,Limonada de coco,M,4,11000,0,44000,Efectivo,Recurrente,25-34,16.8,2,,31.4,No
101962,2026-03-10,3,Marzo,11,Martes,No,No,13:36,Almuerzo,Centro,Mostrador,Almuerzo,Sándwich cubano,,4,21000,5,79800,Efectivo,Fidelizado,25-34,6.5,,,31.4,No
101964,2026-03-10,3,Marzo,11,Martes,No,No,13:46,Almuerzo,Centro,Mostrador,Almuerzo,Wrap de pollo,,1,18500,0,18500,Efectivo,Recurrente,25-34,10.7,3,Demasiada fila,31.4,No
101975,2026-03-10,3,Marzo,11,Martes,No,No,15:06,Tarde,San Antonio,Mostrador,Bebida fría,Frappé de café,S,3,10600,0,31800,Efectivo,Recurrente,18-24,4.7,5,La app funciona bien,31.4,No
101977,2026-03-10,3,Marzo,11,Martes,No,No,15:55,Tarde,San Antonio,Mostrador,Bebida fría,Limonada de coco,S,2,9400,0,18800,Tarjeta crédito,Recurrente,35-44,2.7,,,31.4,No
101983,2026-03-10,3,Marzo,11,Martes,No,No,16:03,Tarde,El Peñón,App,Café caliente,Tinto,S,1,3000,15,2600,Billetera digital,Nuevo,55 o más,3.0,,,31.4,No
101982,2026-03-10,3,Marzo,11,Martes,No,No,17:34,Tarde,Ciudad Jardín,Mostrador,Panadería,Torta de zanahoria,,2,9000,5,17100,Efectivo,Fidelizado,55 o más,3.5,,,31.4,No
101973,2026-03-10,3,Marzo,11,Martes,No,No,18:55,Noche,Granada,Mostrador,Bebida fría,Cold brew,M,1,10500,0,10500,Billetera digital,Recurrente,18-24,3.3,,,31.4,No
101965,2026-03-10,3,Marzo,11,Martes,No,No,19:41,Noche,Centro,App,Snacks,Empanada,,2,3500,15,6000,Tarjeta crédito,Recurrente,35-44,2.7,,,31.4,No
101979,2026-03-10,3,Marzo,11,Martes,No,No,20:06,Noche,San Antonio,Mostrador,Panadería,Torta de zanahoria,,2,9000,0,18000,Efectivo,Recurrente,Menos de 18,2.1,,,31.4,No
101970,2026-03-10,3,Marzo,11,Martes,No,No,20:57,Noche,Granada,Mostrador,Bebida fría,Cold brew,M,2,10500,0,21000,Tarjeta crédito,Nuevo,25-34,6.3,3,Aceptable,31.4,No
101995,2026-03-11,3,Marzo,11,Miércoles,No,No,06:03,Mañana,Centro,Mostrador,Café caliente,Chocolate caliente,S,5,6800,5,32300,Efectivo,Fidelizado,25-34,9.7,,,31.0,No
101987,2026-03-11,3,Marzo,11,Miércoles,No,No,06:12,Mañana,Centro,Mostrador,Snacks,Papas de paquete,,1,5000,0,5000,Tarjeta débito,Recurrente,25-34,9.8,,,31.0,No
101994,2026-03-11,3,Marzo,11,Miércoles,No,No,06:48,Mañana,Centro,Mostrador,Café caliente,Mocaccino,L,1,11900,0,11900,Billetera digital,Recurrente,25-34,7.6,,,31.0,No
101990,2026-03-11,3,Marzo,11,Miércoles,No,No,06:50,Mañana,Centro,Mostrador,Bebida fría,Cold brew,L,3,13100,0,39300,Tarjeta crédito,Nuevo,25-34,11.0,,,31.0,No
101999,2026-03-11,3,Marzo,11,Miércoles,No,No,07:32,Mañana,Centro,Domicilio,Panadería,Torta de zanahoria,,1,9000,0,9000,Tarjeta crédito,Recurrente,25-34,,5,,31.0,No
101989,2026-03-11,3,Marzo,11,Miércoles,No,No,07:49,Mañana,Centro,Mostrador,Café caliente,Americano,S,1,4700,0,4700,Tarjeta crédito,Recurrente,18-24,7.0,,,31.0,No
101993,2026-03-11,3,Marzo,11,Miércoles,No,No,08:05,Mañana,Centro,Mostrador,Bebida fría,Frappé de café,M,2,12500,0,25000,Tarjeta crédito,Recurrente,25-34,5.8,,,31.0,No
102019,2026-03-11,3,Marzo,11,Miércoles,No,No,09:38,Mañana,El Peñón,Mostrador,Panadería,Muffin,,2,7000,0,14000,Billetera digital,Recurrente,18-24,3.9,,,31.0,No
102014,2026-03-11,3,Marzo,11,Miércoles,No,No,09:49,Mañana,Granada,Mostrador,Panadería,Pandebono,,1,2500,5,2400,Billetera digital,Fidelizado,25-34,4.5,5,Muy buen café,31.0,No
102002,2026-03-11,3,Marzo,11,Miércoles,No,No,10:12,Media mañana,Centro,Mostrador,Bebida fría,Cold brew,L,2,13100,0,26200,Efectivo,Nuevo,25-34,5.1,3,Aceptable,31.0,No
102008,2026-03-11,3,Marzo,11,Miércoles,No,No,10:14,Media mañana,Granada,App,Snacks,Papas de paquete,,1,5000,15,4200,Tarjeta débito,Recurrente,18-24,2.4,,,31.0,No
102005,2026-03-11,3,Marzo,11,Miércoles,No,No,10:34,Media mañana,Centro,Mostrador,Café caliente,Tinto,M,1,3500,5,3300,Tarjeta débito,Fidelizado,18-24,3.1,4,,31.0,No
101997,2026-03-11,3,Marzo,11,Miércoles,No,No,10:53,Media mañana,Centro,Domicilio,Bebida fría,Frappé de café,M,1,12500,0,12500,Efectivo,Nuevo,25-34,,,,31.0,No
102006,2026-03-11,3,Marzo,11,Miércoles,No,No,11:19,Media mañana,Centro,Mostrador,Snacks,Galletas,,1,4500,0,4500,Tarjeta débito,Nuevo,35-44,3.0,3,,31.0,No
102009,2026-03-11,3,Marzo,11,Miércoles,No,No,11:32,Media mañana,Granada,App,Panadería,Buñuelo,,1,2200,15,1900,Tarjeta débito,Recurrente,45-54,3.3,,,31.0,No
102004,2026-03-11,3,Marzo,11,Miércoles,No,No,11:36,Media mañana,Centro,App,Bebida fría,Frappé de café,M,1,12500,15,10600,Billetera digital,Nuevo,25-34,2.7,,,31.0,No
101988,2026-03-11,3,Marzo,11,Miércoles,No,No,12:22,Almuerzo,Centro,Mostrador,Almuerzo,Sándwich cubano,,1,21000,0,21000,Billetera digital,Nuevo,35-44,11.4,,,31.0,No
102011,2026-03-11,3,Marzo,11,Miércoles,No,No,12:27,Almuerzo,Granada,Mostrador,Snacks,Empanada,,2,3500,0,7000,Tarjeta crédito,Recurrente,25-34,6.6,4,,31.0,No
102017,2026-03-11,3,Marzo,11,Miércoles,No,No,12:42,Almuerzo,El Peñón,Domicilio,Almuerzo,Ensalada César,,1,19500,5,18500,Billetera digital,Fidelizado,25-34,,4,Buen precio por el tamaño,31.0,No
102000,2026-03-11,3,Marzo,11,Miércoles,No,No,12:45,Almuerzo,Centro,Mostrador,Panadería,Buñuelo,,1,2200,0,2200,Tarjeta débito,Nuevo,18-24,13.6,,,31.0,No
101998,2026-03-11,3,Marzo,11,Miércoles,No,No,13:17,Almuerzo,Centro,Mostrador,Almuerzo,Ensalada César,,2,19500,5,37000,Tarjeta débito,Fidelizado,25-34,17.5,2,Se demoraron con mi pedido,31.0,No
101992,2026-03-11,3,Marzo,11,Miércoles,No,No,13:49,Almuerzo,Centro,Mostrador,Almuerzo,Wrap de pollo,,2,18500,0,37000,Tarjeta crédito,Recurrente,25-34,12.7,,,31.0,No
102018,2026-03-11,3,Marzo,11,Miércoles,No,No,14:37,Tarde,El Peñón,Mostrador,Bebida fría,Cold brew,S,2,8900,0,17800,Billetera digital,Recurrente,35-44,2.9,4,,31.0,No
101991,2026-03-11,3,Marzo,11,Miércoles,No,No,14:47,Tarde,Centro,Mostrador,Bebida fría,Jugo natural,M,3,8500,0,25500,Tarjeta crédito,Nuevo,18-24,1.8,3,,31.0,No
102015,2026-03-11,3,Marzo,11,Miércoles,No,No,15:03,Tarde,San Antonio,Mostrador,Snacks,Empanada,,1,3500,5,3300,Billetera digital,Fidelizado,18-24,7.5,4,,31.0,No
102010,2026-03-11,3,Marzo,11,Miércoles,No,No,15:09,Tarde,Granada,Domicilio,Snacks,Galletas,,1,4500,0,4500,Tarjeta crédito,Nuevo,18-24,,,,31.0,No
102007,2026-03-11,3,Marzo,11,Miércoles,No,No,15:19,Tarde,Centro,Mostrador,Café caliente,Mocaccino,L,1,11900,0,11900,Tarjeta crédito,Nuevo,35-44,2.1,,,31.0,No
102020,2026-03-11,3,Marzo,11,Miércoles,No,No,16:00,Tarde,El Peñón,Domicilio,Panadería,Pandebono,,1,2500,0,2500,Billetera digital,Recurrente,35-44,,4,La app funciona bien,31.0,No
102001,2026-03-11,3,Marzo,11,Miércoles,No,No,16:50,Tarde,Centro,Mostrador,Bebida fría,Té helado,M,1,7500,0,7500,Billetera digital,Recurrente,18-24,4.3,,,31.0,No
101996,2026-03-11,3,Marzo,11,Miércoles,No,No,17:30,Tarde,Centro,Mostrador,Panadería,Croissant,,2,6500,0,13000,Tarjeta débito,Recurrente,18-24,3.3,,,31.0,No
102003,2026-03-11,3,Marzo,11,Miércoles,No,No,17:42,Tarde,Centro,Mostrador,Snacks,Papas de paquete,,1,5000,5,4800,Efectivo,Fidelizado,18-24,2.9,5,,31.0,No
102013,2026-03-11,3,Marzo,11,Miércoles,No,No,18:20,Noche,Granada,Mostrador,Café caliente,Tinto,M,1,3500,0,3500,Efectivo,Nuevo,35-44,2.9,,,31.0,No
102016,2026-03-11,3,Marzo,11,Miércoles,No,No,19:49,Noche,San Antonio,Domicilio,Bebida fría,Jugo natural,M,2,8500,0,17000,Efectivo,Recurrente,25-34,,,,31.0,No
102012,2026-03-11,3,Marzo,11,Miércoles,No,No,20:28,Noche,Granada,Mostrador,Bebida fría,Limonada de coco,L,1,13800,0,13800,Tarjeta débito,Recurrente,25-34,3.3,,,31.0,No
102025,2026-03-12,3,Marzo,11,Jueves,No,No,07:06,Mañana,Centro,Mostrador,Snacks,Barra de granola,,1,5500,0,5500,Tarjeta crédito,Recurrente,18-24,5.2,,,22.9,Sí
102034,2026-03-12,3,Marzo,11,Jueves,No,No,08:36,Mañana,Centro,App,Café caliente,Capuchino,S,2,7200,15,12200,Billetera digital,Nuevo,35-44,2.1,,,22.9,Sí
102032,2026-03-12,3,Marzo,11,Jueves,No,No,09:01,Mañana,Centro,Mostrador,Café caliente,Latte,S,1,7600,0,7600,Billetera digital,Recurrente,25-34,4.9,,,22.9,Sí
102030,2026-03-12,3,Marzo,11,Jueves,No,No,09:13,Mañana,Centro,Mostrador,Café caliente,Latte,S,1,7600,0,7600,Billetera digital,Recurrente,35-44,10.3,,,22.9,Sí
102031,2026-03-12,3,Marzo,11,Jueves,No,No,10:16,Media mañana,Centro,Domicilio,Café caliente,Americano,M,2,5500,0,11000,Efectivo,Nuevo,45-54,,4,,22.9,Sí
102021,2026-03-12,3,Marzo,11,Jueves,No,No,10:35,Media mañana,Centro,Mostrador,Panadería,Buñuelo,,2,2200,5,4200,Efectivo,Fidelizado,35-44,2.9,5,,22.9,Sí
102040,2026-03-12,3,Marzo,11,Jueves,No,No,11:05,Media mañana,Ciudad Jardín,App,Panadería,Pandebono,,3,2500,15,6400,Tarjeta crédito,Recurrente,55 o más,1.7,5,Volveré pronto,22.9,Sí
102028,2026-03-12,3,Marzo,11,Jueves,No,No,11:14,Media mañana,Centro,Mostrador,Café caliente,Tinto,S,1,3000,0,3000,Billetera digital,Recurrente,25-34,3.1,3,Aceptable,22.9,Sí
102024,2026-03-12,3,Marzo,11,Jueves,No,No,11:26,Media mañana,Centro,Mostrador,Café caliente,Latte,M,2,9000,0,18000,Billetera digital,Recurrente,25-34,2.8,5,,22.9,Sí
105631,2026-03-12,3,Marzo,11,Jueves,No,No,11:30,Media mañana,Centro,Domicilio,Almuerzo,Bowl vegetariano,,35,22000,10,693000,Tarjeta crédito,Fidelizado,35-44,,,Pedido corporativo,22.9,Sí
102033,2026-03-12,3,Marzo,11,Jueves,No,No,12:01,Almuerzo,Centro,Mostrador,Almuerzo,Sándwich cubano,,3,21000,0,63000,Tarjeta crédito,Recurrente,25-34,10.5,,,22.9,Sí
102026,2026-03-12,3,Marzo,11,Jueves,No,No,12:14,Almuerzo,Centro,Mostrador,Bebida fría,Cold brew,L,1,13100,0,13100,Billetera digital,Nuevo,25-34,19.1,,,22.9,Sí
102039,2026-03-12,3,Marzo,11,Jueves,No,No,13:00,Almuerzo,San Antonio,Mostrador,Almuerzo,Wrap de pollo,,1,18500,0,18500,Efectivo,Recurrente,55 o más,5.5,,,22.9,Sí
102038,2026-03-12,3,Marzo,11,Jueves,No,No,13:56,Almuerzo,San Antonio,App,Panadería,Pandebono,,1,2500,15,2100,Billetera digital,Recurrente,25-34,3.5,4,"Bien, pero podría mejorar",22.9,Sí
102022,2026-03-12,3,Marzo,11,Jueves,No,No,14:32,Tarde,Centro,Mostrador,Café caliente,Americano,L,3,6900,0,20700,Tarjeta crédito,Nuevo,18-24,3.8,4,,22.9,Sí
102041,2026-03-12,3,Marzo,11,Jueves,No,No,15:03,Tarde,El Peñón,Mostrador,Panadería,Buñuelo,,2,2200,0,4400,Tarjeta débito,Recurrente,45-54,1.9,,,22.9,Sí
102037,2026-03-12,3,Marzo,11,Jueves,No,No,16:05,Tarde,Granada,Domicilio,Panadería,Buñuelo,,1,2200,0,2200,Tarjeta débito,Recurrente,25-34,,5,,22.9,Sí
102029,2026-03-12,3,Marzo,11,Jueves,No,No,17:25,Tarde,Centro,Domicilio,Bebida fría,Frappé de café,M,2,12500,5,23800,Tarjeta débito,Fidelizado,35-44,,5,,22.9,Sí
102023,2026-03-12,3,Marzo,11,Jueves,No,No,18:50,Noche,Centro,Mostrador,Café caliente,Tinto,M,2,3500,0,7000,Efectivo,Recurrente,25-34,2.1,,,22.9,Sí
102035,2026-03-12,3,Marzo,11,Jueves,No,No,20:19,Noche,Granada,Mostrador,Café caliente,Capuchino,S,1,7200,0,7200,Tarjeta débito,Recurrente,55 o más,4.4,4,Me encanta el ambiente,22.9,Sí
102027,2026-03-12,3,Marzo,11,Jueves,No,No,20:24,Noche,Centro,Mostrador,Bebida fría,Té helado,S,1,6400,0,6400,Billetera digital,Nuevo,35-44,2.7,3,,22.9,Sí
102036,2026-03-12,3,Marzo,11,Jueves,No,No,20:53,Noche,Granada,App,Café caliente,Tinto,M,1,3500,15,3000,Tarjeta débito,Recurrente,55 o más,2.2,,,22.9,Sí
102079,2026-03-13,3,Marzo,11,Viernes,No,No,06:50,Mañana,Ciudad Jardín,Mostrador,Snacks,Papas de paquete,,1,5000,5,4800,Billetera digital,Fidelizado,35-44,3.0,,,26.5,No
102051,2026-03-13,3,Marzo,11,Viernes,No,No,06:58,Mañana,Centro,Mostrador,Café caliente,Mocaccino,S,1,8100,5,7700,Billetera digital,Fidelizado,25-34,7.1,,,26.5,No
102048,2026-03-13,3,Marzo,11,Viernes,No,No,07:10,Mañana,Centro,Mostrador,Bebida fría,Limonada de coco,M,3,11000,0,33000,Tarjeta crédito,Nuevo,18-24,6.3,,,26.5,No
102058,2026-03-13,3,Marzo,11,Viernes,No,No,07:14,Mañana,Centro,Domicilio,Café caliente,Capuchino,S,1,7200,0,7200,Efectivo,Nuevo,25-34,,,,26.5,No
102084,2026-03-13,3,Marzo,11,Viernes,No,No,07:28,Mañana,El Peñón,App,Panadería,Croissant,,1,6500,15,5500,Tarjeta débito,Nuevo,18-24,3.6,,,26.5,No
102057,2026-03-13,3,Marzo,11,Viernes,No,No,08:26,Mañana,Centro,Mostrador,Panadería,Torta de zanahoria,,1,9000,5,8600,Efectivo,Fidelizado,18-24,9.8,5,Excelente atención,26.5,No
102055,2026-03-13,3,Marzo,11,Viernes,No,No,08:37,Mañana,Centro,Mostrador,Café caliente,Americano,S,1,4700,0,4700,Efectivo,Recurrente,25-34,11.1,4,Rico pero un poco demorado,26.5,No
102046,2026-03-13,3,Marzo,11,Viernes,No,No,09:06,Mañana,Centro,Domicilio,Café caliente,Latte,M,2,9000,0,18000,Tarjeta débito,Recurrente,25-34,,,,26.5,No
102050,2026-03-13,3,Marzo,11,Viernes,No,No,09:39,Mañana,Centro,Mostrador,Bebida fría,Cold brew,M,1,10500,0,10500,Tarjeta crédito,Nuevo,55 o más,5.1,4,,26.5,No
102080,2026-03-13,3,Marzo,11,Viernes,No,No,09:42,Mañana,Ciudad Jardín,Mostrador,Café caliente,Chocolate caliente,M,2,8000,5,15200,Efectivo,Fidelizado,35-44,2.2,,,26.5,No
102064,2026-03-13,3,Marzo,11,Viernes,No,No,10:14,Media mañana,Granada,Mostrador,Panadería,Croissant,,1,6500,0,6500,Efectivo,Recurrente,25-34,7.5,,,26.5,No
102085,2026-03-13,3,Marzo,11,Viernes,No,No,10:35,Media mañana,El Peñón,Mostrador,Café caliente,Americano,L,2,6900,0,13800,Efectivo,Recurrente,25-34,2.1,,,26.5,No
102062,2026-03-13,3,Marzo,11,Viernes,No,No,11:07,Media mañana,Granada,Mostrador,Café caliente,Tinto,S,2,3000,0,6000,Billetera digital,Recurrente,18-24,6.3,,,26.5,No
102047,2026-03-13,3,Marzo,11,Viernes,No,No,11:15,Media mañana,Centro,Mostrador,Bebida fría,Limonada de coco,M,1,11000,0,11000,Efectivo,Recurrente,25-34,4.8,3,Bueno,26.5,No
102086,2026-03-13,3,Marzo,11,Viernes,No,No,11:49,Media mañana,El Peñón,Mostrador,Café caliente,Americano,M,1,5500,0,5500,Billetera digital,Recurrente,35-44,2.6,,,26.5,No
102042,2026-03-13,3,Marzo,11,Viernes,No,No,12:10,Almuerzo,Centro,Mostrador,Café caliente,Tinto,M,2,3500,5,6600,Tarjeta crédito,Fidelizado,18-24,9.4,,,26.5,No
102069,2026-03-13,3,Marzo,11,Viernes,No,No,12:13,Almuerzo,San Antonio,App,Almuerzo,Ensalada César,,3,19500,15,49700,Tarjeta crédito,Recurrente,25-34,3.5,,,26.5,No
102053,2026-03-13,3,Marzo,11,Viernes,No,No,13:00,Almuerzo,Centro,Mostrador,Bebida fría,Cold brew,M,3,10500,0,31500,Tarjeta débito,Recurrente,25-34,5.0,,,26.5,No
102049,2026-03-13,3,Marzo,11,Viernes,No,No,13:02,Almuerzo,Centro,Mostrador,Almuerzo,Wrap de pollo,,2,18500,5,35200,Efectivo,Fidelizado,35-44,13.2,,,26.5,No
102083,2026-03-13,3,Marzo,11,Viernes,No,No,13:04,Almuerzo,El Peñón,Domicilio,Almuerzo,Sándwich cubano,,1,21000,0,21000,Efectivo,Nuevo,45-54,,,,26.5,No
102054,2026-03-13,3,Marzo,11,Viernes,No,No,13:41,Almuerzo,Centro,App,Almuerzo,Sándwich cubano,,3,21000,15,53600,Tarjeta crédito,Nuevo,35-44,6.9,,,26.5,No
102077,2026-03-13,3,Marzo,11,Viernes,No,No,14:00,Tarde,San Antonio,Mostrador,Snacks,Empanada,,1,3500,0,3500,Tarjeta débito,Recurrente,25-34,1.8,,,26.5,No
102081,2026-03-13,3,Marzo,11,Viernes,No,No,14:01,Tarde,Ciudad Jardín,Mostrador,Panadería,Pandebono,,1,2500,0,2500,Tarjeta débito,Recurrente,35-44,2.1,,,26.5,No
102043,2026-03-13,3,Marzo,11,Viernes,No,No,14:18,Tarde,Centro,Mostrador,Café caliente,Tinto,L,1,4400,0,4400,Tarjeta crédito,Recurrente,25-34,3.2,,,26.5,No
102075,2026-03-13,3,Marzo,11,Viernes,No,No,14:49,Tarde,San Antonio,Mostrador,Snacks,Empanada,,1,3500,0,3500,Tarjeta crédito,Recurrente,25-34,2.5,5,,26.5,No
102078,2026-03-13,3,Marzo,11,Viernes,No,No,16:05,Tarde,San Antonio,Mostrador,Café caliente,Capuchino,S,2,7200,5,13700,Efectivo,Fidelizado,18-24,4.5,5,Rápido y amable,26.5,No
102070,2026-03-13,3,Marzo,11,Viernes,No,No,16:18,Tarde,San Antonio,Mostrador,Snacks,Empanada,,1,3500,0,3500,Tarjeta débito,Recurrente,25-34,1.6,4,,26.5,No
102060,2026-03-13,3,Marzo,11,Viernes,No,No,16:21,Tarde,Centro,Mostrador,Café caliente,Americano,M,2,5500,0,11000,Efectivo,Nuevo,35-44,1.4,4,Rico pero un poco demorado,26.5,No
102045,2026-03-13,3,Marzo,11,Viernes,No,No,16:28,Tarde,Centro,Mostrador,Panadería,Croissant,,2,6500,0,13000,Efectivo,Recurrente,Menos de 18,2.2,,,26.5,No
102067,2026-03-13,3,Marzo,11,Viernes,No,No,17:37,Tarde,Granada,Domicilio,Panadería,Pandebono,,1,2500,0,2500,Efectivo,Recurrente,25-34,,,,26.5,No
102066,2026-03-13,3,Marzo,11,Viernes,No,No,17:47,Tarde,Granada,Mostrador,Bebida fría,Frappé de café,L,1,15600,0,15600,Tarjeta crédito,Nuevo,45-54,4.4,,,26.5,No
102059,2026-03-13,3,Marzo,11,Viernes,No,No,17:53,Tarde,Centro,Mostrador,Café caliente,Capuchino,M,1,8500,5,8100,Billetera digital,Fidelizado,18-24,2.3,,,26.5,No
102056,2026-03-13,3,Marzo,11,Viernes,No,No,18:10,Noche,Centro,Domicilio,Panadería,Pandebono,,1,2500,0,2500,Tarjeta crédito,Recurrente,25-34,,3,,26.5,No
102061,2026-03-13,3,Marzo,11,Viernes,No,No,18:14,Noche,Granada,Mostrador,Café caliente,Latte,M,1,9000,0,9000,Efectivo,Nuevo,25-34,6.0,,,26.5,No
102076,2026-03-13,3,Marzo,11,Viernes,No,No,18:16,Noche,San Antonio,Mostrador,Panadería,Pandebono,,1,2500,0,2500,Billetera digital,Recurrente,18-24,7.9,5,,26.5,No
102044,2026-03-13,3,Marzo,11,Viernes,No,No,18:42,Noche,Centro,Mostrador,Café caliente,Tinto,S,2,3000,0,6000,Tarjeta débito,Nuevo,35-44,2.7,4,,26.5,No
102063,2026-03-13,3,Marzo,11,Viernes,No,No,19:12,Noche,Granada,Mostrador,Bebida fría,Cold brew,S,2,8900,5,16900,Efectivo,Fidelizado,25-34,12.4,4,La app funciona bien,26.5,No
102072,2026-03-13,3,Marzo,11,Viernes,No,No,19:13,Noche,San Antonio,App,Bebida fría,Limonada de coco,S,2,9400,15,16000,Tarjeta débito,Fidelizado,18-24,0.8,,,26.5,No
102068,2026-03-13,3,Marzo,11,Viernes,No,No,19:24,Noche,Granada,Mostrador,Bebida fría,Cold brew,S,2,8900,0,17800,Tarjeta débito,Nuevo,25-34,2.9,,,26.5,No
102065,2026-03-13,3,Marzo,11,Viernes,No,No,19:59,Noche,Granada,Mostrador,Café caliente,Tinto,M,3,3500,5,10000,Tarjeta crédito,Fidelizado,25-34,3.0,,,26.5,No
102082,2026-03-13,3,Marzo,11,Viernes,No,No,20:00,Noche,El Peñón,Domicilio,Bebida fría,Cold brew,S,1,8900,0,8900,Efectivo,Nuevo,35-44,,,,26.5,No
102071,2026-03-13,3,Marzo,11,Viernes,No,No,20:08,Noche,San Antonio,Domicilio,Bebida fría,Cold brew,L,1,13100,0,13100,Tarjeta débito,Recurrente,45-54,,4,Normal,26.5,No
102073,2026-03-13,3,Marzo,11,Viernes,No,No,20:31,Noche,San Antonio,Domicilio,Café caliente,Tinto,M,1,3500,0,3500,Tarjeta crédito,Nuevo,25-34,,,,26.5,No
102052,2026-03-13,3,Marzo,11,Viernes,No,No,20:41,Noche,Centro,Domicilio,Snacks,Empanada,,1,3500,0,3500,Tarjeta crédito,Recurrente,35-44,,,,26.5,No
102074,2026-03-13,3,Marzo,11,Viernes,No,No,20:55,Noche,San Antonio,Mostrador,Snacks,Empanada,,4,3500,0,14000,Tarjeta débito,Nuevo,25-34,1.9,4,,26.5,No
102097,2026-03-14,3,Marzo,11,Sábado,Sí,No,06:09,Mañana,Granada,Mostrador,Café caliente,Latte,M,1,9000,0,9000,Billetera digital,Recurrente,25-34,1.8,4,,26.6,Sí
102111,2026-03-14,3,Marzo,11,Sábado,Sí,No,06:44,Mañana,Ciudad Jardín,Mostrador,Café caliente,Tinto,L,2,4400,0,8800,Tarjeta débito,Recurrente,Menos de 18,3.0,,,26.6,Sí
102090,2026-03-14,3,Marzo,11,Sábado,Sí,No,06:59,Mañana,Granada,Mostrador,Panadería,Buñuelo,,1,2200,5,2100,Tarjeta crédito,Fidelizado,35-44,6.1,,,26.6,Sí
102092,2026-03-14,3,Marzo,11,Sábado,Sí,No,07:00,Mañana,Granada,Domicilio,Café caliente,Americano,S,2,4700,5,8900,Tarjeta débito,Fidelizado,45-54,,,,26.6,Sí
102100,2026-03-14,3,Marzo,11,Sábado,Sí,No,07:38,Mañana,Granada,Mostrador,Café caliente,Latte,L,3,11200,5,31900,Billetera digital,Fidelizado,35-44,4.1,,,26.6,Sí
102120,2026-03-14,3,Marzo,11,Sábado,Sí,No,07:59,Mañana,El Peñón,Mostrador,Café caliente,Capuchino,L,3,10600,0,31800,Efectivo,Recurrente,35-44,1.3,4,Muy buen café,26.6,Sí
102117,2026-03-14,3,Marzo,11,Sábado,Sí,No,08:21,Mañana,Ciudad Jardín,Domicilio,Panadería,Pandebono,,1,2500,0,2500,Tarjeta débito,Recurrente,25-34,,5,,26.6,Sí
102091,2026-03-14,3,Marzo,11,Sábado,Sí,No,08:33,Mañana,Granada,Mostrador,Café caliente,Tinto,S,1,3000,0,3000,Efectivo,Recurrente,18-24,1.6,,,26.6,Sí
102119,2026-03-14,3,Marzo,11,Sábado,Sí,No,08:47,Mañana,Ciudad Jardín,Mostrador,Café caliente,Mocaccino,S,1,8100,0,8100,Tarjeta débito,Recurrente,25-34,2.7,3,,26.6,Sí
102113,2026-03-14,3,Marzo,11,Sábado,Sí,No,09:13,Mañana,Ciudad Jardín,Mostrador,Panadería,Pandebono,,4,2500,0,10000,Tarjeta débito,Nuevo,25-34,3.6,,,26.6,Sí
102104,2026-03-14,3,Marzo,11,Sábado,Sí,No,10:03,Media mañana,San Antonio,Domicilio,Café caliente,Tinto,M,3,3500,5,10000,Tarjeta débito,Fidelizado,35-44,,,,26.6,Sí
102095,2026-03-14,3,Marzo,11,Sábado,Sí,No,10:20,Media mañana,Granada,Mostrador,Café caliente,Tinto,S,1,3000,0,3000,Efectivo,Nuevo,45-54,9.7,4,La app funciona bien,26.6,Sí
102109,2026-03-14,3,Marzo,11,Sábado,Sí,No,10:27,Media mañana,San Antonio,Mostrador,Café caliente,Capuchino,L,1,10600,0,10600,Tarjeta débito,Nuevo,25-34,2.6,4,Muy buen café,26.6,Sí
102094,2026-03-14,3,Marzo,11,Sábado,Sí,No,10:35,Media mañana,Granada,Mostrador,Café caliente,Tinto,M,2,3500,5,6600,Tarjeta crédito,Fidelizado,25-34,8.5,,,26.6,Sí
102101,2026-03-14,3,Marzo,11,Sábado,Sí,No,10:48,Media mañana,Granada,Domicilio,Panadería,Pandebono,,1,2500,0,2500,Tarjeta crédito,Nuevo,35-44,,3,,26.6,Sí
102087,2026-03-14,3,Marzo,11,Sábado,Sí,No,10:50,Media mañana,Centro,Mostrador,Café caliente,Mocaccino,L,1,11900,0,11900,Billetera digital,Recurrente,25-34,3.1,5,Buen precio por el tamaño,26.6,Sí
102118,2026-03-14,3,Marzo,11,Sábado,Sí,No,11:04,Media mañana,Ciudad Jardín,Domicilio,Panadería,Croissant,,3,6500,0,19500,Tarjeta débito,Recurrente,18-24,,,,26.6,Sí
102124,2026-03-14,3,Marzo,11,Sábado,Sí,No,11:04,Media mañana,El Peñón,Mostrador,Snacks,Empanada,,3,3500,0,10500,Billetera digital,Nuevo,25-34,2.8,,,26.6,Sí
102099,2026-03-14,3,Marzo,11,Sábado,Sí,No,11:05,Media mañana,Granada,Domicilio,Café caliente,Tinto,L,1,4400,0,4400,Tarjeta débito,Recurrente,45-54,,4,,26.6,Sí
102112,2026-03-14,3,Marzo,11,Sábado,Sí,No,11:25,Media mañana,Ciudad Jardín,Mostrador,Café caliente,Americano,L,1,6900,5,6600,Efectivo,Fidelizado,35-44,4.8,5,,26.6,Sí
102093,2026-03-14,3,Marzo,11,Sábado,Sí,No,11:42,Media mañana,Granada,Domicilio,Panadería,Pandebono,,2,2500,0,5000,Tarjeta débito,Nuevo,25-34,,,,26.6,Sí
102115,2026-03-14,3,Marzo,11,Sábado,Sí,No,11:50,Media mañana,Ciudad Jardín,Mostrador,Café caliente,Latte,M,2,9000,0,18000,Efectivo,Recurrente,25-34,4.1,,,26.6,Sí
102096,2026-03-14,3,Marzo,11,Sábado,Sí,No,11:58,Media mañana,Granada,Mostrador,Café caliente,Chocolate caliente,M,1,8000,0,8000,Efectivo,Recurrente,18-24,3.9,,,26.6,Sí
102098,2026-03-14,3,Marzo,11,Sábado,Sí,No,12:00,Almuerzo,Granada,Domicilio,Almuerzo,Bowl vegetariano,,2,22000,0,44000,Tarjeta débito,Nuevo,18-24,,,,26.6,Sí
102103,2026-03-14,3,Marzo,11,Sábado,Sí,No,12:06,Almuerzo,Granada,Mostrador,Almuerzo,Wrap de pollo,,1,18500,0,18500,Tarjeta débito,Recurrente,25-34,3.1,5,,26.6,Sí
102089,2026-03-14,3,Marzo,11,Sábado,Sí,No,12:22,Almuerzo,Centro,Mostrador,Almuerzo,Sándwich cubano,,2,21000,0,42000,Tarjeta débito,Recurrente,25-34,5.5,,,26.6,Sí
102106,2026-03-14,3,Marzo,11,Sábado,Sí,No,14:05,Tarde,San Antonio,Domicilio,Snacks,Galletas,,3,4500,0,13500,Billetera digital,Nuevo,18-24,,5,,26.6,Sí
102108,2026-03-14,3,Marzo,11,Sábado,Sí,No,14:06,Tarde,San Antonio,App,Panadería,Pandebono,,2,2500,15,4200,Tarjeta débito,Fidelizado,25-34,4.9,,,26.6,Sí
102110,2026-03-14,3,Marzo,11,Sábado,Sí,No,14:45,Tarde,San Antonio,Mostrador,Panadería,Croissant,,1,6500,0,6500,Tarjeta débito,Nuevo,Menos de 18,4.6,,,26.6,Sí
102121,2026-03-14,3,Marzo,11,Sábado,Sí,No,15:33,Tarde,El Peñón,Domicilio,Almuerzo,Bowl vegetariano,,1,22000,0,22000,Efectivo,Recurrente,25-34,,,,26.6,Sí
102116,2026-03-14,3,Marzo,11,Sábado,Sí,No,18:10,Noche,Ciudad Jardín,App,Snacks,Empanada,,2,3500,15,6000,Tarjeta crédito,Recurrente,55 o más,1.3,,,26.6,Sí
102105,2026-03-14,3,Marzo,11,Sábado,Sí,No,18:49,Noche,San Antonio,Mostrador,Snacks,Galletas,,1,4500,0,4500,Tarjeta débito,Nuevo,18-24,2.4,5,,26.6,Sí
102102,2026-03-14,3,Marzo,11,Sábado,Sí,No,19:08,Noche,Granada,Mostrador,Café caliente,Capuchino,L,1,10600,0,10600,Billetera digital,Recurrente,25-34,2.4,,,26.6,Sí
102107,2026-03-14,3,Marzo,11,Sábado,Sí,No,19:08,Noche,San Antonio,App,Snacks,Galletas,,1,4500,15,3800,Billetera digital,Recurrente,45-54,1.5,4,,26.6,Sí
102088,2026-03-14,3,Marzo,11,Sábado,Sí,No,19:10,Noche,Centro,Mostrador,Bebida fría,Limonada de coco,S,1,9400,0,9400,Billetera digital,Recurrente,35-44,4.7,4,Rápido y amable,26.6,Sí
102122,2026-03-14,3,Marzo,11,Sábado,Sí,No,19:14,Noche,El Peñón,Domicilio,Snacks,Galletas,,1,4500,0,4500,Efectivo,Nuevo,18-24,,,,26.6,Sí
102123,2026-03-14,3,Marzo,11,Sábado,Sí,No,19:28,Noche,El Peñón,Mostrador,Snacks,Galletas,,2,4500,0,9000,Efectivo,Nuevo,18-24,3.6,4,,26.6,Sí
102114,2026-03-14,3,Marzo,11,Sábado,Sí,No,20:53,Noche,Ciudad Jardín,Mostrador,Café caliente,Latte,S,1,7600,0,7600,Efectivo,Nuevo,25-34,3.5,3,Bueno,26.6,Sí
102133,2026-03-15,3,Marzo,11,Domingo,Sí,No,06:19,Mañana,Granada,Mostrador,Panadería,Pandebono,,1,2500,0,2500,Efectivo,Recurrente,35-44,3.4,,,30.7,No
102146,2026-03-15,3,Marzo,11,Domingo,Sí,No,06:29,Mañana,Ciudad Jardín,Mostrador,Snacks,Galletas,,1,4500,0,4500,Tarjeta crédito,Recurrente,35-44,6.1,,,30.7,No
102141,2026-03-15,3,Marzo,11,Domingo,Sí,No,08:14,Mañana,Ciudad Jardín,Mostrador,Café caliente,Capuchino,S,1,7200,0,7200,Tarjeta crédito,Recurrente,Menos de 18,5.2,5,,30.7,No
102132,2026-03-15,3,Marzo,11,Domingo,Sí,No,09:03,Mañana,Granada,Mostrador,Snacks,Empanada,,2,3500,0,7000,Billetera digital,Recurrente,25-34,6.3,,,30.7,No
102134,2026-03-15,3,Marzo,11,Domingo,Sí,No,10:11,Media mañana,San Antonio,Mostrador,Panadería,Buñuelo,,2,2200,0,4400,Billetera digital,Nuevo,25-34,1.8,4,Rápido y amable,30.7,No
102131,2026-03-15,3,Marzo,11,Domingo,Sí,No,10:14,Media mañana,Granada,Mostrador,Panadería,Pandebono,,1,2500,0,2500,Efectivo,Nuevo,45-54,7.4,,,30.7,No
102152,2026-03-15,3,Marzo,11,Domingo,Sí,No,10:21,Media mañana,El Peñón,Mostrador,Panadería,Torta de zanahoria,,3,9000,0,27000,Tarjeta débito,Recurrente,45-54,1.8,,,30.7,No
102149,2026-03-15,3,Marzo,11,Domingo,Sí,No,10:26,Media mañana,El Peñón,App,Bebida fría,Limonada de coco,M,1,11000,15,9400,Tarjeta débito,Nuevo,55 o más,3.2,,,30.7,No
102140,2026-03-15,3,Marzo,11,Domingo,Sí,No,10:36,Media mañana,Ciudad Jardín,Mostrador,Café caliente,Latte,M,2,9000,0,18000,Efectivo,Recurrente,55 o más,3.1,5,,30.7,No
102127,2026-03-15,3,Marzo,11,Domingo,Sí,No,10:49,Media mañana,Granada,Mostrador,Panadería,Pandebono,,3,2500,5,7100,Efectivo,Fidelizado,55 o más,6.3,5,,30.7,No
102125,2026-03-15,3,Marzo,11,Domingo,Sí,No,11:05,Media mañana,Granada,Mostrador,Snacks,Galletas,,4,4500,0,18000,Efectivo,Nuevo,18-24,7.3,,,30.7,No
102136,2026-03-15,3,Marzo,11,Domingo,Sí,No,11:19,Media mañana,San Antonio,Mostrador,Bebida fría,Frappé de café,S,1,10600,0,10600,Tarjeta crédito,Recurrente,45-54,5.4,,,30.7,No
102129,2026-03-15,3,Marzo,11,Domingo,Sí,No,11:29,Media mañana,Granada,Mostrador,Bebida fría,Frappé de café,L,2,15600,0,31200,Tarjeta crédito,Recurrente,25-34,6.6,5,,30.7,No
102137,2026-03-15,3,Marzo,11,Domingo,Sí,No,11:41,Media mañana,San Antonio,App,Panadería,Croissant,,1,6500,15,5500,Tarjeta débito,Recurrente,35-44,1.1,,,30.7,No
102130,2026-03-15,3,Marzo,11,Domingo,Sí,No,11:50,Media mañana,Granada,Mostrador,Panadería,Pandebono,,1,2500,5,2400,Tarjeta débito,Fidelizado,25-34,5.2,,,30.7,No
102144,2026-03-15,3,Marzo,11,Domingo,Sí,No,12:19,Almuerzo,Ciudad Jardín,Mostrador,Bebida fría,Frappé de café,S,2,10600,5,20100,Billetera digital,Fidelizado,Menos de 18,3.6,,,30.7,No
102138,2026-03-15,3,Marzo,11,Domingo,Sí,No,12:54,Almuerzo,San Antonio,Mostrador,Almuerzo,Wrap de pollo,,1,18500,0,18500,Tarjeta débito,Recurrente,45-54,10.4,,,30.7,No
102145,2026-03-15,3,Marzo,11,Domingo,Sí,No,13:21,Almuerzo,Ciudad Jardín,Domicilio,Almuerzo,Ensalada César,,3,19500,0,58500,Efectivo,Nuevo,45-54,,,,30.7,No
102142,2026-03-15,3,Marzo,11,Domingo,Sí,No,13:42,Almuerzo,Ciudad Jardín,Mostrador,Snacks,Empanada,,2,3500,5,6600,Tarjeta débito,Fidelizado,25-34,7.0,4,,30.7,No
102126,2026-03-15,3,Marzo,11,Domingo,Sí,No,13:47,Almuerzo,Granada,Mostrador,Almuerzo,Ensalada César,,1,19500,5,18500,Tarjeta débito,Fidelizado,18-24,5.6,,,30.7,No
102135,2026-03-15,3,Marzo,11,Domingo,Sí,No,14:01,Tarde,San Antonio,Mostrador,Panadería,Muffin,,1,7000,0,7000,Billetera digital,Nuevo,18-24,2.7,,,30.7,No
102143,2026-03-15,3,Marzo,11,Domingo,Sí,No,14:14,Tarde,Ciudad Jardín,App,Snacks,Galletas,,1,4500,15,3800,Tarjeta crédito,Recurrente,45-54,0.9,,,30.7,No
102150,2026-03-15,3,Marzo,11,Domingo,Sí,No,14:50,Tarde,El Peñón,Mostrador,Bebida fría,Té helado,L,2,9400,0,18800,Tarjeta débito,Recurrente,35-44,3.7,3,,30.7,No
102151,2026-03-15,3,Marzo,11,Domingo,Sí,No,15:53,Tarde,El Peñón,Mostrador,Panadería,Pandebono,,1,2500,0,2500,Billetera digital,Nuevo,25-34,3.6,5,,30.7,No
102128,2026-03-15,3,Marzo,11,Domingo,Sí,No,16:22,Tarde,Granada,Mostrador,Bebida fría,Frappé de café,M,2,12500,5,23800,Billetera digital,Fidelizado,35-44,5.9,,,30.7,No
102139,2026-03-15,3,Marzo,11,Domingo,Sí,No,18:12,Noche,San Antonio,Mostrador,Café caliente,Capuchino,M,3,8500,0,25500,Efectivo,Nuevo,35-44,2.6,,,30.7,No
102148,2026-03-15,3,Marzo,11,Domingo,Sí,No,19:34,Noche,El Peñón,Mostrador,Café caliente,Capuchino,L,1,10600,0,10600,Billetera digital,Nuevo,25-34,3.2,,,30.7,No
102147,2026-03-15,3,Marzo,11,Domingo,Sí,No,20:46,Noche,Ciudad Jardín,Domicilio,Bebida fría,Limonada de coco,M,1,11000,0,11000,Tarjeta débito,Recurrente,25-34,,,,30.7,No
102157,2026-03-16,3,Marzo,12,Lunes,No,No,08:06,Mañana,Centro,Mostrador,Café caliente,Americano,M,2,5500,0,11000,Tarjeta débito,Recurrente,18-24,3.9,,,27.1,Sí
102171,2026-03-16,3,Marzo,12,Lunes,No,No,08:10,Mañana,Ciudad Jardín,Mostrador,Snacks,Empanada,,2,3500,5,6600,Tarjeta crédito,Fidelizado,45-54,4.8,,,27.1,Sí
102180,2026-03-16,3,Marzo,12,Lunes,No,No,08:45,Mañana,El Peñón,Mostrador,Café caliente,Americano,S,4,4700,0,18800,Efectivo,Nuevo,45-54,3.7,,,27.1,Sí
102156,2026-03-16,3,Marzo,12,Lunes,No,No,08:56,Mañana,Centro,App,Snacks,Galletas,,1,4500,15,3800,Billetera digital,Fidelizado,Menos de 18,4.3,,,27.1,Sí
102176,2026-03-16,3,Marzo,12,Lunes,No,No,09:02,Mañana,Ciudad Jardín,Domicilio,Café caliente,Tinto,M,2,3500,0,7000,Tarjeta crédito,Nuevo,35-44,,,,27.1,Sí
102162,2026-03-16,3,Marzo,12,Lunes,No,No,09:30,Mañana,Granada,Mostrador,Café caliente,Tinto,M,1,3500,0,3500,Efectivo,Recurrente,25-34,3.1,,,27.1,Sí
102159,2026-03-16,3,Marzo,12,Lunes,No,No,10:09,Media mañana,Granada,App,Bebida fría,Frappé de café,M,1,12500,15,10600,Tarjeta crédito,Recurrente,45-54,1.6,4,Bueno,27.1,Sí
102170,2026-03-16,3,Marzo,12,Lunes,No,No,11:03,Media mañana,San Antonio,App,Panadería,Muffin,,1,7000,15,6000,Billetera digital,Recurrente,45-54,2.8,,,27.1,Sí
102168,2026-03-16,3,Marzo,12,Lunes,No,No,11:07,Media mañana,San Antonio,Domicilio,Snacks,Empanada,,1,3500,0,3500,Efectivo,Nuevo,25-34,,,,27.1,Sí
102172,2026-03-16,3,Marzo,12,Lunes,No,No,12:04,Almuerzo,Ciudad Jardín,Mostrador,Panadería,Pandebono,,1,2500,5,2400,Efectivo,Fidelizado,35-44,8.1,,,27.1,Sí
102165,2026-03-16,3,Marzo,12,Lunes,No,No,12:10,Almuerzo,Granada,Mostrador,Bebida fría,Frappé de café,M,4,12500,0,50000,Billetera digital,Nuevo,25-34,4.9,4,,27.1,Sí
102173,2026-03-16,3,Marzo,12,Lunes,No,No,12:38,Almuerzo,Ciudad Jardín,Mostrador,Café caliente,Tinto,M,2,3500,5,6600,Tarjeta débito,Fidelizado,35-44,3.9,5,,27.1,Sí
102155,2026-03-16,3,Marzo,12,Lunes,No,No,12:52,Almuerzo,Centro,App,Almuerzo,Wrap de pollo,,2,18500,15,31400,Tarjeta crédito,Recurrente,18-24,5.5,,,27.1,Sí
102174,2026-03-16,3,Marzo,12,Lunes,No,No,13:11,Almuerzo,Ciudad Jardín,Mostrador,Almuerzo,Wrap de pollo,,1,18500,5,17600,Tarjeta débito,Fidelizado,25-34,14.2,3,,27.1,Sí
102175,2026-03-16,3,Marzo,12,Lunes,No,No,13:28,Almuerzo,Ciudad Jardín,Domicilio,Bebida fría,Cold brew,M,2,10500,5,20000,Efectivo,Fidelizado,45-54,,,,27.1,Sí
102164,2026-03-16,3,Marzo,12,Lunes,No,No,13:38,Almuerzo,Granada,Mostrador,Almuerzo,Ensalada César,,1,19500,0,19500,Tarjeta débito,Recurrente,25-34,10.3,,,27.1,Sí
102177,2026-03-16,3,Marzo,12,Lunes,No,No,14:52,Tarde,Ciudad Jardín,Mostrador,Café caliente,Capuchino,S,1,7200,5,6800,Efectivo,Fidelizado,35-44,4.0,,,27.1,Sí
102178,2026-03-16,3,Marzo,12,Lunes,No,No,15:19,Tarde,El Peñón,Mostrador,Café caliente,Tinto,L,1,4400,0,4400,Tarjeta débito,Nuevo,55 o más,6.7,,,27.1,Sí
102154,2026-03-16,3,Marzo,12,Lunes,No,No,16:53,Tarde,Centro,App,Café caliente,Tinto,L,1,4400,15,3700,Tarjeta crédito,Recurrente,18-24,2.7,5,,27.1,Sí
102158,2026-03-16,3,Marzo,12,Lunes,No,No,17:35,Tarde,Centro,Domicilio,Panadería,Pandebono,,1,2500,0,2500,Billetera digital,Recurrente,35-44,,,,27.1,Sí
102161,2026-03-16,3,Marzo,12,Lunes,No,No,17:45,Tarde,Granada,Mostrador,Café caliente,Latte,L,2,11200,0,22400,Tarjeta débito,Recurrente,18-24,5.1,,,27.1,Sí
102169,2026-03-16,3,Marzo,12,Lunes,No,No,17:47,Tarde,San Antonio,Mostrador,Bebida fría,Frappé de café,M,3,12500,0,37500,Tarjeta débito,Nuevo,25-34,2.5,,,27.1,Sí
102166,2026-03-16,3,Marzo,12,Lunes,No,No,18:46,Noche,Granada,App,Café caliente,Latte,S,2,7600,15,12900,Tarjeta débito,Fidelizado,25-34,1.3,,,27.1,Sí
102153,2026-03-16,3,Marzo,12,Lunes,No,No,18:49,Noche,Centro,Mostrador,Snacks,Papas de paquete,,2,5000,5,9500,Efectivo,Fidelizado,35-44,2.5,,,27.1,Sí
102167,2026-03-16,3,Marzo,12,Lunes,No,No,19:07,Noche,San Antonio,App,Café caliente,Latte,S,1,7600,15,6500,Tarjeta débito,Recurrente,35-44,3.4,,,27.1,Sí
102160,2026-03-16,3,Marzo,12,Lunes,No,No,19:19,Noche,Granada,Mostrador,Bebida fría,Té helado,M,1,7500,5,7100,Efectivo,Fidelizado,25-34,2.0,,,27.1,Sí
102179,2026-03-16,3,Marzo,12,Lunes,No,No,19:34,Noche,El Peñón,App,Café caliente,Americano,M,1,5500,15,4700,Tarjeta débito,Nuevo,55 o más,0.8,4,,27.1,Sí
102163,2026-03-16,3,Marzo,12,Lunes,No,No,20:57,Noche,Granada,App,Panadería,Pandebono,,2,2500,15,4200,Billetera digital,Recurrente,25-34,1.2,,,27.1,Sí
102193,2026-03-17,3,Marzo,12,Martes,No,No,06:17,Mañana,Centro,Domicilio,Café caliente,Latte,L,2,11200,5,21300,Efectivo,Fidelizado,25-34,,,,26.6,Sí
102206,2026-03-17,3,Marzo,12,Martes,No,No,06:41,Mañana,El Peñón,Mostrador,Panadería,Muffin,,1,7000,0,7000,Tarjeta crédito,Nuevo,35-44,6.1,,,26.6,Sí
102187,2026-03-17,3,Marzo,12,Martes,No,No,07:33,Mañana,Centro,Mostrador,Café caliente,Mocaccino,M,3,9500,0,28500,Efectivo,Nuevo,25-34,9.1,4,La app funciona bien,26.6,Sí
102199,2026-03-17,3,Marzo,12,Martes,No,No,07:52,Mañana,Granada,App,Café caliente,Capuchino,S,3,7200,15,18400,Billetera digital,Nuevo,55 o más,2.8,,,26.6,Sí
102185,2026-03-17,3,Marzo,12,Martes,No,No,07:55,Mañana,Centro,Mostrador,Café caliente,Tinto,M,1,3500,0,3500,Billetera digital,Nuevo,35-44,4.3,4,,26.6,Sí
102191,2026-03-17,3,Marzo,12,Martes,No,No,08:45,Mañana,Centro,Mostrador,Snacks,Papas de paquete,,2,5000,0,10000,Efectivo,Nuevo,35-44,5.3,,,26.6,Sí
102194,2026-03-17,3,Marzo,12,Martes,No,No,09:16,Mañana,Granada,Mostrador,Snacks,Empanada,,1,3500,0,3500,Tarjeta débito,Recurrente,18-24,2.0,,,26.6,Sí
102210,2026-03-17,3,Marzo,12,Martes,No,No,09:51,Mañana,El Peñón,Mostrador,Café caliente,Capuchino,M,1,8500,0,8500,Tarjeta crédito,Recurrente,35-44,1.8,,,26.6,Sí
102204,2026-03-17,3,Marzo,12,Martes,No,No,09:55,Mañana,Ciudad Jardín,Mostrador,Café caliente,Americano,S,1,4700,0,4700,Efectivo,Recurrente,25-34,5.9,5,Rápido y amable,26.6,Sí
102200,2026-03-17,3,Marzo,12,Martes,No,No,10:48,Media mañana,San Antonio,Mostrador,Panadería,Muffin,,2,7000,0,14000,Tarjeta débito,Recurrente,25-34,3.0,,,26.6,Sí
102203,2026-03-17,3,Marzo,12,Martes,No,No,11:21,Media mañana,Ciudad Jardín,Mostrador,Café caliente,Latte,M,2,9000,0,18000,Efectivo,Recurrente,35-44,1.7,5,,26.6,Sí
102205,2026-03-17,3,Marzo,12,Martes,No,No,11:45,Media mañana,El Peñón,Mostrador,Bebida fría,Jugo natural,S,2,7200,0,14400,Billetera digital,Nuevo,25-34,3.8,,,26.6,Sí
102198,2026-03-17,3,Marzo,12,Martes,No,No,12:04,Almuerzo,Granada,App,Bebida fría,Cold brew,M,1,10500,15,8900,Billetera digital,Recurrente,25-34,2.9,,,26.6,Sí
102182,2026-03-17,3,Marzo,12,Martes,No,No,12:17,Almuerzo,Centro,Domicilio,Almuerzo,Wrap de pollo,,1,18500,0,18500,Tarjeta débito,Nuevo,25-34,,,,26.6,Sí
102189,2026-03-17,3,Marzo,12,Martes,No,No,12:31,Almuerzo,Centro,Mostrador,Almuerzo,Ensalada César,,3,19500,0,58500,Efectivo,Recurrente,45-54,12.3,4,,26.6,Sí
102197,2026-03-17,3,Marzo,12,Martes,No,No,13:06,Almuerzo,Granada,Mostrador,Café caliente,Tinto,L,1,4400,0,4400,Efectivo,Recurrente,25-34,4.7,,,26.6,Sí
102190,2026-03-17,3,Marzo,12,Martes,No,No,13:29,Almuerzo,Centro,Mostrador,Almuerzo,Ensalada César,,1,19500,0,19500,Billetera digital,Nuevo,18-24,18.0,,,26.6,Sí
102209,2026-03-17,3,Marzo,12,Martes,No,No,13:30,Almuerzo,El Peñón,Mostrador,Almuerzo,Sándwich cubano,,3,21000,0,63000,Tarjeta débito,Nuevo,25-34,7.5,,,26.6,Sí
102183,2026-03-17,3,Marzo,12,Martes,No,No,13:33,Almuerzo,Centro,App,Almuerzo,Wrap de pollo,,1,18500,15,15700,Tarjeta débito,Recurrente,25-34,4.8,4,,26.6,Sí
102201,2026-03-17,3,Marzo,12,Martes,No,No,13:35,Almuerzo,Ciudad Jardín,Mostrador,Almuerzo,Bowl vegetariano,,4,22000,5,83600,Tarjeta débito,Fidelizado,35-44,6.8,,,26.6,Sí
102202,2026-03-17,3,Marzo,12,Martes,No,No,13:59,Almuerzo,Ciudad Jardín,App,Almuerzo,Ensalada César,,1,19500,15,16600,Billetera digital,Nuevo,25-34,2.4,,,26.6,Sí
102207,2026-03-17,3,Marzo,12,Martes,No,No,14:53,Tarde,El Peñón,Mostrador,Bebida fría,Limonada de coco,M,1,11000,0,11000,Efectivo,Nuevo,35-44,2.4,4,,26.6,Sí
102188,2026-03-17,3,Marzo,12,Martes,No,No,15:12,Tarde,Centro,Mostrador,Snacks,Empanada,,1,3500,0,3500,Efectivo,Recurrente,18-24,2.3,4,,26.6,Sí
102192,2026-03-17,3,Marzo,12,Martes,No,No,16:32,Tarde,Centro,Domicilio,Bebida fría,Cold brew,M,1,10500,0,10500,Efectivo,Recurrente,25-34,,4,Rápido y amable,26.6,Sí
102196,2026-03-17,3,Marzo,12,Martes,No,No,16:56,Tarde,Granada,Domicilio,Snacks,Barra de granola,,1,5500,5,5200,Efectivo,Fidelizado,25-34,,,,26.6,Sí
102186,2026-03-17,3,Marzo,12,Martes,No,No,17:53,Tarde,Centro,Mostrador,Bebida fría,Limonada de coco,S,1,9400,0,9400,Tarjeta débito,Recurrente,25-34,4.1,,,26.6,Sí
102184,2026-03-17,3,Marzo,12,Martes,No,No,18:04,Noche,Centro,Mostrador,Panadería,Croissant,,1,6500,0,6500,Efectivo,Nuevo,18-24,1.9,,,26.6,Sí
102195,2026-03-17,3,Marzo,12,Martes,No,No,19:08,Noche,Granada,Domicilio,Snacks,Galletas,,1,4500,0,4500,Tarjeta crédito,Recurrente,25-34,,5,Excelente atención,26.6,Sí
102208,2026-03-17,3,Marzo,12,Martes,No,No,19:56,Noche,El Peñón,Mostrador,Bebida fría,Cold brew,L,1,13100,0,13100,Tarjeta débito,Nuevo,25-34,2.6,4,,26.6,Sí
102181,2026-03-17,3,Marzo,12,Martes,No,No,20:30,Noche,Centro,Mostrador,Café caliente,Chocolate caliente,S,1,6800,0,6800,Efectivo,Recurrente,25-34,4.3,,,26.6,Sí
102213,2026-03-18,3,Marzo,12,Miércoles,No,No,06:04,Mañana,Centro,Mostrador,Snacks,Empanada,,1,3500,0,3500,Tarjeta crédito,Recurrente,45-54,3.7,3,Bueno,28.2,No
102215,2026-03-18,3,Marzo,12,Miércoles,No,No,06:56,Mañana,Centro,Mostrador,Café caliente,Americano,M,3,5500,0,16500,Efectivo,Recurrente,18-24,4.1,,,28.2,No
102216,2026-03-18,3,Marzo,12,Miércoles,No,No,07:07,Mañana,Centro,Mostrador,Café caliente,Capuchino,S,1,7200,0,7200,Billetera digital,Recurrente,25-34,9.2,,,28.2,No
102229,2026-03-18,3,Marzo,12,Miércoles,No,No,07:54,Mañana,San Antonio,Mostrador,Café caliente,Capuchino,M,1,8500,5,8100,Billetera digital,Fidelizado,Menos de 18,9.6,,,28.2,No
102233,2026-03-18,3,Marzo,12,Miércoles,No,No,08:25,Mañana,Ciudad Jardín,Mostrador,Panadería,Pandebono,,2,2500,0,5000,Tarjeta crédito,Nuevo,35-44,11.5,3,Demasiada fila,28.2,No
102222,2026-03-18,3,Marzo,12,Miércoles,No,No,10:22,Media mañana,Granada,Mostrador,Café caliente,Capuchino,M,2,8500,5,16200,Efectivo,Fidelizado,18-24,3.8,,,28.2,No
102226,2026-03-18,3,Marzo,12,Miércoles,No,No,10:41,Media mañana,Granada,Mostrador,Almuerzo,Sándwich cubano,,1,21000,0,21000,Tarjeta crédito,Nuevo,35-44,1.9,5,La app funciona bien,28.2,No
102218,2026-03-18,3,Marzo,12,Miércoles,No,No,11:03,Media mañana,Centro,Mostrador,Panadería,Croissant,,1,6500,0,6500,Efectivo,Recurrente,35-44,5.1,,,28.2,No
102217,2026-03-18,3,Marzo,12,Miércoles,No,No,11:06,Media mañana,Centro,Mostrador,Bebida fría,Frappé de café,M,2,12500,5,23800,Billetera digital,Fidelizado,18-24,3.5,,,28.2,No
102225,2026-03-18,3,Marzo,12,Miércoles,No,No,11:48,Media mañana,Granada,Mostrador,Café caliente,Tinto,M,2,3500,0,7000,Billetera digital,Recurrente,18-24,4.0,,,28.2,No
102223,2026-03-18,3,Marzo,12,Miércoles,No,No,12:24,Almuerzo,Granada,Mostrador,Café caliente,Capuchino,L,2,10600,5,20100,Tarjeta débito,Fidelizado,35-44,2.8,,,28.2,No
102211,2026-03-18,3,Marzo,12,Miércoles,No,No,12:58,Almuerzo,Centro,Mostrador,Almuerzo,Sándwich cubano,,1,21000,0,21000,Tarjeta crédito,Recurrente,25-34,15.7,,,28.2,No
102219,2026-03-18,3,Marzo,12,Miércoles,No,No,13:34,Almuerzo,Granada,Domicilio,Bebida fría,Frappé de café,M,2,12500,5,23800,Tarjeta débito,Fidelizado,25-34,,5,Muy buen café,28.2,No
102212,2026-03-18,3,Marzo,12,Miércoles,No,No,13:40,Almuerzo,Centro,Mostrador,Snacks,Galletas,,2,4500,5,8600,Billetera digital,Fidelizado,35-44,12.6,,,28.2,No
102228,2026-03-18,3,Marzo,12,Miércoles,No,No,13:48,Almuerzo,Granada,Mostrador,Almuerzo,Sándwich cubano,,1,21000,0,21000,Tarjeta débito,Recurrente,Menos de 18,7.0,5,,28.2,No
102230,2026-03-18,3,Marzo,12,Miércoles,No,No,14:33,Tarde,San Antonio,Mostrador,Café caliente,Tinto,M,1,3500,5,3300,Tarjeta crédito,Fidelizado,18-24,6.9,3,"Bien, pero podría mejorar",28.2,No
102227,2026-03-18,3,Marzo,12,Miércoles,No,No,16:37,Tarde,Granada,Mostrador,Café caliente,Tinto,S,4,3000,5,11400,Billetera digital,Fidelizado,35-44,2.3,5,,28.2,No
102224,2026-03-18,3,Marzo,12,Miércoles,No,No,16:48,Tarde,Granada,App,Café caliente,Capuchino,M,1,8500,15,7200,Tarjeta débito,Nuevo,25-34,1.7,,,28.2,No
102231,2026-03-18,3,Marzo,12,Miércoles,No,No,17:21,Tarde,San Antonio,App,Panadería,Pandebono,,1,2500,15,2100,Tarjeta débito,Recurrente,55 o más,1.3,,,28.2,No
102214,2026-03-18,3,Marzo,12,Miércoles,No,No,17:49,Tarde,Centro,Mostrador,Snacks,Empanada,,3,3500,0,10500,Tarjeta crédito,Nuevo,Menos de 18,2.7,5,La app funciona bien,28.2,No
102232,2026-03-18,3,Marzo,12,Miércoles,No,No,18:08,Noche,Ciudad Jardín,Mostrador,Bebida fría,Limonada de coco,S,1,9400,0,9400,Efectivo,Nuevo,45-54,2.8,,,28.2,No
102221,2026-03-18,3,Marzo,12,Miércoles,No,No,18:58,Noche,Granada,Mostrador,Panadería,Torta de zanahoria,,1,9000,5,8600,Efectivo,Fidelizado,35-44,3.1,,,28.2,No
102220,2026-03-18,3,Marzo,12,Miércoles,No,No,20:12,Noche,Granada,Mostrador,Panadería,Pandebono,,2,2500,5,4800,Tarjeta débito,Fidelizado,45-54,2.6,,,28.2,No
102250,2026-03-19,3,Marzo,12,Jueves,No,No,06:05,Mañana,Granada,Mostrador,Snacks,Galletas,,2,4500,5,8600,Billetera digital,Fidelizado,35-44,3.7,5,,27.3,No
102237,2026-03-19,3,Marzo,12,Jueves,No,No,06:15,Mañana,Centro,App,Café caliente,Capuchino,L,1,10600,15,9000,Billetera digital,Recurrente,45-54,9.3,,,27.3,No
102236,2026-03-19,3,Marzo,12,Jueves,No,No,07:05,Mañana,Centro,Mostrador,Panadería,Pandebono,,1,2500,5,2400,Tarjeta débito,Fidelizado,18-24,9.9,4,El pandebono estaba recién hecho,27.3,No
102259,2026-03-19,3,Marzo,12,Jueves,No,No,07:12,Mañana,El Peñón,App,Café caliente,Tinto,S,2,3000,15,5100,Tarjeta crédito,Nuevo,18-24,1.3,4,Excelente atención,27.3,No
102240,2026-03-19,3,Marzo,12,Jueves,No,No,07:16,Mañana,Centro,App,Panadería,Buñuelo,,2,2200,15,3700,Billetera digital,Fidelizado,18-24,4.8,,,27.3,No
102255,2026-03-19,3,Marzo,12,Jueves,No,No,07:25,Mañana,San Antonio,Mostrador,Panadería,Pandebono,,1,2500,0,2500,Tarjeta crédito,Recurrente,18-24,4.5,,,27.3,No
102254,2026-03-19,3,Marzo,12,Jueves,No,No,07:48,Mañana,San Antonio,Domicilio,Panadería,Pandebono,,1,2500,0,2500,Billetera digital,Recurrente,Menos de 18,,5,Excelente atención,27.3,No
102247,2026-03-19,3,Marzo,12,Jueves,No,No,08:28,Mañana,Granada,Mostrador,Café caliente,Americano,L,2,6900,5,13100,Tarjeta débito,Fidelizado,25-34,2.4,,,27.3,No
102261,2026-03-19,3,Marzo,12,Jueves,No,No,09:20,Mañana,El Peñón,Mostrador,Café caliente,Americano,M,1,5500,0,5500,Tarjeta débito,Recurrente,45-54,6.4,,,27.3,No
102253,2026-03-19,3,Marzo,12,Jueves,No,No,09:21,Mañana,San Antonio,Mostrador,Café caliente,Tinto,L,1,4400,0,4400,Billetera digital,Recurrente,18-24,5.6,,,27.3,No
102257,2026-03-19,3,Marzo,12,Jueves,No,No,11:09,Media mañana,Ciudad Jardín,Mostrador,Panadería,Pandebono,,1,2500,0,2500,Efectivo,Recurrente,45-54,6.2,,,27.3,No
102249,2026-03-19,3,Marzo,12,Jueves,No,No,11:39,Media mañana,Granada,App,Panadería,Buñuelo,,2,2200,15,3700,Tarjeta crédito,Fidelizado,35-44,1.1,,,27.3,No
102258,2026-03-19,3,Marzo,12,Jueves,No,No,12:11,Almuerzo,Ciudad Jardín,Mostrador,Almuerzo,Wrap de pollo,,3,18500,5,52700,Tarjeta crédito,Fidelizado,25-34,5.8,4,,27.3,No
102238,2026-03-19,3,Marzo,12,Jueves,No,No,12:20,Almuerzo,Centro,Mostrador,Almuerzo,Wrap de pollo,,1,18500,5,17600,Tarjeta débito,Fidelizado,35-44,17.5,,,27.3,No
102239,2026-03-19,3,Marzo,12,Jueves,No,No,12:28,Almuerzo,Centro,Mostrador,Snacks,Galletas,,3,4500,0,13500,Billetera digital,Recurrente,25-34,12.0,,,27.3,No
102234,2026-03-19,3,Marzo,12,Jueves,No,No,13:01,Almuerzo,Centro,Mostrador,Almuerzo,Ensalada César,,1,19500,0,19500,Efectivo,Recurrente,35-44,8.5,5,Excelente atención,27.3,No
102256,2026-03-19,3,Marzo,12,Jueves,No,No,13:02,Almuerzo,Ciudad Jardín,Mostrador,Bebida fría,Limonada de coco,L,2,13800,5,26200,Efectivo,Fidelizado,25-34,10.3,4,,27.3,No
102243,2026-03-19,3,Marzo,12,Jueves,No,No,13:45,Almuerzo,Centro,Mostrador,Bebida fría,Té helado,S,1,6400,0,6400,Efectivo,Recurrente,55 o más,11.5,,,27.3,No
102242,2026-03-19,3,Marzo,12,Jueves,No,No,13:50,Almuerzo,Centro,App,Bebida fría,Frappé de café,S,1,10600,15,9000,Tarjeta débito,Recurrente,25-34,6.1,5,,27.3,No
102244,2026-03-19,3,Marzo,12,Jueves,No,No,15:21,Tarde,Granada,Mostrador,Bebida fría,Té helado,M,1,7500,0,7500,Tarjeta crédito,Recurrente,25-34,2.3,,,27.3,No
102245,2026-03-19,3,Marzo,12,Jueves,No,No,15:21,Tarde,Granada,Mostrador,Snacks,Empanada,,1,3500,5,3300,Efectivo,Fidelizado,25-34,3.1,,,27.3,No
102262,2026-03-19,3,Marzo,12,Jueves,No,No,15:36,Tarde,El Peñón,Mostrador,Café caliente,Mocaccino,M,1,9500,0,9500,Billetera digital,Nuevo,35-44,9.3,,,27.3,No
102260,2026-03-19,3,Marzo,12,Jueves,No,No,17:40,Tarde,El Peñón,Mostrador,Café caliente,Tinto,L,1,4400,0,4400,Tarjeta débito,Nuevo,45-54,3.3,,,27.3,No
102251,2026-03-19,3,Marzo,12,Jueves,No,No,18:42,Noche,San Antonio,Domicilio,Almuerzo,Wrap de pollo,,3,18500,0,55500,Billetera digital,Recurrente,25-34,,,,27.3,No
102252,2026-03-19,3,Marzo,12,Jueves,No,No,20:08,Noche,San Antonio,Mostrador,Panadería,Pandebono,,1,2500,5,2400,Billetera digital,Fidelizado,35-44,2.8,,,27.3,No
102246,2026-03-19,3,Marzo,12,Jueves,No,No,20:12,Noche,Granada,App,Almuerzo,Sándwich cubano,,1,21000,15,17800,Billetera digital,Recurrente,18-24,2.5,,,27.3,No
102241,2026-03-19,3,Marzo,12,Jueves,No,No,20:17,Noche,Centro,Mostrador,Café caliente,Capuchino,L,1,10600,0,10600,Tarjeta crédito,Nuevo,45-54,1.1,,,27.3,No
102235,2026-03-19,3,Marzo,12,Jueves,No,No,20:29,Noche,Centro,Mostrador,Café caliente,Capuchino,S,3,7200,0,21600,Efectivo,Recurrente,25-34,1.9,3,,27.3,No
102248,2026-03-19,3,Marzo,12,Jueves,No,No,20:31,Noche,Granada,Mostrador,Café caliente,Capuchino,L,2,10600,5,20100,Efectivo,Fidelizado,55 o más,5.9,5,,27.3,No
102272,2026-03-20,3,Marzo,12,Viernes,No,No,06:48,Mañana,Centro,Mostrador,Snacks,Galletas,,1,4500,0,4500,Efectivo,Nuevo,35-44,9.3,5,,26.5,No
102275,2026-03-20,3,Marzo,12,Viernes,No,No,07:29,Mañana,Centro,Mostrador,Panadería,Torta de zanahoria,,1,9000,0,9000,Billetera digital,Recurrente,25-34,4.8,,,26.5,No
102264,2026-03-20,3,Marzo,12,Viernes,No,No,08:14,Mañana,Centro,Mostrador,Café caliente,Americano,M,3,5500,5,15700,Billetera digital,Fidelizado,25-34,7.2,5,,26.5,No
102282,2026-03-20,3,Marzo,12,Viernes,No,No,09:45,Mañana,Granada,Mostrador,Café caliente,Capuchino,M,1,8500,0,8500,Tarjeta débito,Recurrente,25-34,4.9,,,26.5,No
102276,2026-03-20,3,Marzo,12,Viernes,No,No,09:47,Mañana,Centro,Mostrador,Café caliente,Capuchino,L,1,10600,0,10600,Efectivo,Nuevo,18-24,6.1,5,,26.5,No
102277,2026-03-20,3,Marzo,12,Viernes,No,No,10:18,Media mañana,Centro,Mostrador,Café caliente,Tinto,L,1,4400,0,4400,Billetera digital,Recurrente,25-34,3.4,,,26.5,No
102299,2026-03-20,3,Marzo,12,Viernes,No,No,10:31,Media mañana,El Peñón,Mostrador,Café caliente,Tinto,L,1,4400,0,4400,Tarjeta débito,Nuevo,25-34,3.9,,,26.5,No
102296,2026-03-20,3,Marzo,12,Viernes,No,No,11:29,Media mañana,Ciudad Jardín,Mostrador,Almuerzo,Wrap de pollo,,1,18500,0,18500,Efectivo,Nuevo,25-34,10.4,,,26.5,No
102300,2026-03-20,3,Marzo,12,Viernes,No,No,12:03,Almuerzo,El Peñón,Domicilio,Bebida fría,Limonada de coco,M,3,11000,0,33000,Tarjeta débito,Nuevo,55 o más,,,,26.5,No
102267,2026-03-20,3,Marzo,12,Viernes,No,No,12:04,Almuerzo,Centro,Mostrador,Almuerzo,Sándwich cubano,,1,21000,0,21000,Billetera digital,Nuevo,25-34,7.9,4,,26.5,No
102274,2026-03-20,3,Marzo,12,Viernes,No,No,12:11,Almuerzo,Centro,Mostrador,Bebida fría,Cold brew,M,2,10500,0,21000,Tarjeta débito,Recurrente,35-44,10.7,,,26.5,No
102273,2026-03-20,3,Marzo,12,Viernes,No,No,12:16,Almuerzo,Centro,Mostrador,Almuerzo,Bowl vegetariano,,1,22000,0,22000,Tarjeta crédito,Nuevo,25-34,15.2,,,26.5,No
102278,2026-03-20,3,Marzo,12,Viernes,No,No,12:41,Almuerzo,Granada,Mostrador,Almuerzo,Ensalada César,,2,19500,0,39000,Tarjeta débito,Recurrente,25-34,6.2,,,26.5,No
102290,2026-03-20,3,Marzo,12,Viernes,No,No,12:41,Almuerzo,San Antonio,Domicilio,Almuerzo,Wrap de pollo,,2,18500,0,37000,Efectivo,Recurrente,35-44,,4,La app funciona bien,26.5,No
102286,2026-03-20,3,Marzo,12,Viernes,No,No,13:15,Almuerzo,Granada,Mostrador,Snacks,Barra de granola,,2,5500,0,11000,Billetera digital,Nuevo,25-34,7.1,,,26.5,No
102269,2026-03-20,3,Marzo,12,Viernes,No,No,13:23,Almuerzo,Centro,Mostrador,Almuerzo,Bowl vegetariano,,2,22000,0,44000,Tarjeta crédito,Nuevo,25-34,20.8,,,26.5,No
102270,2026-03-20,3,Marzo,12,Viernes,No,No,13:25,Almuerzo,Centro,Mostrador,Almuerzo,Sándwich cubano,,1,21000,5,20000,Tarjeta débito,Fidelizado,18-24,24.3,1,,26.5,No
102271,2026-03-20,3,Marzo,12,Viernes,No,No,13:26,Almuerzo,Centro,Mostrador,Almuerzo,Sándwich cubano,,1,21000,0,21000,Tarjeta débito,Recurrente,35-44,12.8,4,El pandebono estaba recién hecho,26.5,No
102268,2026-03-20,3,Marzo,12,Viernes,No,No,14:20,Tarde,Centro,Mostrador,Snacks,Galletas,,3,4500,0,13500,Billetera digital,Recurrente,25-34,3.2,,,26.5,No
102293,2026-03-20,3,Marzo,12,Viernes,No,No,14:31,Tarde,San Antonio,Mostrador,Café caliente,Latte,M,1,9000,0,9000,Tarjeta débito,Recurrente,35-44,2.5,,,26.5,No
102284,2026-03-20,3,Marzo,12,Viernes,No,No,14:34,Tarde,Granada,Mostrador,Snacks,Barra de granola,,2,5500,0,11000,Tarjeta débito,Recurrente,18-24,2.6,,,26.5,No
102292,2026-03-20,3,Marzo,12,Viernes,No,No,14:39,Tarde,San Antonio,Mostrador,Café caliente,Tinto,M,1,3500,0,3500,Billetera digital,Nuevo,25-34,2.3,,,26.5,No
102297,2026-03-20,3,Marzo,12,Viernes,No,No,15:05,Tarde,Ciudad Jardín,Mostrador,Panadería,Croissant,,3,6500,0,19500,Efectivo,Nuevo,25-34,2.9,5,Rápido y amable,26.5,No
102288,2026-03-20,3,Marzo,12,Viernes,No,No,15:22,Tarde,San Antonio,Mostrador,Café caliente,Chocolate caliente,S,1,6800,0,6800,Efectivo,Recurrente,18-24,5.5,,,26.5,No
102289,2026-03-20,3,Marzo,12,Viernes,No,No,15:29,Tarde,San Antonio,Mostrador,Panadería,Muffin,,1,7000,0,7000,Billetera digital,Recurrente,25-34,3.0,,,26.5,No
102298,2026-03-20,3,Marzo,12,Viernes,No,No,15:50,Tarde,El Peñón,Mostrador,Café caliente,Latte,M,4,9000,0,36000,Billetera digital,Recurrente,25-34,2.3,5,Muy buen café,26.5,No
102265,2026-03-20,3,Marzo,12,Viernes,No,No,15:57,Tarde,Centro,Mostrador,Bebida fría,Jugo natural,L,2,10600,0,21200,Billetera digital,Nuevo,35-44,1.9,,,26.5,No
102283,2026-03-20,3,Marzo,12,Viernes,No,No,17:01,Tarde,Granada,App,Café caliente,Tinto,S,1,3000,15,2600,Billetera digital,Recurrente,18-24,2.1,,,26.5,No
102295,2026-03-20,3,Marzo,12,Viernes,No,No,17:12,Tarde,San Antonio,Mostrador,Panadería,Muffin,,3,7000,5,20000,Billetera digital,Fidelizado,25-34,3.7,,,26.5,No
102280,2026-03-20,3,Marzo,12,Viernes,No,No,17:21,Tarde,Granada,Mostrador,Snacks,Barra de granola,,1,5500,0,5500,Tarjeta débito,Recurrente,35-44,2.9,,,26.5,No
102266,2026-03-20,3,Marzo,12,Viernes,No,No,17:46,Tarde,Centro,Mostrador,Snacks,Galletas,,2,4500,5,8600,Efectivo,Fidelizado,45-54,3.0,3,,26.5,No
102263,2026-03-20,3,Marzo,12,Viernes,No,No,19:01,Noche,Centro,Mostrador,Café caliente,Tinto,M,2,3500,0,7000,Efectivo,Recurrente,35-44,4.2,4,Muy buen café,26.5,No
102281,2026-03-20,3,Marzo,12,Viernes,No,No,19:49,Noche,Granada,Mostrador,Snacks,Barra de granola,,1,5500,0,5500,Billetera digital,Recurrente,18-24,4.9,,,26.5,No
102279,2026-03-20,3,Marzo,12,Viernes,No,No,19:55,Noche,Granada,Mostrador,Bebida fría,Jugo natural,S,3,7200,0,21600,Billetera digital,Recurrente,18-24,4.0,4,Normal,26.5,No
102287,2026-03-20,3,Marzo,12,Viernes,No,No,20:05,Noche,San Antonio,Mostrador,Café caliente,Mocaccino,M,2,9500,5,18000,Efectivo,Fidelizado,18-24,2.2,,,26.5,No
102291,2026-03-20,3,Marzo,12,Viernes,No,No,20:11,Noche,San Antonio,Mostrador,Snacks,Papas de paquete,,3,5000,0,15000,Efectivo,Recurrente,35-44,3.7,,,26.5,No
102294,2026-03-20,3,Marzo,12,Viernes,No,No,20:41,Noche,San Antonio,Domicilio,Café caliente,Tinto,S,4,3000,0,12000,Billetera digital,Recurrente,18-24,,4,,26.5,No
102285,2026-03-20,3,Marzo,12,Viernes,No,No,20:49,Noche,Granada,Mostrador,Panadería,Pandebono,,1,2500,0,2500,Efectivo,Recurrente,25-34,4.2,5,,26.5,No
102327,2026-03-21,3,Marzo,12,Sábado,Sí,No,06:36,Mañana,El Peñón,App,Café caliente,Latte,M,1,9000,15,7600,Tarjeta débito,Nuevo,35-44,4.1,3,"Bien, pero podría mejorar",25.3,No
102303,2026-03-21,3,Marzo,12,Sábado,Sí,No,06:39,Mañana,Centro,App,Snacks,Galletas,,1,4500,15,3800,Billetera digital,Recurrente,35-44,1.7,,,25.3,No
102318,2026-03-21,3,Marzo,12,Sábado,Sí,No,06:48,Mañana,San Antonio,Mostrador,Panadería,Pandebono,,1,2500,0,2500,Efectivo,Recurrente,18-24,5.0,4,Buen precio por el tamaño,25.3,No
102321,2026-03-21,3,Marzo,12,Sábado,Sí,No,06:55,Mañana,San Antonio,Mostrador,Snacks,Empanada,,1,3500,5,3300,Tarjeta crédito,Fidelizado,18-24,2.7,,,25.3,No
102325,2026-03-21,3,Marzo,12,Sábado,Sí,No,07:26,Mañana,El Peñón,Domicilio,Café caliente,Tinto,M,3,3500,0,10500,Tarjeta crédito,Nuevo,18-24,,,,25.3,No
102312,2026-03-21,3,Marzo,12,Sábado,Sí,No,08:15,Mañana,Granada,Mostrador,Café caliente,Americano,S,1,4700,0,4700,Tarjeta crédito,Nuevo,45-54,4.3,,,25.3,No
102326,2026-03-21,3,Marzo,12,Sábado,Sí,No,08:18,Mañana,El Peñón,Mostrador,Café caliente,Americano,S,2,4700,0,9400,Efectivo,Recurrente,25-34,1.5,5,Buen precio por el tamaño,25.3,No
102307,2026-03-21,3,Marzo,12,Sábado,Sí,No,09:29,Mañana,Granada,Mostrador,Panadería,Pandebono,,1,2500,0,2500,Efectivo,Recurrente,55 o más,5.9,4,Buen precio por el tamaño,25.3,No
102314,2026-03-21,3,Marzo,12,Sábado,Sí,No,10:00,Media mañana,Granada,Mostrador,Café caliente,Capuchino,M,1,8500,0,8500,Tarjeta crédito,Recurrente,55 o más,5.7,,,25.3,No
102319,2026-03-21,3,Marzo,12,Sábado,Sí,No,10:32,Media mañana,San Antonio,App,Panadería,Muffin,,2,7000,15,11900,Billetera digital,Fidelizado,35-44,0.8,,,25.3,No
102328,2026-03-21,3,Marzo,12,Sábado,Sí,No,10:51,Media mañana,El Peñón,Domicilio,Café caliente,Capuchino,M,1,8500,0,8500,Tarjeta débito,Nuevo,35-44,,4,,25.3,No
102304,2026-03-21,3,Marzo,12,Sábado,Sí,No,11:09,Media mañana,Granada,Domicilio,Panadería,Pandebono,,1,2500,0,2500,Tarjeta débito,Nuevo,18-24,,4,,25.3,No
102311,2026-03-21,3,Marzo,12,Sábado,Sí,No,11:11,Media mañana,Granada,Mostrador,Café caliente,Americano,M,1,5500,0,5500,Efectivo,Recurrente,18-24,9.0,3,"Bien, pero podría mejorar",25.3,No
102305,2026-03-21,3,Marzo,12,Sábado,Sí,No,11:24,Media mañana,Granada,App,Panadería,Pandebono,,2,2500,15,4200,Billetera digital,Recurrente,45-54,1.7,,,25.3,No
102316,2026-03-21,3,Marzo,12,Sábado,Sí,No,12:09,Almuerzo,Granada,Mostrador,Café caliente,Chocolate caliente,L,1,10000,0,10000,Billetera digital,Recurrente,18-24,6.3,,,25.3,No
102309,2026-03-21,3,Marzo,12,Sábado,Sí,No,12:31,Almuerzo,Granada,Mostrador,Almuerzo,Sándwich cubano,,1,21000,0,21000,Billetera digital,Recurrente,25-34,9.7,3,Aceptable,25.3,No
102323,2026-03-21,3,Marzo,12,Sábado,Sí,No,13:01,Almuerzo,Ciudad Jardín,Mostrador,Snacks,Galletas,,1,4500,0,4500,Tarjeta débito,Recurrente,25-34,6.1,,,25.3,No
102310,2026-03-21,3,Marzo,12,Sábado,Sí,No,13:15,Almuerzo,Granada,Domicilio,Almuerzo,Ensalada César,,2,19500,0,39000,Efectivo,Recurrente,45-54,,,,25.3,No
102313,2026-03-21,3,Marzo,12,Sábado,Sí,No,13:15,Almuerzo,Granada,App,Almuerzo,Sándwich cubano,,2,21000,15,35700,Tarjeta crédito,Fidelizado,18-24,3.4,,,25.3,No
102315,2026-03-21,3,Marzo,12,Sábado,Sí,No,13:27,Almuerzo,Granada,Mostrador,Café caliente,Tinto,M,1,3500,5,3300,Tarjeta crédito,Fidelizado,25-34,8.4,,,25.3,No
102317,2026-03-21,3,Marzo,12,Sábado,Sí,No,15:54,Tarde,Granada,Mostrador,Snacks,Empanada,,1,3500,0,3500,Tarjeta débito,Nuevo,18-24,4.1,5,La app funciona bien,25.3,No
102320,2026-03-21,3,Marzo,12,Sábado,Sí,No,16:10,Tarde,San Antonio,Mostrador,Café caliente,Tinto,M,1,3500,0,3500,Efectivo,Nuevo,18-24,2.5,,,25.3,No
102306,2026-03-21,3,Marzo,12,Sábado,Sí,No,16:27,Tarde,Granada,Mostrador,Almuerzo,Ensalada César,,1,19500,0,19500,Tarjeta débito,Recurrente,18-24,3.9,,,25.3,No
102322,2026-03-21,3,Marzo,12,Sábado,Sí,No,16:53,Tarde,San Antonio,Mostrador,Café caliente,Capuchino,M,1,8500,0,8500,Tarjeta crédito,Recurrente,18-24,3.9,5,Buen precio por el tamaño,25.3,No
102302,2026-03-21,3,Marzo,12,Sábado,Sí,No,17:33,Tarde,Centro,Mostrador,Panadería,Pandebono,,2,2500,5,4800,Tarjeta crédito,Fidelizado,18-24,1.8,,,25.3,No
102301,2026-03-21,3,Marzo,12,Sábado,Sí,No,18:31,Noche,Centro,Mostrador,Snacks,Barra de granola,,1,5500,0,5500,Tarjeta crédito,Nuevo,35-44,6.1,,,25.3,No
102324,2026-03-21,3,Marzo,12,Sábado,Sí,No,20:31,Noche,Ciudad Jardín,Mostrador,Bebida fría,Limonada de coco,M,3,11000,5,31400,Efectivo,Fidelizado,55 o más,2.5,,,25.3,No
102308,2026-03-21,3,Marzo,12,Sábado,Sí,No,20:38,Noche,Granada,Mostrador,Café caliente,Tinto,M,1,3500,0,3500,Tarjeta crédito,Recurrente,35-44,4.0,,,25.3,No
102356,2026-03-22,3,Marzo,12,Domingo,Sí,No,06:01,Mañana,El Peñón,Mostrador,Panadería,Pandebono,,2,2500,0,5000,Tarjeta crédito,Nuevo,35-44,1.9,,,27.3,Sí
102354,2026-03-22,3,Marzo,12,Domingo,Sí,No,06:17,Mañana,El Peñón,App,Café caliente,Americano,L,2,6900,15,11700,Tarjeta débito,Nuevo,25-34,3.1,4,Me encanta el ambiente,27.3,Sí
102345,2026-03-22,3,Marzo,12,Domingo,Sí,No,06:37,Mañana,Ciudad Jardín,Mostrador,Snacks,Papas de paquete,,1,5000,5,4800,Tarjeta crédito,Fidelizado,25-34,2.4,5,,27.3,Sí
102353,2026-03-22,3,Marzo,12,Domingo,Sí,No,07:26,Mañana,El Peñón,Mostrador,Café caliente,Tinto,M,1,3500,0,3500,Efectivo,Recurrente,35-44,3.4,,,27.3,Sí
102332,2026-03-22,3,Marzo,12,Domingo,Sí,No,07:53,Mañana,Granada,Mostrador,Panadería,Pandebono,,2,2500,0,5000,Billetera digital,Recurrente,35-44,7.8,,,27.3,Sí
102339,2026-03-22,3,Marzo,12,Domingo,Sí,No,07:57,Mañana,San Antonio,App,Café caliente,Latte,S,1,7600,15,6500,Tarjeta débito,Nuevo,25-34,2.1,,,27.3,Sí
102355,2026-03-22,3,Marzo,12,Domingo,Sí,No,08:02,Mañana,El Peñón,App,Café caliente,Chocolate caliente,M,1,8000,15,6800,Billetera digital,Nuevo,18-24,4.3,,,27.3,Sí
102333,2026-03-22,3,Marzo,12,Domingo,Sí,No,08:26,Mañana,Granada,Mostrador,Snacks,Barra de granola,,1,5500,0,5500,Tarjeta débito,Recurrente,18-24,3.4,,,27.3,Sí
102348,2026-03-22,3,Marzo,12,Domingo,Sí,No,09:07,Mañana,Ciudad Jardín,Mostrador,Café caliente,Americano,M,2,5500,0,11000,Tarjeta crédito,Recurrente,Menos de 18,2.9,,,27.3,Sí
102344,2026-03-22,3,Marzo,12,Domingo,Sí,No,09:16,Mañana,Ciudad Jardín,Domicilio,Café caliente,Mocaccino,M,1,9500,5,9000,Tarjeta crédito,Fidelizado,35-44,,,,27.3,Sí
102346,2026-03-22,3,Marzo,12,Domingo,Sí,No,10:10,Media mañana,Ciudad Jardín,Mostrador,Café caliente,Capuchino,M,3,8500,0,25500,Billetera digital,Recurrente,35-44,5.0,,,27.3,Sí
102342,2026-03-22,3,Marzo,12,Domingo,Sí,No,10:14,Media mañana,San Antonio,Mostrador,Bebida fría,Té helado,L,1,9400,0,9400,Efectivo,Recurrente,18-24,2.5,,,27.3,Sí
102334,2026-03-22,3,Marzo,12,Domingo,Sí,No,10:15,Media mañana,Granada,Mostrador,Snacks,Barra de granola,,3,5500,0,16500,Billetera digital,Recurrente,18-24,13.3,3,,27.3,Sí
102331,2026-03-22,3,Marzo,12,Domingo,Sí,No,10:45,Media mañana,Granada,Mostrador,Bebida fría,Limonada de coco,M,1,11000,0,11000,Tarjeta débito,Recurrente,25-34,4.1,4,,27.3,Sí
102349,2026-03-22,3,Marzo,12,Domingo,Sí,No,10:48,Media mañana,El Peñón,Mostrador,Almuerzo,Ensalada César,,1,19500,0,19500,Billetera digital,Nuevo,18-24,5.6,,,27.3,Sí
102350,2026-03-22,3,Marzo,12,Domingo,Sí,No,11:25,Media mañana,El Peñón,App,Snacks,Empanada,,3,3500,15,8900,Billetera digital,Nuevo,45-54,2.3,4,Rico pero un poco demorado,27.3,Sí
102352,2026-03-22,3,Marzo,12,Domingo,Sí,No,12:12,Almuerzo,El Peñón,Mostrador,Café caliente,Tinto,S,1,3000,0,3000,Efectivo,Nuevo,Menos de 18,5.2,,,27.3,Sí
102347,2026-03-22,3,Marzo,12,Domingo,Sí,No,13:16,Almuerzo,Ciudad Jardín,Mostrador,Snacks,Papas de paquete,,3,5000,5,14200,Tarjeta crédito,Fidelizado,25-34,3.5,,,27.3,Sí
102341,2026-03-22,3,Marzo,12,Domingo,Sí,No,13:17,Almuerzo,San Antonio,Mostrador,Almuerzo,Wrap de pollo,,1,18500,0,18500,Efectivo,Recurrente,18-24,2.1,,,27.3,Sí
102340,2026-03-22,3,Marzo,12,Domingo,Sí,No,13:52,Almuerzo,San Antonio,Domicilio,Almuerzo,Wrap de pollo,,3,18500,5,52700,Efectivo,Fidelizado,35-44,,,,27.3,Sí
102336,2026-03-22,3,Marzo,12,Domingo,Sí,No,14:31,Tarde,Granada,App,Panadería,Buñuelo,,2,2200,15,3700,Billetera digital,Fidelizado,25-34,1.9,5,,27.3,Sí
102330,2026-03-22,3,Marzo,12,Domingo,Sí,No,14:51,Tarde,Granada,Mostrador,Almuerzo,Wrap de pollo,,1,18500,0,18500,Tarjeta crédito,Recurrente,18-24,3.1,,,27.3,Sí
102338,2026-03-22,3,Marzo,12,Domingo,Sí,No,15:23,Tarde,San Antonio,Mostrador,Bebida fría,Cold brew,M,2,10500,0,21000,Billetera digital,Recurrente,25-34,2.4,,,27.3,Sí
102343,2026-03-22,3,Marzo,12,Domingo,Sí,No,16:11,Tarde,San Antonio,Mostrador,Snacks,Empanada,,1,3500,0,3500,Tarjeta débito,Nuevo,25-34,1.7,,,27.3,Sí
102337,2026-03-22,3,Marzo,12,Domingo,Sí,No,16:36,Tarde,San Antonio,App,Panadería,Croissant,,2,6500,15,11000,Tarjeta crédito,Recurrente,18-24,1.0,3,,27.3,Sí
102351,2026-03-22,3,Marzo,12,Domingo,Sí,No,19:40,Noche,El Peñón,Mostrador,Café caliente,Americano,M,1,5500,0,5500,Tarjeta débito,Recurrente,35-44,3.7,5,,27.3,Sí
102335,2026-03-22,3,Marzo,12,Domingo,Sí,No,19:50,Noche,Granada,Mostrador,Panadería,Buñuelo,,1,2200,0,2200,Billetera digital,Recurrente,25-34,3.1,5,Buen precio por el tamaño,27.3,Sí
102329,2026-03-22,3,Marzo,12,Domingo,Sí,No,19:53,Noche,Granada,Mostrador,Snacks,Papas de paquete,,1,5000,0,5000,Tarjeta débito,Nuevo,25-34,3.2,3,,27.3,Sí
102358,2026-03-23,3,Marzo,13,Lunes,No,Sí,06:08,Mañana,Granada,Mostrador,Panadería,Pandebono,,3,2500,0,7500,Efectivo,Recurrente,25-34,3.0,,,30.4,Sí
102369,2026-03-23,3,Marzo,13,Lunes,No,Sí,06:32,Mañana,Granada,Mostrador,Café caliente,Chocolate caliente,M,2,8000,0,16000,Billetera digital,Recurrente,25-34,4.5,,,30.4,Sí
102364,2026-03-23,3,Marzo,13,Lunes,No,Sí,06:58,Mañana,Granada,Mostrador,Café caliente,Capuchino,M,4,8500,5,32300,Tarjeta crédito,Fidelizado,25-34,3.6,,,30.4,Sí
102376,2026-03-23,3,Marzo,13,Lunes,No,Sí,07:11,Mañana,Ciudad Jardín,Domicilio,Café caliente,Capuchino,S,1,7200,0,7200,Tarjeta débito,Recurrente,45-54,,4,El pandebono estaba recién hecho,30.4,Sí
102359,2026-03-23,3,Marzo,13,Lunes,No,Sí,07:28,Mañana,Granada,Mostrador,Panadería,Croissant,,1,6500,5,6200,Tarjeta débito,Fidelizado,25-34,5.7,,,30.4,Sí
102360,2026-03-23,3,Marzo,13,Lunes,No,Sí,07:57,Mañana,Granada,Mostrador,Café caliente,Mocaccino,S,1,8100,0,8100,Tarjeta crédito,Recurrente,18-24,11.8,,,30.4,Sí
102366,2026-03-23,3,Marzo,13,Lunes,No,Sí,08:17,Mañana,Granada,Domicilio,Panadería,Pandebono,,4,2500,0,10000,Tarjeta débito,Recurrente,45-54,,,,30.4,Sí
102361,2026-03-23,3,Marzo,13,Lunes,No,Sí,08:21,Mañana,Granada,Mostrador,Snacks,Empanada,,1,3500,0,3500,Efectivo,Recurrente,25-34,3.5,,,30.4,Sí
102357,2026-03-23,3,Marzo,13,Lunes,No,Sí,08:49,Mañana,Granada,Domicilio,Café caliente,Latte,M,1,9000,5,8600,Billetera digital,Fidelizado,18-24,,,,30.4,Sí
102371,2026-03-23,3,Marzo,13,Lunes,No,Sí,09:13,Mañana,San Antonio,Mostrador,Panadería,Muffin,,1,7000,0,7000,Tarjeta crédito,Recurrente,35-44,2.5,,,30.4,Sí
102373,2026-03-23,3,Marzo,13,Lunes,No,Sí,09:16,Mañana,Ciudad Jardín,Mostrador,Café caliente,Mocaccino,M,1,9500,0,9500,Efectivo,Nuevo,45-54,3.7,5,,30.4,Sí
102365,2026-03-23,3,Marzo,13,Lunes,No,Sí,09:25,Mañana,Granada,App,Café caliente,Tinto,M,1,3500,15,3000,Billetera digital,Recurrente,25-34,4.0,,,30.4,Sí
102377,2026-03-23,3,Marzo,13,Lunes,No,Sí,09:27,Mañana,El Peñón,Mostrador,Café caliente,Chocolate caliente,M,2,8000,0,16000,Billetera digital,Nuevo,25-34,4.7,5,,30.4,Sí
102381,2026-03-23,3,Marzo,13,Lunes,No,Sí,10:19,Media mañana,El Peñón,Mostrador,Almuerzo,Sándwich cubano,,1,21000,5,20000,Efectivo,Fidelizado,35-44,2.6,,,30.4,Sí
102385,2026-03-23,3,Marzo,13,Lunes,No,Sí,11:01,Media mañana,El Peñón,App,Café caliente,Capuchino,M,1,8500,15,7200,Tarjeta crédito,Recurrente,25-34,1.4,,,30.4,Sí
102378,2026-03-23,3,Marzo,13,Lunes,No,Sí,11:03,Media mañana,El Peñón,Mostrador,Café caliente,Latte,S,1,7600,5,7200,Tarjeta débito,Fidelizado,45-54,6.3,4,,30.4,Sí
102362,2026-03-23,3,Marzo,13,Lunes,No,Sí,11:14,Media mañana,Granada,Mostrador,Almuerzo,Wrap de pollo,,1,18500,0,18500,Tarjeta débito,Recurrente,55 o más,9.6,3,"Bien, pero podría mejorar",30.4,Sí
102380,2026-03-23,3,Marzo,13,Lunes,No,Sí,11:39,Media mañana,El Peñón,Mostrador,Café caliente,Americano,M,1,5500,0,5500,Billetera digital,Recurrente,25-34,2.8,5,Buen precio por el tamaño,30.4,Sí
102367,2026-03-23,3,Marzo,13,Lunes,No,Sí,11:46,Media mañana,Granada,Mostrador,Café caliente,Tinto,M,1,3500,0,3500,Tarjeta débito,Recurrente,18-24,8.8,3,,30.4,Sí
102375,2026-03-23,3,Marzo,13,Lunes,No,Sí,14:23,Tarde,Ciudad Jardín,Mostrador,Panadería,Pandebono,,3,2500,0,7500,Billetera digital,Recurrente,35-44,5.1,5,,30.4,Sí
102384,2026-03-23,3,Marzo,13,Lunes,No,Sí,14:25,Tarde,El Peñón,Domicilio,Bebida fría,Jugo natural,S,1,7200,0,7200,Tarjeta crédito,Recurrente,18-24,,,,30.4,Sí
102374,2026-03-23,3,Marzo,13,Lunes,No,Sí,14:45,Tarde,Ciudad Jardín,Mostrador,Snacks,Empanada,,3,3500,5,10000,Efectivo,Fidelizado,45-54,2.4,,,30.4,Sí
102379,2026-03-23,3,Marzo,13,Lunes,No,Sí,15:01,Tarde,El Peñón,Mostrador,Café caliente,Americano,L,2,6900,5,13100,Efectivo,Fidelizado,25-34,4.3,5,Muy buen café,30.4,Sí
102383,2026-03-23,3,Marzo,13,Lunes,No,Sí,15:49,Tarde,El Peñón,Mostrador,Panadería,Buñuelo,,1,2200,0,2200,Billetera digital,Nuevo,18-24,8.9,5,,30.4,Sí
102382,2026-03-23,3,Marzo,13,Lunes,No,Sí,16:00,Tarde,El Peñón,Domicilio,Café caliente,Tinto,M,1,3500,0,3500,Efectivo,Recurrente,35-44,,4,,30.4,Sí
102368,2026-03-23,3,Marzo,13,Lunes,No,Sí,17:47,Tarde,Granada,Mostrador,Café caliente,Capuchino,S,1,7200,0,7200,Billetera digital,Recurrente,25-34,1.6,5,,30.4,Sí
102372,2026-03-23,3,Marzo,13,Lunes,No,Sí,17:56,Tarde,San Antonio,Domicilio,Bebida fría,Frappé de café,L,1,15600,0,15600,Billetera digital,Nuevo,25-34,,,,30.4,Sí
102370,2026-03-23,3,Marzo,13,Lunes,No,Sí,19:05,Noche,San Antonio,Mostrador,Bebida fría,Limonada de coco,S,2,9400,5,17900,Tarjeta débito,Fidelizado,Menos de 18,3.6,4,,30.4,Sí
102363,2026-03-23,3,Marzo,13,Lunes,No,Sí,19:56,Noche,Granada,Domicilio,Snacks,Papas de paquete,,2,5000,0,10000,Billetera digital,Nuevo,25-34,,,,30.4,Sí
102405,2026-03-24,3,Marzo,13,Martes,No,No,06:16,Mañana,San Antonio,Mostrador,Panadería,Pandebono,,1,2500,5,2400,Billetera digital,Fidelizado,18-24,3.8,,,27.2,No
102388,2026-03-24,3,Marzo,13,Martes,No,No,06:24,Mañana,Centro,App,Café caliente,Latte,M,1,9000,15,7600,Billetera digital,Recurrente,18-24,1.1,,,27.2,No
102386,2026-03-24,3,Marzo,13,Martes,No,No,06:31,Mañana,Centro,Mostrador,Café caliente,Latte,S,2,7600,0,15200,Tarjeta débito,Recurrente,25-34,8.8,,,27.2,No
102408,2026-03-24,3,Marzo,13,Martes,No,No,06:47,Mañana,Ciudad Jardín,Mostrador,Café caliente,Tinto,M,1,3500,0,3500,Tarjeta débito,Nuevo,25-34,4.9,4,,27.2,No
102390,2026-03-24,3,Marzo,13,Martes,No,No,06:55,Mañana,Centro,Domicilio,Café caliente,Latte,L,3,11200,0,33600,Billetera digital,Nuevo,18-24,,,,27.2,No
102392,2026-03-24,3,Marzo,13,Martes,No,No,07:00,Mañana,Centro,App,Café caliente,Mocaccino,M,2,9500,15,16200,Tarjeta crédito,Fidelizado,45-54,4.5,,,27.2,No
102387,2026-03-24,3,Marzo,13,Martes,No,No,07:26,Mañana,Centro,Mostrador,Café caliente,Tinto,L,1,4400,0,4400,Billetera digital,Nuevo,35-44,4.5,5,Rápido y amable,27.2,No
102411,2026-03-24,3,Marzo,13,Martes,No,No,07:55,Mañana,El Peñón,Domicilio,Café caliente,Latte,M,1,9000,0,9000,Tarjeta débito,Recurrente,35-44,,,,27.2,No
102409,2026-03-24,3,Marzo,13,Martes,No,No,08:00,Mañana,Ciudad Jardín,Mostrador,Bebida fría,Cold brew,L,1,13100,0,13100,Efectivo,Recurrente,45-54,11.1,,,27.2,No
102404,2026-03-24,3,Marzo,13,Martes,No,No,08:07,Mañana,San Antonio,Domicilio,Panadería,Buñuelo,,1,2200,5,2100,Tarjeta débito,Fidelizado,25-34,,,,27.2,No
102391,2026-03-24,3,Marzo,13,Martes,No,No,08:23,Mañana,Centro,Mostrador,Panadería,Pandebono,,4,2500,0,10000,Efectivo,Nuevo,25-34,10.2,,,27.2,No
102393,2026-03-24,3,Marzo,13,Martes,No,No,08:49,Mañana,Centro,Mostrador,Panadería,Buñuelo,,1,2200,5,2100,Efectivo,Fidelizado,35-44,12.6,4,Me encanta el ambiente,27.2,No
102413,2026-03-24,3,Marzo,13,Martes,No,No,09:28,Mañana,El Peñón,Mostrador,Café caliente,Tinto,M,1,3500,0,3500,Tarjeta crédito,Recurrente,25-34,6.7,4,,27.2,No
102398,2026-03-24,3,Marzo,13,Martes,No,No,09:54,Mañana,Granada,Mostrador,Café caliente,Americano,M,4,5500,0,22000,Tarjeta crédito,Nuevo,18-24,3.5,,,27.2,No
102407,2026-03-24,3,Marzo,13,Martes,No,No,10:15,Media mañana,Ciudad Jardín,Mostrador,Bebida fría,Jugo natural,L,1,10600,0,10600,Efectivo,Recurrente,45-54,2.7,,,27.2,No
102396,2026-03-24,3,Marzo,13,Martes,No,No,11:26,Media mañana,Granada,Mostrador,Panadería,Pandebono,,1,2500,0,2500,Efectivo,Nuevo,25-34,4.1,4,,27.2,No
102403,2026-03-24,3,Marzo,13,Martes,No,No,11:31,Media mañana,San Antonio,Mostrador,Café caliente,Mocaccino,S,1,8100,0,8100,Tarjeta crédito,Nuevo,18-24,2.7,,,27.2,No
102399,2026-03-24,3,Marzo,13,Martes,No,No,12:02,Almuerzo,San Antonio,App,Café caliente,Capuchino,L,2,10600,15,18000,Billetera digital,Recurrente,18-24,2.9,4,,27.2,No
102395,2026-03-24,3,Marzo,13,Martes,No,No,12:06,Almuerzo,Centro,Mostrador,Almuerzo,Sándwich cubano,,1,21000,0,21000,Billetera digital,Recurrente,18-24,18.1,,,27.2,No
102394,2026-03-24,3,Marzo,13,Martes,No,No,12:22,Almuerzo,Centro,Mostrador,Almuerzo,Wrap de pollo,,1,18500,0,18500,Billetera digital,Nuevo,18-24,18.1,,,27.2,No
102389,2026-03-24,3,Marzo,13,Martes,No,No,12:32,Almuerzo,Centro,App,Snacks,Galletas,,1,4500,15,3800,Tarjeta débito,Recurrente,45-54,5.4,5,El pandebono estaba recién hecho,27.2,No
102400,2026-03-24,3,Marzo,13,Martes,No,No,13:57,Almuerzo,San Antonio,Mostrador,Snacks,Empanada,,2,3500,0,7000,Tarjeta crédito,Recurrente,25-34,6.4,4,Muy buen café,27.2,No
102406,2026-03-24,3,Marzo,13,Martes,No,No,16:03,Tarde,San Antonio,Mostrador,Panadería,Muffin,,1,7000,0,7000,Billetera digital,Recurrente,18-24,5.6,5,,27.2,No
102414,2026-03-24,3,Marzo,13,Martes,No,No,17:43,Tarde,El Peñón,App,Panadería,Buñuelo,,2,2200,15,3700,Billetera digital,Nuevo,45-54,1.4,,,27.2,No
102410,2026-03-24,3,Marzo,13,Martes,No,No,18:19,Noche,Ciudad Jardín,Mostrador,Bebida fría,Frappé de café,L,3,15600,5,44500,Tarjeta débito,Fidelizado,55 o más,3.5,5,,27.2,No
102412,2026-03-24,3,Marzo,13,Martes,No,No,19:06,Noche,El Peñón,Mostrador,Snacks,Galletas,,3,4500,0,13500,Billetera digital,Recurrente,25-34,8.6,,,27.2,No
102402,2026-03-24,3,Marzo,13,Martes,No,No,19:08,Noche,San Antonio,Mostrador,Snacks,Papas de paquete,,1,5000,0,5000,Efectivo,Recurrente,18-24,1.0,,,27.2,No
102397,2026-03-24,3,Marzo,13,Martes,No,No,19:40,Noche,Granada,Mostrador,Panadería,Pandebono,,1,2500,5,2400,Tarjeta débito,Fidelizado,25-34,2.6,,,27.2,No
102401,2026-03-24,3,Marzo,13,Martes,No,No,20:24,Noche,San Antonio,Domicilio,Café caliente,Chocolate caliente,M,1,8000,0,8000,Tarjeta crédito,Recurrente,18-24,,,,27.2,No
102415,2026-03-25,3,Marzo,13,Miércoles,No,No,06:00,Mañana,Centro,Mostrador,Café caliente,Chocolate caliente,L,1,10000,0,10000,Billetera digital,Recurrente,18-24,7.7,,,27.2,No
102416,2026-03-25,3,Marzo,13,Miércoles,No,No,06:33,Mañana,Centro,Mostrador,Café caliente,Tinto,M,1,3500,0,3500,Tarjeta débito,Recurrente,18-24,7.1,,,27.2,No
102423,2026-03-25,3,Marzo,13,Miércoles,No,No,06:58,Mañana,Centro,Mostrador,Café caliente,Capuchino,M,2,8500,0,17000,Tarjeta débito,Nuevo,35-44,7.3,,,27.2,No
102419,2026-03-25,3,Marzo,13,Miércoles,No,No,07:09,Mañana,Centro,Domicilio,Snacks,Empanada,,1,3500,0,3500,Billetera digital,Recurrente,25-34,,,,27.2,No
102418,2026-03-25,3,Marzo,13,Miércoles,No,No,07:48,Mañana,Centro,Mostrador,Café caliente,Tinto,S,1,3000,0,3000,Billetera digital,Recurrente,45-54,9.5,,,27.2,No
102422,2026-03-25,3,Marzo,13,Miércoles,No,No,07:50,Mañana,Centro,Mostrador,Bebida fría,Jugo natural,M,3,8500,0,25500,Tarjeta crédito,Nuevo,35-44,11.4,,,27.2,No
102433,2026-03-25,3,Marzo,13,Miércoles,No,No,07:50,Mañana,Ciudad Jardín,Mostrador,Café caliente,Americano,M,2,5500,5,10400,Efectivo,Fidelizado,45-54,3.9,4,Normal,27.2,No
102429,2026-03-25,3,Marzo,13,Miércoles,No,No,08:40,Mañana,San Antonio,App,Panadería,Croissant,,1,6500,15,5500,Billetera digital,Recurrente,35-44,1.2,,,27.2,No
102421,2026-03-25,3,Marzo,13,Miércoles,No,No,09:49,Mañana,Centro,Mostrador,Café caliente,Latte,S,2,7600,0,15200,Efectivo,Nuevo,45-54,6.4,,,27.2,No
102420,2026-03-25,3,Marzo,13,Miércoles,No,No,10:36,Media mañana,Centro,Mostrador,Café caliente,Tinto,M,2,3500,0,7000,Tarjeta débito,Recurrente,35-44,1.8,,,27.2,No
102427,2026-03-25,3,Marzo,13,Miércoles,No,No,11:53,Media mañana,San Antonio,Mostrador,Café caliente,Americano,M,2,5500,0,11000,Tarjeta crédito,Recurrente,18-24,6.4,,,27.2,No
102431,2026-03-25,3,Marzo,13,Miércoles,No,No,12:46,Almuerzo,Ciudad Jardín,App,Snacks,Empanada,,2,3500,15,6000,Billetera digital,Nuevo,45-54,7.4,,,27.2,No
102417,2026-03-25,3,Marzo,13,Miércoles,No,No,12:59,Almuerzo,Centro,Mostrador,Almuerzo,Wrap de pollo,,1,18500,0,18500,Tarjeta débito,Recurrente,35-44,14.1,,,27.2,No
102434,2026-03-25,3,Marzo,13,Miércoles,No,No,13:34,Almuerzo,Ciudad Jardín,Mostrador,Bebida fría,Té helado,L,1,9400,0,9400,Tarjeta débito,Recurrente,45-54,6.9,,,27.2,No
102425,2026-03-25,3,Marzo,13,Miércoles,No,No,13:49,Almuerzo,San Antonio,Mostrador,Almuerzo,Sándwich cubano,,1,21000,0,21000,Tarjeta débito,Recurrente,25-34,9.3,4,,27.2,No
102432,2026-03-25,3,Marzo,13,Miércoles,No,No,15:21,Tarde,Ciudad Jardín,Mostrador,Panadería,Croissant,,2,6500,0,13000,Tarjeta débito,Nuevo,35-44,3.8,4,,27.2,No
102436,2026-03-25,3,Marzo,13,Miércoles,No,No,15:25,Tarde,Ciudad Jardín,Mostrador,Snacks,Empanada,,2,3500,5,6600,Tarjeta crédito,Fidelizado,25-34,3.1,,,27.2,No
102435,2026-03-25,3,Marzo,13,Miércoles,No,No,16:29,Tarde,Ciudad Jardín,App,Café caliente,Capuchino,M,1,8500,15,7200,Tarjeta débito,Recurrente,18-24,2.4,,,27.2,No
102428,2026-03-25,3,Marzo,13,Miércoles,No,No,18:03,Noche,San Antonio,Mostrador,Café caliente,Latte,M,2,9000,0,18000,Efectivo,Recurrente,18-24,1.8,,,27.2,No
102426,2026-03-25,3,Marzo,13,Miércoles,No,No,18:06,Noche,San Antonio,Mostrador,Bebida fría,Limonada de coco,S,3,9400,5,26800,Tarjeta crédito,Fidelizado,25-34,6.8,,,27.2,No
102424,2026-03-25,3,Marzo,13,Miércoles,No,No,19:21,Noche,Granada,Mostrador,Panadería,Muffin,,1,7000,5,6600,Tarjeta débito,Fidelizado,25-34,1.5,5,Muy buen café,27.2,No
102430,2026-03-25,3,Marzo,13,Miércoles,No,No,19:28,Noche,Ciudad Jardín,Domicilio,Bebida fría,Limonada de coco,L,1,13800,5,13100,Billetera digital,Fidelizado,25-34,,5,Rápido y amable,27.2,No
102469,2026-03-26,3,Marzo,13,Jueves,No,No,06:13,Mañana,Ciudad Jardín,App,Panadería,Muffin,,1,7000,15,6000,Tarjeta crédito,Nuevo,45-54,2.1,,,29.5,No
102447,2026-03-26,3,Marzo,13,Jueves,No,No,06:17,Mañana,Centro,Mostrador,Bebida fría,Frappé de café,S,1,10600,5,10100,Tarjeta débito,Fidelizado,35-44,6.4,,,29.5,No
102437,2026-03-26,3,Marzo,13,Jueves,No,No,06:25,Mañana,Centro,Mostrador,Panadería,Torta de zanahoria,,2,9000,0,18000,Billetera digital,Nuevo,35-44,4.4,,,29.5,No
102464,2026-03-26,3,Marzo,13,Jueves,No,No,06:50,Mañana,San Antonio,Mostrador,Snacks,Barra de granola,,1,5500,0,5500,Efectivo,Nuevo,18-24,3.0,,,29.5,No
102459,2026-03-26,3,Marzo,13,Jueves,No,No,07:11,Mañana,San Antonio,Mostrador,Café caliente,Tinto,M,2,3500,0,7000,Tarjeta débito,Recurrente,25-34,4.7,,,29.5,No
102471,2026-03-26,3,Marzo,13,Jueves,No,No,08:05,Mañana,El Peñón,Mostrador,Panadería,Muffin,,1,7000,0,7000,Tarjeta débito,Nuevo,18-24,4.4,,,29.5,No
102473,2026-03-26,3,Marzo,13,Jueves,No,No,08:10,Mañana,El Peñón,App,Panadería,Pandebono,,2,2500,15,4200,Billetera digital,Nuevo,25-34,3.3,,,29.5,No
102443,2026-03-26,3,Marzo,13,Jueves,No,No,08:18,Mañana,Centro,Mostrador,Snacks,Barra de granola,,1,5500,0,5500,Tarjeta débito,Nuevo,25-34,3.4,,,29.5,No
102449,2026-03-26,3,Marzo,13,Jueves,No,No,08:20,Mañana,Granada,Mostrador,Café caliente,Tinto,M,3,3500,0,10500,Tarjeta débito,Recurrente,Menos de 18,3.9,,,29.5,No
102439,2026-03-26,3,Marzo,13,Jueves,No,No,08:43,Mañana,Centro,Mostrador,Snacks,Papas de paquete,,2,5000,0,10000,Billetera digital,Recurrente,25-34,6.9,,,29.5,No
102463,2026-03-26,3,Marzo,13,Jueves,No,No,08:46,Mañana,San Antonio,Mostrador,Panadería,Buñuelo,,2,2200,0,4400,Tarjeta crédito,Recurrente,45-54,5.8,5,Excelente atención,29.5,No
102455,2026-03-26,3,Marzo,13,Jueves,No,No,09:18,Mañana,Granada,Mostrador,Panadería,Buñuelo,,2,2200,0,4400,Billetera digital,Recurrente,25-34,4.6,4,,29.5,No
102444,2026-03-26,3,Marzo,13,Jueves,No,No,10:02,Media mañana,Centro,Mostrador,Panadería,Pandebono,,1,2500,0,2500,Efectivo,Nuevo,35-44,3.3,,,29.5,No
102460,2026-03-26,3,Marzo,13,Jueves,No,No,10:02,Media mañana,San Antonio,Domicilio,Almuerzo,Ensalada César,,2,19500,0,39000,Tarjeta crédito,Recurrente,25-34,,,,29.5,No
102456,2026-03-26,3,Marzo,13,Jueves,No,No,10:34,Media mañana,Granada,Mostrador,Snacks,Empanada,,3,3500,0,10500,Billetera digital,Recurrente,Menos de 18,3.5,,,29.5,No
102446,2026-03-26,3,Marzo,13,Jueves,No,No,11:12,Media mañana,Centro,Mostrador,Snacks,Papas de paquete,,1,5000,0,5000,Billetera digital,Nuevo,35-44,2.0,,,29.5,No
102472,2026-03-26,3,Marzo,13,Jueves,No,No,11:40,Media mañana,El Peñón,Mostrador,Café caliente,Latte,M,3,9000,0,27000,Billetera digital,Recurrente,45-54,5.0,4,,29.5,No
102468,2026-03-26,3,Marzo,13,Jueves,No,No,12:45,Almuerzo,Ciudad Jardín,Mostrador,Almuerzo,Wrap de pollo,,4,18500,5,70300,Efectivo,Fidelizado,45-54,2.0,,,29.5,No
102441,2026-03-26,3,Marzo,13,Jueves,No,No,12:47,Almuerzo,Centro,Mostrador,Almuerzo,Bowl vegetariano,,1,22000,0,22000,Billetera digital,Recurrente,25-34,10.9,4,Buen precio por el tamaño,29.5,No
102438,2026-03-26,3,Marzo,13,Jueves,No,No,12:55,Almuerzo,Centro,Mostrador,Bebida fría,Limonada de coco,M,2,11000,0,22000,Efectivo,Nuevo,25-34,19.6,1,,29.5,No
102451,2026-03-26,3,Marzo,13,Jueves,No,No,13:02,Almuerzo,Granada,Domicilio,Bebida fría,Jugo natural,M,1,8500,5,8100,Efectivo,Fidelizado,45-54,,,,29.5,No
102461,2026-03-26,3,Marzo,13,Jueves,No,No,13:16,Almuerzo,San Antonio,Domicilio,Almuerzo,Wrap de pollo,,2,18500,0,37000,Tarjeta débito,Recurrente,Menos de 18,,5,,29.5,No
102442,2026-03-26,3,Marzo,13,Jueves,No,No,13:36,Almuerzo,Centro,Mostrador,Bebida fría,Frappé de café,M,1,12500,0,12500,Tarjeta crédito,Nuevo,35-44,13.6,,,29.5,No
102448,2026-03-26,3,Marzo,13,Jueves,No,No,14:31,Tarde,Centro,Mostrador,Bebida fría,Limonada de coco,L,1,13800,0,13800,Billetera digital,Recurrente,25-34,3.5,4,Rápido y amable,29.5,No
102465,2026-03-26,3,Marzo,13,Jueves,No,No,15:08,Tarde,San Antonio,Mostrador,Bebida fría,Jugo natural,M,1,8500,0,8500,Efectivo,Recurrente,18-24,3.0,4,,29.5,No
102462,2026-03-26,3,Marzo,13,Jueves,No,No,15:53,Tarde,San Antonio,Mostrador,Café caliente,Mocaccino,M,3,9500,0,28500,Efectivo,Recurrente,25-34,2.5,,,29.5,No
102450,2026-03-26,3,Marzo,13,Jueves,No,No,16:36,Tarde,Granada,Domicilio,Panadería,Pandebono,,3,2500,0,7500,Tarjeta débito,Nuevo,45-54,,4,La app funciona bien,29.5,No
102445,2026-03-26,3,Marzo,13,Jueves,No,No,17:18,Tarde,Centro,Mostrador,Café caliente,Tinto,L,1,4400,0,4400,Tarjeta débito,Recurrente,35-44,1.6,,,29.5,No
102453,2026-03-26,3,Marzo,13,Jueves,No,No,17:30,Tarde,Granada,Mostrador,Café caliente,Mocaccino,S,2,8100,5,15400,Efectivo,Fidelizado,18-24,2.1,,,29.5,No
102457,2026-03-26,3,Marzo,13,Jueves,No,No,17:30,Tarde,San Antonio,Domicilio,Café caliente,Latte,S,2,7600,5,14400,Efectivo,Fidelizado,45-54,,,,29.5,No
102467,2026-03-26,3,Marzo,13,Jueves,No,No,17:31,Tarde,Ciudad Jardín,Mostrador,Bebida fría,Frappé de café,L,2,15600,0,31200,Efectivo,Recurrente,55 o más,1.7,,,29.5,No
102458,2026-03-26,3,Marzo,13,Jueves,No,No,18:16,Noche,San Antonio,Mostrador,Café caliente,Tinto,M,3,3500,5,10000,Efectivo,Fidelizado,25-34,3.2,5,El pandebono estaba recién hecho,29.5,No
102452,2026-03-26,3,Marzo,13,Jueves,No,No,18:22,Noche,Granada,Mostrador,Bebida fría,Té helado,M,3,7500,5,21400,Tarjeta débito,Fidelizado,25-34,3.3,,,29.5,No
102454,2026-03-26,3,Marzo,13,Jueves,No,No,18:45,Noche,Granada,App,Panadería,Pandebono,,1,2500,15,2100,Tarjeta crédito,Fidelizado,18-24,3.0,,,29.5,No
102440,2026-03-26,3,Marzo,13,Jueves,No,No,19:16,Noche,Centro,Mostrador,Panadería,Pandebono,,2,2500,0,5000,Efectivo,Nuevo,55 o más,2.2,3,Bueno,29.5,No
102470,2026-03-26,3,Marzo,13,Jueves,No,No,20:16,Noche,Ciudad Jardín,Mostrador,Café caliente,Tinto,M,2,3500,0,7000,Efectivo,Recurrente,45-54,3.2,5,El pandebono estaba recién hecho,29.5,No
102466,2026-03-26,3,Marzo,13,Jueves,No,No,20:35,Noche,San Antonio,Mostrador,Bebida fría,Limonada de coco,L,2,13800,0,27600,Billetera digital,Nuevo,Menos de 18,2.0,,,29.5,No
102505,2026-03-27,3,Marzo,13,Viernes,No,No,06:00,Mañana,El Peñón,Mostrador,Café caliente,Tinto,S,1,3000,0,3000,Billetera digital,Nuevo,25-34,5.9,,,28.3,Sí
102482,2026-03-27,3,Marzo,13,Viernes,No,No,06:11,Mañana,Centro,Mostrador,Café caliente,Tinto,M,4,3500,0,14000,Tarjeta débito,Nuevo,25-34,14.7,,,28.3,Sí
102495,2026-03-27,3,Marzo,13,Viernes,No,No,06:11,Mañana,San Antonio,Mostrador,Panadería,Pandebono,,1,2500,5,2400,Tarjeta crédito,Fidelizado,35-44,3.4,,,28.3,Sí
102475,2026-03-27,3,Marzo,13,Viernes,No,No,06:54,Mañana,Centro,Mostrador,Café caliente,Tinto,M,1,3500,0,3500,Efectivo,Nuevo,25-34,9.9,,,28.3,Sí
102478,2026-03-27,3,Marzo,13,Viernes,No,No,07:17,Mañana,Centro,Domicilio,Panadería,Buñuelo,,1,2200,5,2100,Tarjeta crédito,Fidelizado,25-34,,,,28.3,Sí
102479,2026-03-27,3,Marzo,13,Viernes,No,No,08:19,Mañana,Centro,Mostrador,Panadería,Pandebono,,1,2500,0,2500,Tarjeta débito,Nuevo,35-44,6.0,,,28.3,Sí
102506,2026-03-27,3,Marzo,13,Viernes,No,No,08:28,Mañana,El Peñón,Mostrador,Snacks,Empanada,,1,3500,0,3500,Billetera digital,Nuevo,25-34,3.7,,,28.3,Sí
102477,2026-03-27,3,Marzo,13,Viernes,No,No,08:40,Mañana,Centro,Mostrador,Snacks,Empanada,,2,3500,0,7000,Efectivo,Recurrente,25-34,9.8,,,28.3,Sí
102507,2026-03-27,3,Marzo,13,Viernes,No,No,08:46,Mañana,El Peñón,Mostrador,Panadería,Croissant,,1,6500,0,6500,Tarjeta débito,Nuevo,25-34,3.3,,,28.3,Sí
102486,2026-03-27,3,Marzo,13,Viernes,No,No,08:54,Mañana,Granada,Mostrador,Panadería,Pandebono,,2,2500,0,5000,Tarjeta crédito,Recurrente,25-34,5.8,,,28.3,Sí
102498,2026-03-27,3,Marzo,13,Viernes,No,No,09:31,Mañana,Ciudad Jardín,Domicilio,Panadería,Buñuelo,,2,2200,0,4400,Tarjeta débito,Recurrente,55 o más,,,,28.3,Sí
102489,2026-03-27,3,Marzo,13,Viernes,No,No,09:44,Mañana,Granada,App,Panadería,Buñuelo,,2,2200,15,3700,Tarjeta crédito,Nuevo,18-24,3.0,,,28.3,Sí
102497,2026-03-27,3,Marzo,13,Viernes,No,No,10:33,Media mañana,Ciudad Jardín,Domicilio,Café caliente,Latte,S,2,7600,0,15200,Efectivo,Nuevo,35-44,,,,28.3,Sí
102487,2026-03-27,3,Marzo,13,Viernes,No,No,10:39,Media mañana,Granada,Mostrador,Panadería,Torta de zanahoria,,5,9000,5,42800,Tarjeta débito,Fidelizado,18-24,1.8,4,,28.3,Sí
102484,2026-03-27,3,Marzo,13,Viernes,No,No,11:35,Media mañana,Centro,Domicilio,Café caliente,Americano,M,2,5500,0,11000,Billetera digital,Recurrente,25-34,,,,28.3,Sí
102481,2026-03-27,3,Marzo,13,Viernes,No,No,11:37,Media mañana,Centro,Mostrador,Snacks,Empanada,,1,3500,0,3500,Efectivo,Nuevo,25-34,3.7,,,28.3,Sí
102483,2026-03-27,3,Marzo,13,Viernes,No,No,12:37,Almuerzo,Centro,Domicilio,Café caliente,Capuchino,M,3,8500,0,25500,Billetera digital,Recurrente,Menos de 18,,,,28.3,Sí
102491,2026-03-27,3,Marzo,13,Viernes,No,No,12:39,Almuerzo,San Antonio,Mostrador,Café caliente,Tinto,M,1,3500,5,3300,Efectivo,Fidelizado,18-24,3.2,5,,28.3,Sí
102476,2026-03-27,3,Marzo,13,Viernes,No,No,12:41,Almuerzo,Centro,Mostrador,Café caliente,Americano,M,1,5500,0,5500,Tarjeta débito,Recurrente,45-54,13.3,,,28.3,Sí
102480,2026-03-27,3,Marzo,13,Viernes,No,No,12:42,Almuerzo,Centro,Mostrador,Snacks,Empanada,,2,3500,0,7000,Billetera digital,Recurrente,25-34,9.7,5,Muy buen café,28.3,Sí
102502,2026-03-27,3,Marzo,13,Viernes,No,No,12:42,Almuerzo,El Peñón,App,Almuerzo,Wrap de pollo,,1,18500,15,15700,Billetera digital,Recurrente,45-54,7.4,,,28.3,Sí
102485,2026-03-27,3,Marzo,13,Viernes,No,No,12:47,Almuerzo,Centro,App,Café caliente,Tinto,S,1,3000,15,2600,Tarjeta crédito,Recurrente,18-24,7.6,5,Rápido y amable,28.3,Sí
102488,2026-03-27,3,Marzo,13,Viernes,No,No,12:51,Almuerzo,Granada,Domicilio,Almuerzo,Sándwich cubano,,2,21000,0,42000,Tarjeta crédito,Nuevo,35-44,,,,28.3,Sí
102496,2026-03-27,3,Marzo,13,Viernes,No,No,12:54,Almuerzo,Ciudad Jardín,Domicilio,Almuerzo,Bowl vegetariano,,2,22000,0,44000,Tarjeta crédito,Recurrente,35-44,,,,28.3,Sí
102474,2026-03-27,3,Marzo,13,Viernes,No,No,13:26,Almuerzo,Centro,Domicilio,Almuerzo,Sándwich cubano,,1,21000,5,20000,Billetera digital,Fidelizado,18-24,,,,28.3,Sí
102508,2026-03-27,3,Marzo,13,Viernes,No,No,13:31,Almuerzo,El Peñón,Mostrador,Almuerzo,Sándwich cubano,,1,21000,0,21000,Tarjeta crédito,Nuevo,35-44,7.6,5,,28.3,Sí
102503,2026-03-27,3,Marzo,13,Viernes,No,No,13:40,Almuerzo,El Peñón,Mostrador,Almuerzo,Sándwich cubano,,1,21000,0,21000,Billetera digital,Recurrente,55 o más,16.2,2,,28.3,Sí
102500,2026-03-27,3,Marzo,13,Viernes,No,No,14:42,Tarde,Ciudad Jardín,Domicilio,Café caliente,Americano,S,1,4700,5,4500,Efectivo,Fidelizado,35-44,,5,,28.3,Sí
102490,2026-03-27,3,Marzo,13,Viernes,No,No,14:53,Tarde,San Antonio,Domicilio,Bebida fría,Jugo natural,L,3,10600,0,31800,Tarjeta crédito,Recurrente,18-24,,,,28.3,Sí
102504,2026-03-27,3,Marzo,13,Viernes,No,No,15:00,Tarde,El Peñón,Mostrador,Panadería,Pandebono,,2,2500,0,5000,Tarjeta débito,Nuevo,25-34,1.8,,,28.3,Sí
102501,2026-03-27,3,Marzo,13,Viernes,No,No,18:49,Noche,El Peñón,App,Panadería,Buñuelo,,3,2200,15,5600,Tarjeta crédito,Nuevo,25-34,1.4,,,28.3,Sí
102492,2026-03-27,3,Marzo,13,Viernes,No,No,18:55,Noche,San Antonio,Mostrador,Café caliente,Tinto,S,1,3000,0,3000,Efectivo,Recurrente,18-24,6.4,,,28.3,Sí
102493,2026-03-27,3,Marzo,13,Viernes,No,No,20:17,Noche,San Antonio,Mostrador,Café caliente,Capuchino,M,3,8500,5,24200,Efectivo,Fidelizado,25-34,2.3,,,28.3,Sí
102494,2026-03-27,3,Marzo,13,Viernes,No,No,20:40,Noche,San Antonio,App,Café caliente,Capuchino,M,2,8500,15,14400,Billetera digital,Fidelizado,35-44,1.2,4,,28.3,Sí
102499,2026-03-27,3,Marzo,13,Viernes,No,No,20:43,Noche,Ciudad Jardín,Domicilio,Café caliente,Americano,M,2,5500,5,10400,Tarjeta crédito,Fidelizado,18-24,,5,La app funciona bien,28.3,Sí
102509,2026-03-28,3,Marzo,13,Sábado,Sí,No,06:20,Mañana,Centro,Mostrador,Café caliente,Americano,M,1,5500,0,5500,Efectivo,Nuevo,18-24,4.4,4,,27.1,Sí
102527,2026-03-28,3,Marzo,13,Sábado,Sí,No,06:24,Mañana,Ciudad Jardín,Mostrador,Panadería,Buñuelo,,1,2200,0,2200,Efectivo,Recurrente,45-54,6.9,,,27.1,Sí
102515,2026-03-28,3,Marzo,13,Sábado,Sí,No,08:44,Mañana,Granada,Mostrador,Café caliente,Mocaccino,M,1,9500,0,9500,Efectivo,Recurrente,35-44,4.6,5,La app funciona bien,27.1,Sí
102530,2026-03-28,3,Marzo,13,Sábado,Sí,No,09:31,Mañana,El Peñón,Mostrador,Café caliente,Chocolate caliente,M,1,8000,0,8000,Efectivo,Nuevo,25-34,4.5,,,27.1,Sí
102520,2026-03-28,3,Marzo,13,Sábado,Sí,No,09:40,Mañana,San Antonio,Mostrador,Café caliente,Tinto,S,3,3000,0,9000,Tarjeta crédito,Nuevo,18-24,6.2,,,27.1,Sí
102533,2026-03-28,3,Marzo,13,Sábado,Sí,No,10:31,Media mañana,El Peñón,Mostrador,Café caliente,Capuchino,M,1,8500,0,8500,Efectivo,Recurrente,45-54,3.4,5,Volveré pronto,27.1,Sí
102523,2026-03-28,3,Marzo,13,Sábado,Sí,No,10:37,Media mañana,San Antonio,Mostrador,Panadería,Pandebono,,2,2500,0,5000,Tarjeta débito,Nuevo,18-24,3.5,,,27.1,Sí
102526,2026-03-28,3,Marzo,13,Sábado,Sí,No,10:55,Media mañana,Ciudad Jardín,Mostrador,Panadería,Pandebono,,2,2500,0,5000,Efectivo,Nuevo,25-34,5.0,5,Muy buen café,27.1,Sí
102528,2026-03-28,3,Marzo,13,Sábado,Sí,No,11:05,Media mañana,Ciudad Jardín,Mostrador,Café caliente,Americano,M,1,5500,0,5500,Tarjeta crédito,Recurrente,45-54,2.8,,,27.1,Sí
102518,2026-03-28,3,Marzo,13,Sábado,Sí,No,11:24,Media mañana,San Antonio,Mostrador,Café caliente,Americano,S,1,4700,0,4700,Billetera digital,Recurrente,18-24,2.0,4,,27.1,Sí
102514,2026-03-28,3,Marzo,13,Sábado,Sí,No,11:56,Media mañana,Granada,Mostrador,Almuerzo,Sándwich cubano,,1,21000,5,20000,Tarjeta débito,Fidelizado,25-34,5.0,,,27.1,Sí
102531,2026-03-28,3,Marzo,13,Sábado,Sí,No,12:24,Almuerzo,El Peñón,Mostrador,Almuerzo,Sándwich cubano,,3,21000,5,59800,Tarjeta crédito,Fidelizado,25-34,7.4,3,"Bien, pero podría mejorar",27.1,Sí
102524,2026-03-28,3,Marzo,13,Sábado,Sí,No,13:23,Almuerzo,Ciudad Jardín,Mostrador,Almuerzo,Wrap de pollo,,2,18500,5,35200,Tarjeta débito,Fidelizado,25-34,9.3,4,Rico pero un poco demorado,27.1,Sí
102517,2026-03-28,3,Marzo,13,Sábado,Sí,No,13:41,Almuerzo,San Antonio,Mostrador,Almuerzo,Ensalada César,,1,19500,0,19500,Tarjeta débito,Recurrente,18-24,4.6,5,,27.1,Sí
102510,2026-03-28,3,Marzo,13,Sábado,Sí,No,14:19,Tarde,Granada,Domicilio,Bebida fría,Frappé de café,S,5,10600,5,50400,Tarjeta crédito,Fidelizado,18-24,,,,27.1,Sí
102512,2026-03-28,3,Marzo,13,Sábado,Sí,No,15:15,Tarde,Granada,Mostrador,Bebida fría,Limonada de coco,M,1,11000,0,11000,Efectivo,Nuevo,45-54,1.5,,,27.1,Sí
102522,2026-03-28,3,Marzo,13,Sábado,Sí,No,15:25,Tarde,San Antonio,Mostrador,Panadería,Muffin,,1,7000,0,7000,Efectivo,Recurrente,18-24,2.0,4,Muy buen café,27.1,Sí
102511,2026-03-28,3,Marzo,13,Sábado,Sí,No,15:50,Tarde,Granada,Mostrador,Panadería,Pandebono,,2,2500,0,5000,Tarjeta crédito,Nuevo,35-44,4.3,3,Aceptable,27.1,Sí
102516,2026-03-28,3,Marzo,13,Sábado,Sí,No,16:06,Tarde,Granada,Mostrador,Bebida fría,Cold brew,M,4,10500,0,42000,Tarjeta débito,Recurrente,45-54,4.9,,,27.1,Sí
102532,2026-03-28,3,Marzo,13,Sábado,Sí,No,16:10,Tarde,El Peñón,Mostrador,Café caliente,Capuchino,L,3,10600,0,31800,Billetera digital,Recurrente,25-34,8.2,,,27.1,Sí
102513,2026-03-28,3,Marzo,13,Sábado,Sí,No,16:55,Tarde,Granada,App,Café caliente,Capuchino,M,1,8500,15,7200,Billetera digital,Fidelizado,35-44,1.9,4,,27.1,Sí
102519,2026-03-28,3,Marzo,13,Sábado,Sí,No,19:15,Noche,San Antonio,App,Café caliente,Chocolate caliente,S,3,6800,15,17300,Billetera digital,Fidelizado,35-44,3.0,,,27.1,Sí
102521,2026-03-28,3,Marzo,13,Sábado,Sí,No,19:53,Noche,San Antonio,Mostrador,Bebida fría,Té helado,M,4,7500,0,30000,Tarjeta débito,Nuevo,25-34,3.3,,,27.1,Sí
102529,2026-03-28,3,Marzo,13,Sábado,Sí,No,20:22,Noche,El Peñón,Mostrador,Panadería,Buñuelo,,1,2200,0,2200,Efectivo,Nuevo,45-54,7.3,,,27.1,Sí
102525,2026-03-28,3,Marzo,13,Sábado,Sí,No,20:23,Noche,Ciudad Jardín,Mostrador,Café caliente,Latte,M,2,9000,5,17100,Tarjeta crédito,Fidelizado,45-54,3.6,4,,27.1,Sí
102558,2026-03-29,3,Marzo,13,Domingo,Sí,No,06:25,Mañana,Ciudad Jardín,Mostrador,Café caliente,Americano,S,3,4700,0,14100,Billetera digital,Nuevo,45-54,8.3,,,28.1,Sí
102548,2026-03-29,3,Marzo,13,Domingo,Sí,No,06:35,Mañana,San Antonio,Mostrador,Snacks,Empanada,,1,3500,0,3500,Billetera digital,Recurrente,25-34,3.3,4,,28.1,Sí
102557,2026-03-29,3,Marzo,13,Domingo,Sí,No,07:04,Mañana,Ciudad Jardín,Mostrador,Snacks,Galletas,,2,4500,0,9000,Tarjeta débito,Recurrente,25-34,1.8,,,28.1,Sí
102543,2026-03-29,3,Marzo,13,Domingo,Sí,No,07:15,Mañana,Granada,Mostrador,Panadería,Torta de zanahoria,,3,9000,5,25600,Tarjeta débito,Fidelizado,45-54,5.9,,,28.1,Sí
102556,2026-03-29,3,Marzo,13,Domingo,Sí,No,07:47,Mañana,San Antonio,Mostrador,Café caliente,Tinto,L,1,4400,0,4400,Efectivo,Recurrente,45-54,7.4,,,28.1,Sí
102538,2026-03-29,3,Marzo,13,Domingo,Sí,No,08:24,Mañana,Granada,Mostrador,Café caliente,Americano,S,1,4700,0,4700,Efectivo,Nuevo,25-34,5.8,,,28.1,Sí
102541,2026-03-29,3,Marzo,13,Domingo,Sí,No,08:30,Mañana,Granada,Domicilio,Café caliente,Tinto,S,1,3000,0,3000,Billetera digital,Nuevo,55 o más,,,,28.1,Sí
102564,2026-03-29,3,Marzo,13,Domingo,Sí,No,08:30,Mañana,El Peñón,Mostrador,Snacks,Empanada,,2,3500,5,6600,Tarjeta débito,Fidelizado,45-54,2.5,3,,28.1,Sí
102565,2026-03-29,3,Marzo,13,Domingo,Sí,No,08:36,Mañana,El Peñón,Mostrador,Panadería,Pandebono,,1,2500,5,2400,Billetera digital,Fidelizado,25-34,3.9,,,28.1,Sí
102551,2026-03-29,3,Marzo,13,Domingo,Sí,No,08:41,Mañana,San Antonio,Mostrador,Panadería,Pandebono,,1,2500,0,2500,Efectivo,Nuevo,18-24,1.6,,,28.1,Sí
102546,2026-03-29,3,Marzo,13,Domingo,Sí,No,08:44,Mañana,Granada,Mostrador,Café caliente,Capuchino,M,1,8500,0,8500,Billetera digital,Nuevo,35-44,4.5,4,,28.1,Sí
102559,2026-03-29,3,Marzo,13,Domingo,Sí,No,09:23,Mañana,Ciudad Jardín,Mostrador,Café caliente,Capuchino,S,1,7200,0,7200,Billetera digital,Recurrente,25-34,10.0,3,"Bien, pero podría mejorar",28.1,Sí
102549,2026-03-29,3,Marzo,13,Domingo,Sí,No,09:56,Mañana,San Antonio,Mostrador,Café caliente,Capuchino,M,2,8500,0,17000,Efectivo,Recurrente,18-24,3.9,,,28.1,Sí
102539,2026-03-29,3,Marzo,13,Domingo,Sí,No,09:58,Mañana,Granada,Mostrador,Café caliente,Americano,S,1,4700,5,4500,Tarjeta débito,Fidelizado,18-24,10.8,,,28.1,Sí
102560,2026-03-29,3,Marzo,13,Domingo,Sí,No,10:09,Media mañana,Ciudad Jardín,Mostrador,Snacks,Empanada,,3,3500,0,10500,Tarjeta crédito,Recurrente,45-54,2.5,,,28.1,Sí
102540,2026-03-29,3,Marzo,13,Domingo,Sí,No,10:25,Media mañana,Granada,Mostrador,Snacks,Papas de paquete,,1,5000,0,5000,Tarjeta crédito,Nuevo,25-34,9.2,,,28.1,Sí
102535,2026-03-29,3,Marzo,13,Domingo,Sí,No,10:35,Media mañana,Granada,App,Panadería,Torta de zanahoria,,1,9000,15,7600,Billetera digital,Recurrente,25-34,3.8,3,Normal,28.1,Sí
102536,2026-03-29,3,Marzo,13,Domingo,Sí,No,10:36,Media mañana,Granada,App,Panadería,Torta de zanahoria,,2,9000,15,15300,Tarjeta débito,Fidelizado,35-44,2.4,,,28.1,Sí
102555,2026-03-29,3,Marzo,13,Domingo,Sí,No,10:42,Media mañana,San Antonio,Mostrador,Café caliente,Mocaccino,M,3,9500,5,27100,Tarjeta crédito,Fidelizado,25-34,4.8,,,28.1,Sí
102563,2026-03-29,3,Marzo,13,Domingo,Sí,No,11:04,Media mañana,Ciudad Jardín,Domicilio,Café caliente,Capuchino,M,3,8500,5,24200,Tarjeta débito,Fidelizado,45-54,,,,28.1,Sí
102562,2026-03-29,3,Marzo,13,Domingo,Sí,No,11:14,Media mañana,Ciudad Jardín,Mostrador,Bebida fría,Frappé de café,M,2,12500,0,25000,Billetera digital,Recurrente,25-34,3.7,,,28.1,Sí
102553,2026-03-29,3,Marzo,13,Domingo,Sí,No,11:17,Media mañana,San Antonio,Mostrador,Café caliente,Chocolate caliente,M,3,8000,5,22800,Tarjeta débito,Fidelizado,18-24,4.5,3,,28.1,Sí
102547,2026-03-29,3,Marzo,13,Domingo,Sí,No,11:20,Media mañana,San Antonio,Mostrador,Café caliente,Latte,L,4,11200,0,44800,Efectivo,Recurrente,18-24,2.8,,,28.1,Sí
102534,2026-03-29,3,Marzo,13,Domingo,Sí,No,11:32,Media mañana,Granada,Domicilio,Panadería,Buñuelo,,3,2200,5,6300,Tarjeta débito,Fidelizado,Menos de 18,,,,28.1,Sí
102552,2026-03-29,3,Marzo,13,Domingo,Sí,No,12:13,Almuerzo,San Antonio,App,Snacks,Empanada,,2,3500,15,6000,Tarjeta crédito,Fidelizado,18-24,2.4,,,28.1,Sí
102561,2026-03-29,3,Marzo,13,Domingo,Sí,No,12:21,Almuerzo,Ciudad Jardín,Mostrador,Snacks,Papas de paquete,,3,5000,5,14200,Tarjeta crédito,Fidelizado,35-44,6.2,,,28.1,Sí
102542,2026-03-29,3,Marzo,13,Domingo,Sí,No,12:28,Almuerzo,Granada,Mostrador,Almuerzo,Ensalada César,,1,19500,0,19500,Billetera digital,Nuevo,25-34,3.1,,,28.1,Sí
102544,2026-03-29,3,Marzo,13,Domingo,Sí,No,13:42,Almuerzo,Granada,Mostrador,Almuerzo,Ensalada César,,2,19500,5,37000,Efectivo,Fidelizado,45-54,4.9,,,28.1,Sí
102566,2026-03-29,3,Marzo,13,Domingo,Sí,No,13:48,Almuerzo,El Peñón,Mostrador,Almuerzo,Ensalada César,,1,19500,0,19500,Efectivo,Nuevo,25-34,9.3,3,Aceptable,28.1,Sí
102554,2026-03-29,3,Marzo,13,Domingo,Sí,No,16:30,Tarde,San Antonio,Domicilio,Café caliente,Americano,L,2,6900,0,13800,Efectivo,Recurrente,18-24,,,,28.1,Sí
102545,2026-03-29,3,Marzo,13,Domingo,Sí,No,17:28,Tarde,Granada,Domicilio,Panadería,Torta de zanahoria,,2,9000,0,18000,Billetera digital,Nuevo,35-44,,,,28.1,Sí
102550,2026-03-29,3,Marzo,13,Domingo,Sí,No,17:48,Tarde,San Antonio,Mostrador,Snacks,Empanada,,4,3500,5,13300,Efectivo,Fidelizado,18-24,2.5,5,,28.1,Sí
102537,2026-03-29,3,Marzo,13,Domingo,Sí,No,18:42,Noche,Granada,Domicilio,Almuerzo,Sándwich cubano,,1,21000,0,21000,Tarjeta crédito,Nuevo,25-34,,,,28.1,Sí
102605,2026-03-30,3,Marzo,14,Lunes,No,No,06:13,Mañana,El Peñón,Mostrador,Café caliente,Capuchino,M,3,8500,0,25500,Efectivo,Nuevo,45-54,7.5,,,26.0,No
102584,2026-03-30,3,Marzo,14,Lunes,No,No,06:38,Mañana,Granada,Mostrador,Café caliente,Capuchino,M,3,8500,0,25500,Tarjeta débito,Nuevo,25-34,2.5,,,26.0,No
102580,2026-03-30,3,Marzo,14,Lunes,No,No,06:54,Mañana,Centro,App,Café caliente,Capuchino,S,1,7200,15,6100,Tarjeta crédito,Recurrente,35-44,2.2,,,26.0,No
102592,2026-03-30,3,Marzo,14,Lunes,No,No,07:06,Mañana,San Antonio,Mostrador,Café caliente,Tinto,L,2,4400,0,8800,Billetera digital,Recurrente,18-24,3.7,5,Rápido y amable,26.0,No
102591,2026-03-30,3,Marzo,14,Lunes,No,No,07:59,Mañana,San Antonio,Mostrador,Café caliente,Capuchino,M,2,8500,0,17000,Billetera digital,Nuevo,Menos de 18,3.2,,,26.0,No
102568,2026-03-30,3,Marzo,14,Lunes,No,No,08:11,Mañana,Centro,Mostrador,Café caliente,Capuchino,S,1,7200,5,6800,Efectivo,Fidelizado,25-34,5.5,,,26.0,No
102579,2026-03-30,3,Marzo,14,Lunes,No,No,08:14,Mañana,Centro,App,Panadería,Torta de zanahoria,,3,9000,15,23000,Tarjeta débito,Recurrente,45-54,3.2,,,26.0,No
102574,2026-03-30,3,Marzo,14,Lunes,No,No,08:52,Mañana,Centro,Mostrador,Café caliente,Latte,L,2,11200,0,22400,Tarjeta crédito,Recurrente,25-34,8.2,,,26.0,No
102570,2026-03-30,3,Marzo,14,Lunes,No,No,09:30,Mañana,Centro,Mostrador,Snacks,Barra de granola,,3,5500,0,16500,Efectivo,Recurrente,18-24,13.5,4,El pandebono estaba recién hecho,26.0,No
102598,2026-03-30,3,Marzo,14,Lunes,No,No,09:35,Mañana,Ciudad Jardín,Mostrador,Snacks,Galletas,,2,4500,0,9000,Tarjeta crédito,Recurrente,45-54,2.4,,,26.0,No
102596,2026-03-30,3,Marzo,14,Lunes,No,No,09:37,Mañana,Ciudad Jardín,Mostrador,Panadería,Torta de zanahoria,,1,9000,0,9000,Tarjeta débito,Recurrente,55 o más,4.6,5,Me encanta el ambiente,26.0,No
102589,2026-03-30,3,Marzo,14,Lunes,No,No,10:11,Media mañana,San Antonio,Mostrador,Café caliente,Americano,S,1,4700,5,4500,Billetera digital,Fidelizado,35-44,4.2,,,26.0,No
102567,2026-03-30,3,Marzo,14,Lunes,No,No,10:19,Media mañana,Centro,Mostrador,Snacks,Empanada,,2,3500,0,7000,Billetera digital,Recurrente,25-34,4.7,,,26.0,No
102595,2026-03-30,3,Marzo,14,Lunes,No,No,10:25,Media mañana,San Antonio,Mostrador,Café caliente,Latte,M,1,9000,0,9000,Efectivo,Recurrente,18-24,3.1,4,La app funciona bien,26.0,No
102604,2026-03-30,3,Marzo,14,Lunes,No,No,10:26,Media mañana,El Peñón,Mostrador,Bebida fría,Limonada de coco,M,1,11000,0,11000,Tarjeta crédito,Nuevo,25-34,5.5,,,26.0,No
102588,2026-03-30,3,Marzo,14,Lunes,No,No,10:49,Media mañana,San Antonio,App,Café caliente,Mocaccino,M,1,9500,15,8100,Tarjeta débito,Recurrente,25-34,2.2,,,26.0,No
102606,2026-03-30,3,Marzo,14,Lunes,No,No,11:54,Media mañana,El Peñón,Mostrador,Café caliente,Capuchino,M,1,8500,0,8500,Efectivo,Nuevo,25-34,3.2,4,La app funciona bien,26.0,No
102577,2026-03-30,3,Marzo,14,Lunes,No,No,12:14,Almuerzo,Centro,Domicilio,Panadería,Muffin,,2,7000,0,14000,Tarjeta débito,Recurrente,35-44,,,,26.0,No
102599,2026-03-30,3,Marzo,14,Lunes,No,No,12:19,Almuerzo,Ciudad Jardín,Domicilio,Bebida fría,Frappé de café,L,3,15600,0,46800,Efectivo,Nuevo,45-54,,3,,26.0,No
102573,2026-03-30,3,Marzo,14,Lunes,No,No,12:26,Almuerzo,Centro,Mostrador,Almuerzo,Sándwich cubano,,2,21000,5,39900,Efectivo,Fidelizado,35-44,11.6,5,Buen precio por el tamaño,26.0,No
102590,2026-03-30,3,Marzo,14,Lunes,No,No,12:44,Almuerzo,San Antonio,Mostrador,Almuerzo,Sándwich cubano,,3,21000,5,59800,Tarjeta débito,Fidelizado,18-24,6.6,3,"Bien, pero podría mejorar",26.0,No
102583,2026-03-30,3,Marzo,14,Lunes,No,No,12:54,Almuerzo,Granada,Mostrador,Almuerzo,Wrap de pollo,,1,18500,5,17600,Tarjeta débito,Fidelizado,18-24,8.2,5,,26.0,No
102572,2026-03-30,3,Marzo,14,Lunes,No,No,12:55,Almuerzo,Centro,Mostrador,Almuerzo,Wrap de pollo,,2,18500,0,37000,Tarjeta débito,Recurrente,25-34,9.4,,,26.0,No
102571,2026-03-30,3,Marzo,14,Lunes,No,No,13:53,Almuerzo,Centro,Mostrador,Panadería,Pandebono,,2,2500,0,5000,Billetera digital,Nuevo,25-34,8.8,,,26.0,No
102607,2026-03-30,3,Marzo,14,Lunes,No,No,14:03,Tarde,El Peñón,Mostrador,Café caliente,Mocaccino,M,1,9500,0,9500,Tarjeta débito,Nuevo,25-34,4.1,,,26.0,No
102608,2026-03-30,3,Marzo,14,Lunes,No,No,14:51,Tarde,El Peñón,Mostrador,Bebida fría,Limonada de coco,M,1,11000,0,11000,Efectivo,Nuevo,45-54,2.5,,,26.0,No
102575,2026-03-30,3,Marzo,14,Lunes,No,No,15:40,Tarde,Centro,Mostrador,Bebida fría,Té helado,S,1,6400,0,6400,Efectivo,Recurrente,25-34,1.3,,,26.0,No
102576,2026-03-30,3,Marzo,14,Lunes,No,No,15:41,Tarde,Centro,App,Panadería,Muffin,,3,7000,15,17800,Tarjeta crédito,Fidelizado,Menos de 18,1.9,,,26.0,No
102600,2026-03-30,3,Marzo,14,Lunes,No,No,15:45,Tarde,Ciudad Jardín,Mostrador,Bebida fría,Té helado,L,1,9400,0,9400,Tarjeta débito,Recurrente,25-34,3.5,,,26.0,No
102601,2026-03-30,3,Marzo,14,Lunes,No,No,16:40,Tarde,El Peñón,Mostrador,Bebida fría,Limonada de coco,L,1,13800,0,13800,Efectivo,Nuevo,45-54,4.7,4,,26.0,No
102569,2026-03-30,3,Marzo,14,Lunes,No,No,17:20,Tarde,Centro,App,Panadería,Pandebono,,1,2500,15,2100,Tarjeta crédito,Recurrente,35-44,1.9,,,26.0,No
102586,2026-03-30,3,Marzo,14,Lunes,No,No,17:47,Tarde,Granada,Mostrador,Bebida fría,Jugo natural,L,1,10600,0,10600,Tarjeta débito,Recurrente,18-24,3.4,,,26.0,No
102603,2026-03-30,3,Marzo,14,Lunes,No,No,17:52,Tarde,El Peñón,Mostrador,Snacks,Barra de granola,,1,5500,0,5500,Tarjeta débito,Recurrente,25-34,3.7,5,,26.0,No
102594,2026-03-30,3,Marzo,14,Lunes,No,No,18:08,Noche,San Antonio,Mostrador,Snacks,Papas de paquete,,2,5000,0,10000,Tarjeta débito,Recurrente,18-24,4.4,,,26.0,No
102582,2026-03-30,3,Marzo,14,Lunes,No,No,18:47,Noche,Granada,App,Almuerzo,Bowl vegetariano,,2,22000,15,37400,Tarjeta crédito,Recurrente,25-34,2.4,3,,26.0,No
102597,2026-03-30,3,Marzo,14,Lunes,No,No,18:57,Noche,Ciudad Jardín,Mostrador,Panadería,Buñuelo,,1,2200,5,2100,Tarjeta débito,Fidelizado,45-54,5.2,,,26.0,No
102578,2026-03-30,3,Marzo,14,Lunes,No,No,19:04,Noche,Centro,Domicilio,Almuerzo,Sándwich cubano,,1,21000,0,21000,Efectivo,Nuevo,18-24,,,,26.0,No
102585,2026-03-30,3,Marzo,14,Lunes,No,No,19:12,Noche,Granada,Mostrador,Bebida fría,Frappé de café,M,2,12500,0,25000,Tarjeta crédito,Nuevo,55 o más,3.4,5,La app funciona bien,26.0,No
102581,2026-03-30,3,Marzo,14,Lunes,No,No,19:51,Noche,Granada,Mostrador,Bebida fría,Té helado,L,2,9400,5,17900,Efectivo,Fidelizado,18-24,3.4,,,26.0,No
102593,2026-03-30,3,Marzo,14,Lunes,No,No,19:51,Noche,San Antonio,Mostrador,Panadería,Croissant,,2,6500,0,13000,Efectivo,Recurrente,55 o más,4.1,4,,26.0,No
102587,2026-03-30,3,Marzo,14,Lunes,No,No,20:45,Noche,Granada,Mostrador,Panadería,Muffin,,2,7000,5,13300,Tarjeta débito,Fidelizado,25-34,2.3,,,26.0,No
102602,2026-03-30,3,Marzo,14,Lunes,No,No,20:45,Noche,El Peñón,Mostrador,Café caliente,Americano,M,1,5500,0,5500,Tarjeta crédito,Nuevo,45-54,2.2,5,,26.0,No
102631,2026-03-31,3,Marzo,14,Martes,No,No,06:08,Mañana,San Antonio,Mostrador,Panadería,Buñuelo,,1,2200,0,2200,Tarjeta crédito,Nuevo,35-44,3.4,4,Aceptable,27.9,No
102619,2026-03-31,3,Marzo,14,Martes,No,No,06:09,Mañana,Centro,Mostrador,Panadería,Pandebono,,3,2500,0,7500,Tarjeta crédito,Recurrente,35-44,15.8,4,,27.9,No
102642,2026-03-31,3,Marzo,14,Martes,No,No,06:42,Mañana,El Peñón,App,Café caliente,Americano,L,1,6900,15,5900,Tarjeta crédito,Nuevo,25-34,2.4,,,27.9,No
102615,2026-03-31,3,Marzo,14,Martes,No,No,06:53,Mañana,Centro,Mostrador,Panadería,Muffin,,1,7000,0,7000,Tarjeta débito,Recurrente,25-34,6.4,,,27.9,No
102611,2026-03-31,3,Marzo,14,Martes,No,No,07:00,Mañana,Centro,Mostrador,Panadería,Muffin,,2,7000,5,13300,Tarjeta débito,Fidelizado,18-24,6.0,,,27.9,No
102616,2026-03-31,3,Marzo,14,Martes,No,No,07:14,Mañana,Centro,Mostrador,Snacks,Galletas,,2,4500,0,9000,Efectivo,Recurrente,25-34,3.9,,,27.9,No
102609,2026-03-31,3,Marzo,14,Martes,No,No,07:44,Mañana,Centro,Domicilio,Bebida fría,Cold brew,M,1,10500,0,10500,Efectivo,Recurrente,45-54,,,,27.9,No
102643,2026-03-31,3,Marzo,14,Martes,No,No,07:52,Mañana,El Peñón,Mostrador,Snacks,Empanada,,1,3500,0,3500,Billetera digital,Recurrente,35-44,3.4,,,27.9,No
102617,2026-03-31,3,Marzo,14,Martes,No,No,07:56,Mañana,Centro,Mostrador,Panadería,Torta de zanahoria,,1,9000,0,9000,Tarjeta débito,Nuevo,35-44,4.3,3,,27.9,No
102640,2026-03-31,3,Marzo,14,Martes,No,No,08:33,Mañana,El Peñón,Mostrador,Café caliente,Latte,L,1,11200,5,10600,Tarjeta crédito,Fidelizado,Menos de 18,6.0,,,27.9,No
102637,2026-03-31,3,Marzo,14,Martes,No,No,08:35,Mañana,Ciudad Jardín,Mostrador,Panadería,Pandebono,,2,2500,0,5000,Tarjeta crédito,Recurrente,45-54,4.7,4,Rico pero un poco demorado,27.9,No
102628,2026-03-31,3,Marzo,14,Martes,No,No,08:44,Mañana,San Antonio,Mostrador,Café caliente,Capuchino,L,1,10600,0,10600,Tarjeta débito,Nuevo,25-34,18.1,,,27.9,No
102620,2026-03-31,3,Marzo,14,Martes,No,No,08:50,Mañana,Granada,Mostrador,Café caliente,Latte,L,2,11200,0,22400,Tarjeta crédito,Recurrente,18-24,1.9,,,27.9,No
102632,2026-03-31,3,Marzo,14,Martes,No,No,09:33,Mañana,San Antonio,App,Café caliente,Americano,M,1,5500,15,4700,Tarjeta crédito,Fidelizado,Menos de 18,1.5,,,27.9,No
102613,2026-03-31,3,Marzo,14,Martes,No,No,09:59,Mañana,Centro,App,Panadería,Torta de zanahoria,,1,9000,15,7600,Tarjeta crédito,Recurrente,35-44,5.5,3,Rico pero un poco demorado,27.9,No
102626,2026-03-31,3,Marzo,14,Martes,No,No,10:17,Media mañana,Granada,Mostrador,Snacks,Barra de granola,,1,5500,0,5500,Tarjeta crédito,Recurrente,45-54,2.3,,,27.9,No
102612,2026-03-31,3,Marzo,14,Martes,No,No,11:07,Media mañana,Centro,Mostrador,Café caliente,Capuchino,L,2,10600,0,21200,Tarjeta crédito,Recurrente,45-54,3.2,,,27.9,No
102644,2026-03-31,3,Marzo,14,Martes,No,No,12:10,Almuerzo,El Peñón,Mostrador,Almuerzo,Sándwich cubano,,1,21000,0,21000,Tarjeta débito,Recurrente,35-44,5.5,4,,27.9,No
102639,2026-03-31,3,Marzo,14,Martes,No,No,12:19,Almuerzo,El Peñón,Mostrador,Almuerzo,Wrap de pollo,,1,18500,0,18500,Efectivo,Recurrente,35-44,4.7,,,27.9,No
102629,2026-03-31,3,Marzo,14,Martes,No,No,12:22,Almuerzo,San Antonio,Mostrador,Almuerzo,Wrap de pollo,,2,18500,0,37000,Tarjeta crédito,Nuevo,18-24,6.3,5,,27.9,No
102633,2026-03-31,3,Marzo,14,Martes,No,No,12:25,Almuerzo,San Antonio,Mostrador,Almuerzo,Wrap de pollo,,1,18500,5,17600,Billetera digital,Fidelizado,18-24,10.4,,,27.9,No
102614,2026-03-31,3,Marzo,14,Martes,No,No,12:30,Almuerzo,Centro,Mostrador,Bebida fría,Limonada de coco,M,1,11000,0,11000,Billetera digital,Recurrente,25-34,13.4,,,27.9,No
102634,2026-03-31,3,Marzo,14,Martes,No,No,12:42,Almuerzo,Ciudad Jardín,Mostrador,Almuerzo,Wrap de pollo,,1,18500,0,18500,Efectivo,Recurrente,35-44,7.2,,,27.9,No
102630,2026-03-31,3,Marzo,14,Martes,No,No,13:41,Almuerzo,San Antonio,Mostrador,Almuerzo,Ensalada César,,2,19500,0,39000,Tarjeta crédito,Nuevo,35-44,6.1,,,27.9,No
102610,2026-03-31,3,Marzo,14,Martes,No,No,13:50,Almuerzo,Centro,Mostrador,Almuerzo,Wrap de pollo,,2,18500,0,37000,Efectivo,Nuevo,35-44,5.6,,,27.9,No
102621,2026-03-31,3,Marzo,14,Martes,No,No,14:38,Tarde,Granada,Domicilio,Snacks,Papas de paquete,,2,5000,0,10000,Efectivo,Nuevo,35-44,,4,Volveré pronto,27.9,No
102635,2026-03-31,3,Marzo,14,Martes,No,No,15:11,Tarde,Ciudad Jardín,Mostrador,Bebida fría,Cold brew,M,1,10500,5,10000,Billetera digital,Fidelizado,35-44,2.4,3,,27.9,No
102618,2026-03-31,3,Marzo,14,Martes,No,No,15:56,Tarde,Centro,Mostrador,Bebida fría,Frappé de café,M,1,12500,5,11900,Billetera digital,Fidelizado,35-44,4.4,,,27.9,No
102627,2026-03-31,3,Marzo,14,Martes,No,No,16:07,Tarde,San Antonio,Mostrador,Bebida fría,Frappé de café,S,1,10600,0,10600,Efectivo,Nuevo,18-24,1.8,,,27.9,No
102623,2026-03-31,3,Marzo,14,Martes,No,No,17:12,Tarde,Granada,App,Panadería,Pandebono,,2,2500,15,4200,Billetera digital,Fidelizado,25-34,1.4,5,Volveré pronto,27.9,No
102641,2026-03-31,3,Marzo,14,Martes,No,No,18:33,Noche,El Peñón,Mostrador,Panadería,Muffin,,4,7000,0,28000,Billetera digital,Nuevo,35-44,5.8,,,27.9,No
102636,2026-03-31,3,Marzo,14,Martes,No,No,19:08,Noche,Ciudad Jardín,App,Panadería,Pandebono,,3,2500,15,6400,Tarjeta débito,Fidelizado,45-54,0.8,,,27.9,No
102622,2026-03-31,3,Marzo,14,Martes,No,No,20:09,Noche,Granada,Mostrador,Snacks,Empanada,,1,3500,0,3500,Billetera digital,Recurrente,18-24,6.7,5,,27.9,No
102624,2026-03-31,3,Marzo,14,Martes,No,No,20:14,Noche,Granada,Mostrador,Panadería,Muffin,,1,7000,5,6600,Billetera digital,Fidelizado,25-34,3.4,,,27.9,No
102625,2026-03-31,3,Marzo,14,Martes,No,No,20:14,Noche,Granada,Mostrador,Café caliente,Tinto,M,1,3500,0,3500,Tarjeta crédito,Nuevo,25-34,3.0,5,Volveré pronto,27.9,No
102638,2026-03-31,3,Marzo,14,Martes,No,No,20:27,Noche,El Peñón,App,Almuerzo,Ensalada César,,1,19500,15,16600,Tarjeta débito,Nuevo,25-34,1.2,5,,27.9,No
102662,2026-04-01,4,Abril,14,Miércoles,No,No,06:06,Mañana,Granada,App,Snacks,Papas de paquete,,1,5000,15,4200,Billetera digital,Recurrente,35-44,1.1,,,29.7,No
102655,2026-04-01,4,Abril,14,Miércoles,No,No,06:08,Mañana,Centro,Mostrador,Café caliente,Chocolate caliente,S,1,6800,0,6800,Efectivo,Nuevo,18-24,8.2,4,,29.7,No
102650,2026-04-01,4,Abril,14,Miércoles,No,No,06:25,Mañana,Centro,Mostrador,Café caliente,Tinto,M,1,3500,0,3500,Billetera digital,Recurrente,35-44,12.5,,,29.7,No
102667,2026-04-01,4,Abril,14,Miércoles,No,No,06:40,Mañana,Granada,Mostrador,Bebida fría,Jugo natural,M,1,8500,0,8500,Efectivo,Recurrente,25-34,9.2,,,29.7,No
102676,2026-04-01,4,Abril,14,Miércoles,No,No,07:04,Mañana,Ciudad Jardín,Domicilio,Café caliente,Tinto,M,3,3500,0,10500,Tarjeta crédito,Recurrente,45-54,,5,Rápido y amable,29.7,No
102649,2026-04-01,4,Abril,14,Miércoles,No,No,07:07,Mañana,Centro,Mostrador,Bebida fría,Jugo natural,M,1,8500,5,8100,Tarjeta débito,Fidelizado,45-54,11.5,,,29.7,No
102672,2026-04-01,4,Abril,14,Miércoles,No,No,07:17,Mañana,San Antonio,Mostrador,Café caliente,Tinto,M,1,3500,0,3500,Efectivo,Nuevo,35-44,8.7,,,29.7,No
102653,2026-04-01,4,Abril,14,Miércoles,No,No,07:39,Mañana,Centro,Mostrador,Bebida fría,Limonada de coco,S,1,9400,0,9400,Tarjeta crédito,Recurrente,18-24,2.6,,,29.7,No
102652,2026-04-01,4,Abril,14,Miércoles,No,No,07:44,Mañana,Centro,App,Café caliente,Tinto,S,1,3000,15,2600,Billetera digital,Recurrente,18-24,1.1,4,,29.7,No
102669,2026-04-01,4,Abril,14,Miércoles,No,No,07:50,Mañana,Granada,Domicilio,Snacks,Papas de paquete,,1,5000,5,4800,Tarjeta débito,Fidelizado,18-24,,5,,29.7,No
102678,2026-04-01,4,Abril,14,Miércoles,No,No,08:08,Mañana,Ciudad Jardín,Mostrador,Bebida fría,Limonada de coco,S,2,9400,5,17900,Tarjeta débito,Fidelizado,25-34,4.6,,,29.7,No
102651,2026-04-01,4,Abril,14,Miércoles,No,No,08:56,Mañana,Centro,App,Café caliente,Tinto,M,1,3500,15,3000,Billetera digital,Nuevo,35-44,4.0,3,Aceptable,29.7,No
102663,2026-04-01,4,Abril,14,Miércoles,No,No,09:03,Mañana,Granada,Domicilio,Panadería,Pandebono,,3,2500,5,7100,Billetera digital,Fidelizado,25-34,,,,29.7,No
102646,2026-04-01,4,Abril,14,Miércoles,No,No,09:34,Mañana,Centro,Mostrador,Snacks,Empanada,,3,3500,0,10500,Efectivo,Recurrente,25-34,6.6,4,,29.7,No
102675,2026-04-01,4,Abril,14,Miércoles,No,No,10:17,Media mañana,Ciudad Jardín,Mostrador,Café caliente,Tinto,M,3,3500,5,10000,Efectivo,Fidelizado,45-54,2.8,,,29.7,No
102664,2026-04-01,4,Abril,14,Miércoles,No,No,10:26,Media mañana,Granada,Domicilio,Bebida fría,Frappé de café,L,2,15600,5,29600,Tarjeta crédito,Fidelizado,25-34,,5,,29.7,No
102671,2026-04-01,4,Abril,14,Miércoles,No,No,11:34,Media mañana,San Antonio,Mostrador,Bebida fría,Frappé de café,M,3,12500,5,35600,Efectivo,Fidelizado,18-24,2.1,,,29.7,No
102674,2026-04-01,4,Abril,14,Miércoles,No,No,11:42,Media mañana,San Antonio,Mostrador,Café caliente,Americano,S,2,4700,0,9400,Efectivo,Nuevo,35-44,3.3,,,29.7,No
102673,2026-04-01,4,Abril,14,Miércoles,No,No,11:58,Media mañana,San Antonio,App,Bebida fría,Limonada de coco,L,2,13800,15,23500,Billetera digital,Fidelizado,25-34,2.2,5,,29.7,No
102666,2026-04-01,4,Abril,14,Miércoles,No,No,12:18,Almuerzo,Granada,Mostrador,Almuerzo,Sándwich cubano,,1,21000,0,21000,Efectivo,Nuevo,25-34,10.0,,,29.7,No
102659,2026-04-01,4,Abril,14,Miércoles,No,No,12:24,Almuerzo,Granada,Mostrador,Bebida fría,Cold brew,L,2,13100,0,26200,Efectivo,Recurrente,35-44,7.8,,,29.7,No
102658,2026-04-01,4,Abril,14,Miércoles,No,No,12:44,Almuerzo,Centro,Mostrador,Bebida fría,Limonada de coco,M,2,11000,0,22000,Billetera digital,Recurrente,25-34,16.5,,,29.7,No
102657,2026-04-01,4,Abril,14,Miércoles,No,No,12:53,Almuerzo,Centro,Mostrador,Almuerzo,Wrap de pollo,,3,18500,0,55500,Billetera digital,Recurrente,35-44,19.8,3,,29.7,No
102661,2026-04-01,4,Abril,14,Miércoles,No,No,13:11,Almuerzo,Granada,App,Bebida fría,Limonada de coco,M,2,11000,15,18700,Tarjeta crédito,Recurrente,25-34,2.8,,,29.7,No
102679,2026-04-01,4,Abril,14,Miércoles,No,No,13:14,Almuerzo,El Peñón,Mostrador,Almuerzo,Ensalada César,,1,19500,0,19500,Billetera digital,Recurrente,18-24,11.4,,,29.7,No
102648,2026-04-01,4,Abril,14,Miércoles,No,No,13:31,Almuerzo,Centro,Mostrador,Panadería,Muffin,,2,7000,5,13300,Efectivo,Fidelizado,25-34,7.0,,,29.7,No
102654,2026-04-01,4,Abril,14,Miércoles,No,No,13:48,Almuerzo,Centro,Mostrador,Almuerzo,Ensalada César,,1,19500,0,19500,Tarjeta débito,Recurrente,25-34,8.3,,,29.7,No
102668,2026-04-01,4,Abril,14,Miércoles,No,No,13:57,Almuerzo,Granada,Mostrador,Almuerzo,Bowl vegetariano,,1,22000,0,22000,Billetera digital,Nuevo,18-24,8.1,,,29.7,No
102647,2026-04-01,4,Abril,14,Miércoles,No,No,16:50,Tarde,Centro,App,Panadería,Muffin,,1,7000,15,6000,Tarjeta crédito,Recurrente,35-44,1.3,5,,29.7,No
102656,2026-04-01,4,Abril,14,Miércoles,No,No,18:15,Noche,Centro,Domicilio,Panadería,Pandebono,,2,2500,0,5000,Billetera digital,Nuevo,35-44,,,,29.7,No
102680,2026-04-01,4,Abril,14,Miércoles,No,No,19:00,Noche,El Peñón,App,Bebida fría,Limonada de coco,L,2,13800,15,23500,Billetera digital,Recurrente,25-34,1.6,,,29.7,No
102665,2026-04-01,4,Abril,14,Miércoles,No,No,19:24,Noche,Granada,Domicilio,Bebida fría,Cold brew,S,1,8900,0,8900,Efectivo,Nuevo,18-24,,,,29.7,No
102645,2026-04-01,4,Abril,14,Miércoles,No,No,20:04,Noche,Centro,App,Café caliente,Capuchino,L,2,10600,15,18000,Tarjeta crédito,Recurrente,18-24,2.3,,,29.7,No
102660,2026-04-01,4,Abril,14,Miércoles,No,No,20:27,Noche,Granada,Mostrador,Panadería,Torta de zanahoria,,1,9000,0,9000,Tarjeta débito,Recurrente,45-54,4.0,,,29.7,No
102677,2026-04-01,4,Abril,14,Miércoles,No,No,20:32,Noche,Ciudad Jardín,Mostrador,Almuerzo,Ensalada César,,1,19500,5,18500,Efectivo,Fidelizado,55 o más,2.9,,,29.7,No
102670,2026-04-01,4,Abril,14,Miércoles,No,No,20:59,Noche,San Antonio,Domicilio,Café caliente,Tinto,L,3,4400,0,13200,Tarjeta crédito,Nuevo,Menos de 18,,,,29.7,No
102684,2026-04-02,4,Abril,14,Jueves,No,Sí,06:01,Mañana,Granada,Mostrador,Snacks,Papas de paquete,,1,5000,5,4800,Tarjeta crédito,Fidelizado,25-34,6.7,,,25.7,Sí
102698,2026-04-02,4,Abril,14,Jueves,No,Sí,07:02,Mañana,San Antonio,Domicilio,Café caliente,Latte,M,1,9000,0,9000,Tarjeta crédito,Recurrente,45-54,,,,25.7,Sí
102689,2026-04-02,4,Abril,14,Jueves,No,Sí,07:18,Mañana,Granada,Mostrador,Café caliente,Capuchino,L,2,10600,0,21200,Billetera digital,Recurrente,18-24,5.9,4,Me encanta el ambiente,25.7,Sí
102681,2026-04-02,4,Abril,14,Jueves,No,Sí,07:37,Mañana,Granada,Domicilio,Panadería,Buñuelo,,1,2200,0,2200,Efectivo,Nuevo,18-24,,,,25.7,Sí
102714,2026-04-02,4,Abril,14,Jueves,No,Sí,07:39,Mañana,El Peñón,Mostrador,Café caliente,Tinto,L,1,4400,0,4400,Efectivo,Recurrente,35-44,3.3,,,25.7,Sí
102697,2026-04-02,4,Abril,14,Jueves,No,Sí,07:41,Mañana,San Antonio,Mostrador,Café caliente,Capuchino,L,2,10600,0,21200,Tarjeta débito,Recurrente,18-24,2.6,,,25.7,Sí
102694,2026-04-02,4,Abril,14,Jueves,No,Sí,08:07,Mañana,Granada,Mostrador,Café caliente,Tinto,L,2,4400,0,8800,Tarjeta crédito,Recurrente,25-34,8.1,3,"Bien, pero podría mejorar",25.7,Sí
102687,2026-04-02,4,Abril,14,Jueves,No,Sí,08:13,Mañana,Granada,Mostrador,Panadería,Muffin,,1,7000,0,7000,Tarjeta débito,Recurrente,35-44,4.0,,,25.7,Sí
102709,2026-04-02,4,Abril,14,Jueves,No,Sí,08:16,Mañana,Ciudad Jardín,Mostrador,Café caliente,Latte,M,1,9000,0,9000,Efectivo,Nuevo,45-54,5.4,,,25.7,Sí
102707,2026-04-02,4,Abril,14,Jueves,No,Sí,08:52,Mañana,Ciudad Jardín,Mostrador,Café caliente,Mocaccino,M,1,9500,0,9500,Billetera digital,Recurrente,18-24,3.1,,,25.7,Sí
102690,2026-04-02,4,Abril,14,Jueves,No,Sí,09:15,Mañana,Granada,Mostrador,Café caliente,Latte,L,1,11200,0,11200,Efectivo,Recurrente,55 o más,10.0,,,25.7,Sí
102700,2026-04-02,4,Abril,14,Jueves,No,Sí,09:23,Mañana,San Antonio,App,Panadería,Buñuelo,,2,2200,15,3700,Billetera digital,Recurrente,18-24,3.4,5,,25.7,Sí
102710,2026-04-02,4,Abril,14,Jueves,No,Sí,10:10,Media mañana,Ciudad Jardín,Domicilio,Panadería,Pandebono,,3,2500,0,7500,Efectivo,Recurrente,45-54,,,,25.7,Sí
102718,2026-04-02,4,Abril,14,Jueves,No,Sí,10:19,Media mañana,El Peñón,Mostrador,Panadería,Pandebono,,1,2500,0,2500,Billetera digital,Recurrente,18-24,3.7,5,Buen precio por el tamaño,25.7,Sí
102696,2026-04-02,4,Abril,14,Jueves,No,Sí,10:28,Media mañana,Granada,App,Panadería,Croissant,,1,6500,15,5500,Billetera digital,Recurrente,45-54,1.2,,,25.7,Sí
102695,2026-04-02,4,Abril,14,Jueves,No,Sí,10:48,Media mañana,Granada,App,Panadería,Muffin,,2,7000,15,11900,Tarjeta débito,Recurrente,25-34,3.5,,,25.7,Sí
102712,2026-04-02,4,Abril,14,Jueves,No,Sí,11:16,Media mañana,Ciudad Jardín,Domicilio,Panadería,Croissant,,3,6500,5,18500,Tarjeta crédito,Fidelizado,35-44,,,,25.7,Sí
102701,2026-04-02,4,Abril,14,Jueves,No,Sí,11:29,Media mañana,San Antonio,Mostrador,Café caliente,Latte,M,1,9000,5,8600,Efectivo,Fidelizado,55 o más,5.5,,,25.7,Sí
102708,2026-04-02,4,Abril,14,Jueves,No,Sí,11:35,Media mañana,Ciudad Jardín,Mostrador,Café caliente,Capuchino,S,1,7200,5,6800,Billetera digital,Fidelizado,18-24,2.0,,,25.7,Sí
102682,2026-04-02,4,Abril,14,Jueves,No,Sí,11:50,Media mañana,Granada,App,Café caliente,Capuchino,S,1,7200,15,6100,Billetera digital,Recurrente,55 o más,7.1,,,25.7,Sí
102683,2026-04-02,4,Abril,14,Jueves,No,Sí,11:51,Media mañana,Granada,App,Panadería,Croissant,,3,6500,15,16600,Tarjeta crédito,Recurrente,45-54,2.1,,,25.7,Sí
102719,2026-04-02,4,Abril,14,Jueves,No,Sí,11:51,Media mañana,El Peñón,Mostrador,Café caliente,Capuchino,M,2,8500,0,17000,Efectivo,Recurrente,55 o más,5.1,,,25.7,Sí
102711,2026-04-02,4,Abril,14,Jueves,No,Sí,11:53,Media mañana,Ciudad Jardín,App,Snacks,Papas de paquete,,3,5000,15,12800,Billetera digital,Recurrente,25-34,1.8,,,25.7,Sí
102702,2026-04-02,4,Abril,14,Jueves,No,Sí,11:56,Media mañana,San Antonio,App,Panadería,Buñuelo,,2,2200,15,3700,Tarjeta crédito,Fidelizado,18-24,1.3,,,25.7,Sí
102705,2026-04-02,4,Abril,14,Jueves,No,Sí,12:42,Almuerzo,Ciudad Jardín,Domicilio,Bebida fría,Cold brew,L,2,13100,5,24900,Efectivo,Fidelizado,25-34,,,,25.7,Sí
102720,2026-04-02,4,Abril,14,Jueves,No,Sí,12:50,Almuerzo,El Peñón,Domicilio,Bebida fría,Limonada de coco,L,2,13800,0,27600,Tarjeta crédito,Nuevo,35-44,,,,25.7,Sí
102713,2026-04-02,4,Abril,14,Jueves,No,Sí,12:51,Almuerzo,El Peñón,Domicilio,Almuerzo,Ensalada César,,2,19500,0,39000,Billetera digital,Nuevo,35-44,,,,25.7,Sí
102692,2026-04-02,4,Abril,14,Jueves,No,Sí,13:38,Almuerzo,Granada,Domicilio,Bebida fría,Frappé de café,L,3,15600,5,44500,Tarjeta crédito,Fidelizado,35-44,,,,25.7,Sí
102693,2026-04-02,4,Abril,14,Jueves,No,Sí,14:05,Tarde,Granada,Mostrador,Snacks,Empanada,,1,3500,0,3500,Tarjeta débito,Recurrente,25-34,1.9,5,,25.7,Sí
102717,2026-04-02,4,Abril,14,Jueves,No,Sí,14:07,Tarde,El Peñón,Domicilio,Panadería,Pandebono,,2,2500,0,5000,Efectivo,Recurrente,55 o más,,,,25.7,Sí
102704,2026-04-02,4,Abril,14,Jueves,No,Sí,14:21,Tarde,San Antonio,Mostrador,Café caliente,Capuchino,S,1,7200,0,7200,Efectivo,Recurrente,25-34,5.5,,,25.7,Sí
102716,2026-04-02,4,Abril,14,Jueves,No,Sí,14:40,Tarde,El Peñón,Mostrador,Bebida fría,Té helado,M,1,7500,0,7500,Efectivo,Nuevo,25-34,2.3,,,25.7,Sí
102715,2026-04-02,4,Abril,14,Jueves,No,Sí,14:46,Tarde,El Peñón,Mostrador,Bebida fría,Frappé de café,S,1,10600,0,10600,Tarjeta crédito,Nuevo,18-24,3.4,,,25.7,Sí
102691,2026-04-02,4,Abril,14,Jueves,No,Sí,14:55,Tarde,Granada,Mostrador,Snacks,Galletas,,3,4500,0,13500,Efectivo,Recurrente,35-44,2.3,4,,25.7,Sí
102688,2026-04-02,4,Abril,14,Jueves,No,Sí,15:26,Tarde,Granada,Domicilio,Café caliente,Tinto,S,1,3000,0,3000,Tarjeta crédito,Nuevo,35-44,,,,25.7,Sí
102703,2026-04-02,4,Abril,14,Jueves,No,Sí,16:15,Tarde,San Antonio,Mostrador,Café caliente,Capuchino,M,2,8500,0,17000,Efectivo,Recurrente,18-24,1.3,,,25.7,Sí
102706,2026-04-02,4,Abril,14,Jueves,No,Sí,16:53,Tarde,Ciudad Jardín,Mostrador,Bebida fría,Frappé de café,M,2,12500,0,25000,Efectivo,Nuevo,35-44,1.9,,,25.7,Sí
102686,2026-04-02,4,Abril,14,Jueves,No,Sí,17:08,Tarde,Granada,Mostrador,Panadería,Pandebono,,1,2500,0,2500,Billetera digital,Nuevo,25-34,9.6,,,25.7,Sí
102699,2026-04-02,4,Abril,14,Jueves,No,Sí,17:53,Tarde,San Antonio,Mostrador,Café caliente,Capuchino,L,1,10600,5,10100,Tarjeta débito,Fidelizado,25-34,5.2,,,25.7,Sí
102721,2026-04-02,4,Abril,14,Jueves,No,Sí,18:37,Noche,El Peñón,Mostrador,Almuerzo,Wrap de pollo,,2,18500,5,35200,Tarjeta crédito,Fidelizado,35-44,1.8,,,25.7,Sí
102685,2026-04-02,4,Abril,14,Jueves,No,Sí,19:50,Noche,Granada,Domicilio,Almuerzo,Wrap de pollo,,1,18500,0,18500,Tarjeta crédito,Nuevo,18-24,,,,25.7,Sí
102742,2026-04-03,4,Abril,14,Viernes,No,Sí,06:02,Mañana,San Antonio,Mostrador,Café caliente,Americano,L,1,6900,0,6900,Billetera digital,Nuevo,25-34,2.4,,,23.8,Sí
102725,2026-04-03,4,Abril,14,Viernes,No,Sí,06:27,Mañana,Granada,Mostrador,Café caliente,Tinto,S,1,3000,0,3000,Efectivo,Recurrente,25-34,4.7,,,23.8,Sí
102754,2026-04-03,4,Abril,14,Viernes,No,Sí,07:07,Mañana,El Peñón,Mostrador,Panadería,Buñuelo,,1,2200,0,2200,Billetera digital,Nuevo,35-44,7.8,3,Aceptable,23.8,Sí
102722,2026-04-03,4,Abril,14,Viernes,No,Sí,07:19,Mañana,Granada,Domicilio,Café caliente,Capuchino,M,2,8500,5,16200,Tarjeta débito,Fidelizado,25-34,,,,23.8,Sí
102745,2026-04-03,4,Abril,14,Viernes,No,Sí,07:24,Mañana,Ciudad Jardín,Mostrador,Café caliente,Capuchino,M,2,8500,0,17000,Tarjeta débito,Nuevo,45-54,2.8,,,23.8,Sí
102749,2026-04-03,4,Abril,14,Viernes,No,Sí,07:40,Mañana,Ciudad Jardín,App,Café caliente,Chocolate caliente,S,2,6800,15,11600,Tarjeta crédito,Fidelizado,55 o más,2.1,,,23.8,Sí
102751,2026-04-03,4,Abril,14,Viernes,No,Sí,07:52,Mañana,Ciudad Jardín,Domicilio,Panadería,Buñuelo,,2,2200,0,4400,Efectivo,Nuevo,45-54,,,,23.8,Sí
102738,2026-04-03,4,Abril,14,Viernes,No,Sí,08:11,Mañana,San Antonio,Domicilio,Café caliente,Capuchino,M,3,8500,0,25500,Tarjeta débito,Recurrente,55 o más,,5,,23.8,Sí
102732,2026-04-03,4,Abril,14,Viernes,No,Sí,08:52,Mañana,Granada,Mostrador,Panadería,Buñuelo,,2,2200,0,4400,Tarjeta débito,Recurrente,Menos de 18,7.4,4,Volveré pronto,23.8,Sí
102727,2026-04-03,4,Abril,14,Viernes,No,Sí,09:18,Mañana,Granada,Mostrador,Snacks,Galletas,,2,4500,0,9000,Efectivo,Recurrente,45-54,2.4,,,23.8,Sí
102733,2026-04-03,4,Abril,14,Viernes,No,Sí,09:44,Mañana,San Antonio,App,Café caliente,Tinto,M,2,3500,15,6000,Tarjeta débito,Nuevo,35-44,1.1,,,23.8,Sí
102750,2026-04-03,4,Abril,14,Viernes,No,Sí,10:02,Media mañana,Ciudad Jardín,Mostrador,Café caliente,Americano,M,1,5500,0,5500,Tarjeta crédito,Recurrente,45-54,1.0,,,23.8,Sí
102729,2026-04-03,4,Abril,14,Viernes,No,Sí,10:39,Media mañana,Granada,Mostrador,Panadería,Pandebono,,1,2500,0,2500,Efectivo,Recurrente,35-44,3.2,5,El pandebono estaba recién hecho,23.8,Sí
102739,2026-04-03,4,Abril,14,Viernes,No,Sí,11:00,Media mañana,San Antonio,Domicilio,Café caliente,Mocaccino,L,2,11900,5,22600,Billetera digital,Fidelizado,18-24,,,,23.8,Sí
102741,2026-04-03,4,Abril,14,Viernes,No,Sí,11:07,Media mañana,San Antonio,Domicilio,Café caliente,Americano,L,1,6900,0,6900,Efectivo,Recurrente,25-34,,3,,23.8,Sí
102728,2026-04-03,4,Abril,14,Viernes,No,Sí,11:32,Media mañana,Granada,App,Café caliente,Capuchino,S,2,7200,15,12200,Tarjeta débito,Recurrente,18-24,2.9,,,23.8,Sí
102723,2026-04-03,4,Abril,14,Viernes,No,Sí,11:38,Media mañana,Granada,Domicilio,Panadería,Buñuelo,,2,2200,5,4200,Efectivo,Fidelizado,25-34,,,,23.8,Sí
102748,2026-04-03,4,Abril,14,Viernes,No,Sí,11:38,Media mañana,Ciudad Jardín,Domicilio,Café caliente,Mocaccino,M,3,9500,0,28500,Billetera digital,Nuevo,25-34,,,,23.8,Sí
102752,2026-04-03,4,Abril,14,Viernes,No,Sí,12:12,Almuerzo,El Peñón,Domicilio,Snacks,Empanada,,1,3500,0,3500,Tarjeta crédito,Recurrente,Menos de 18,,,,23.8,Sí
102730,2026-04-03,4,Abril,14,Viernes,No,Sí,12:20,Almuerzo,Granada,App,Café caliente,Tinto,S,2,3000,15,5100,Tarjeta crédito,Fidelizado,25-34,2.8,,,23.8,Sí
102735,2026-04-03,4,Abril,14,Viernes,No,Sí,14:28,Tarde,San Antonio,Mostrador,Snacks,Empanada,,2,3500,5,6600,Tarjeta crédito,Fidelizado,25-34,3.2,4,La app funciona bien,23.8,Sí
102743,2026-04-03,4,Abril,14,Viernes,No,Sí,14:45,Tarde,San Antonio,Mostrador,Snacks,Empanada,,4,3500,0,14000,Tarjeta débito,Recurrente,18-24,2.2,3,,23.8,Sí
102746,2026-04-03,4,Abril,14,Viernes,No,Sí,14:58,Tarde,Ciudad Jardín,Mostrador,Panadería,Croissant,,4,6500,0,26000,Billetera digital,Nuevo,25-34,2.3,,,23.8,Sí
102734,2026-04-03,4,Abril,14,Viernes,No,Sí,16:57,Tarde,San Antonio,Mostrador,Café caliente,Tinto,L,1,4400,0,4400,Tarjeta débito,Nuevo,Menos de 18,3.0,4,Muy buen café,23.8,Sí
102724,2026-04-03,4,Abril,14,Viernes,No,Sí,17:03,Tarde,Granada,Mostrador,Café caliente,Americano,S,1,4700,0,4700,Tarjeta débito,Recurrente,25-34,2.3,,,23.8,Sí
102726,2026-04-03,4,Abril,14,Viernes,No,Sí,17:05,Tarde,Granada,Mostrador,Café caliente,Capuchino,M,1,8500,0,8500,Billetera digital,Nuevo,18-24,2.7,5,,23.8,Sí
102740,2026-04-03,4,Abril,14,Viernes,No,Sí,17:23,Tarde,San Antonio,Mostrador,Café caliente,Capuchino,M,1,8500,0,8500,Efectivo,Recurrente,18-24,3.8,,,23.8,Sí
102755,2026-04-03,4,Abril,14,Viernes,No,Sí,19:02,Noche,El Peñón,Domicilio,Café caliente,Mocaccino,M,2,9500,0,19000,Efectivo,Recurrente,25-34,,,,23.8,Sí
102736,2026-04-03,4,Abril,14,Viernes,No,Sí,19:36,Noche,San Antonio,Mostrador,Café caliente,Latte,M,2,9000,5,17100,Tarjeta débito,Fidelizado,55 o más,4.1,5,,23.8,Sí
102753,2026-04-03,4,Abril,14,Viernes,No,Sí,20:14,Noche,El Peñón,Domicilio,Panadería,Torta de zanahoria,,1,9000,0,9000,Tarjeta débito,Nuevo,25-34,,,,23.8,Sí
102747,2026-04-03,4,Abril,14,Viernes,No,Sí,20:17,Noche,Ciudad Jardín,Domicilio,Café caliente,Capuchino,M,1,8500,0,8500,Tarjeta crédito,Nuevo,35-44,,,,23.8,Sí
102744,2026-04-03,4,Abril,14,Viernes,No,Sí,20:21,Noche,San Antonio,Domicilio,Café caliente,Tinto,L,1,4400,0,4400,Tarjeta débito,Nuevo,18-24,,,,23.8,Sí
102731,2026-04-03,4,Abril,14,Viernes,No,Sí,20:34,Noche,Granada,Mostrador,Café caliente,Americano,S,1,4700,5,4500,Billetera digital,Fidelizado,45-54,7.2,3,,23.8,Sí
102737,2026-04-03,4,Abril,14,Viernes,No,Sí,20:53,Noche,San Antonio,Mostrador,Panadería,Pandebono,,1,2500,0,2500,Efectivo,Nuevo,25-34,3.6,4,,23.8,Sí
102788,2026-04-04,4,Abril,14,Sábado,Sí,No,06:11,Mañana,Ciudad Jardín,Mostrador,Café caliente,Mocaccino,M,2,9500,5,18000,Tarjeta débito,Fidelizado,25-34,2.4,,,28.6,No
102792,2026-04-04,4,Abril,14,Sábado,Sí,No,06:19,Mañana,El Peñón,App,Café caliente,Americano,L,1,6900,15,5900,Billetera digital,Fidelizado,Menos de 18,1.2,,,28.6,No
102761,2026-04-04,4,Abril,14,Sábado,Sí,No,06:23,Mañana,Granada,Mostrador,Panadería,Buñuelo,,1,2200,0,2200,Billetera digital,Nuevo,18-24,5.4,5,Buen precio por el tamaño,28.6,No
102773,2026-04-04,4,Abril,14,Sábado,Sí,No,07:04,Mañana,Granada,Mostrador,Panadería,Buñuelo,,3,2200,0,6600,Tarjeta débito,Recurrente,45-54,6.7,4,,28.6,No
102791,2026-04-04,4,Abril,14,Sábado,Sí,No,07:18,Mañana,El Peñón,Mostrador,Panadería,Pandebono,,1,2500,0,2500,Efectivo,Nuevo,45-54,1.7,5,,28.6,No
102756,2026-04-04,4,Abril,14,Sábado,Sí,No,07:24,Mañana,Centro,Mostrador,Panadería,Torta de zanahoria,,3,9000,0,27000,Billetera digital,Recurrente,35-44,2.0,4,Bueno,28.6,No
102778,2026-04-04,4,Abril,14,Sábado,Sí,No,08:30,Mañana,San Antonio,Mostrador,Café caliente,Capuchino,M,1,8500,0,8500,Tarjeta débito,Nuevo,25-34,2.5,,,28.6,No
102776,2026-04-04,4,Abril,14,Sábado,Sí,No,09:15,Mañana,San Antonio,App,Café caliente,Mocaccino,M,1,9500,15,8100,Tarjeta crédito,Fidelizado,Menos de 18,1.6,5,,28.6,No
102781,2026-04-04,4,Abril,14,Sábado,Sí,No,09:16,Mañana,Ciudad Jardín,Mostrador,Café caliente,Latte,M,2,9000,0,18000,Tarjeta crédito,Nuevo,35-44,4.8,,,28.6,No
102759,2026-04-04,4,Abril,14,Sábado,Sí,No,09:18,Mañana,Centro,App,Panadería,Pandebono,,3,2500,15,6400,Tarjeta crédito,Recurrente,35-44,0.9,,,28.6,No
102762,2026-04-04,4,Abril,14,Sábado,Sí,No,09:25,Mañana,Granada,Mostrador,Panadería,Pandebono,,1,2500,0,2500,Efectivo,Recurrente,55 o más,2.7,5,Muy buen café,28.6,No
102765,2026-04-04,4,Abril,14,Sábado,Sí,No,09:34,Mañana,Granada,App,Café caliente,Tinto,L,1,4400,15,3700,Tarjeta débito,Recurrente,25-34,2.5,,,28.6,No
102770,2026-04-04,4,Abril,14,Sábado,Sí,No,09:36,Mañana,Granada,Mostrador,Café caliente,Latte,S,2,7600,0,15200,Tarjeta débito,Recurrente,25-34,13.8,,,28.6,No
102757,2026-04-04,4,Abril,14,Sábado,Sí,No,09:40,Mañana,Centro,Mostrador,Café caliente,Chocolate caliente,L,1,10000,0,10000,Tarjeta débito,Nuevo,18-24,5.0,,,28.6,No
102758,2026-04-04,4,Abril,14,Sábado,Sí,No,10:11,Media mañana,Centro,Mostrador,Almuerzo,Bowl vegetariano,,1,22000,0,22000,Billetera digital,Nuevo,45-54,2.2,,,28.6,No
102763,2026-04-04,4,Abril,14,Sábado,Sí,No,10:11,Media mañana,Granada,Mostrador,Snacks,Empanada,,1,3500,0,3500,Billetera digital,Recurrente,35-44,7.6,,,28.6,No
102786,2026-04-04,4,Abril,14,Sábado,Sí,No,10:55,Media mañana,Ciudad Jardín,Mostrador,Café caliente,Americano,S,1,4700,5,4500,Tarjeta débito,Fidelizado,18-24,3.0,5,La app funciona bien,28.6,No
102779,2026-04-04,4,Abril,14,Sábado,Sí,No,11:07,Media mañana,San Antonio,Mostrador,Bebida fría,Té helado,S,1,6400,0,6400,Efectivo,Recurrente,45-54,3.4,5,,28.6,No
102783,2026-04-04,4,Abril,14,Sábado,Sí,No,11:12,Media mañana,Ciudad Jardín,App,Panadería,Pandebono,,2,2500,15,4200,Tarjeta crédito,Fidelizado,55 o más,1.9,,,28.6,No
102785,2026-04-04,4,Abril,14,Sábado,Sí,No,11:24,Media mañana,Ciudad Jardín,Mostrador,Café caliente,Tinto,L,2,4400,5,8400,Efectivo,Fidelizado,45-54,5.9,,,28.6,No
102767,2026-04-04,4,Abril,14,Sábado,Sí,No,11:28,Media mañana,Granada,Domicilio,Café caliente,Tinto,M,1,3500,0,3500,Efectivo,Recurrente,18-24,,3,"Bien, pero podría mejorar",28.6,No
102768,2026-04-04,4,Abril,14,Sábado,Sí,No,11:28,Media mañana,Granada,Domicilio,Café caliente,Mocaccino,S,2,8100,5,15400,Billetera digital,Fidelizado,18-24,,,,28.6,No
102794,2026-04-04,4,Abril,14,Sábado,Sí,No,11:33,Media mañana,El Peñón,Domicilio,Bebida fría,Limonada de coco,L,1,13800,0,13800,Tarjeta crédito,Recurrente,45-54,,,,28.6,No
102789,2026-04-04,4,Abril,14,Sábado,Sí,No,11:34,Media mañana,Ciudad Jardín,Mostrador,Panadería,Buñuelo,,5,2200,0,11000,Tarjeta débito,Recurrente,35-44,7.2,,,28.6,No
102787,2026-04-04,4,Abril,14,Sábado,Sí,No,12:23,Almuerzo,Ciudad Jardín,Mostrador,Almuerzo,Ensalada César,,2,19500,0,39000,Tarjeta débito,Recurrente,25-34,2.9,5,,28.6,No
102777,2026-04-04,4,Abril,14,Sábado,Sí,No,12:38,Almuerzo,San Antonio,Mostrador,Snacks,Empanada,,2,3500,0,7000,Tarjeta crédito,Recurrente,35-44,3.6,,,28.6,No
102784,2026-04-04,4,Abril,14,Sábado,Sí,No,13:10,Almuerzo,Ciudad Jardín,App,Café caliente,Americano,S,2,4700,15,8000,Tarjeta débito,Recurrente,35-44,7.2,,,28.6,No
102774,2026-04-04,4,Abril,14,Sábado,Sí,No,13:13,Almuerzo,Granada,Mostrador,Almuerzo,Wrap de pollo,,3,18500,5,52700,Tarjeta débito,Fidelizado,55 o más,3.1,,,28.6,No
102790,2026-04-04,4,Abril,14,Sábado,Sí,No,13:13,Almuerzo,Ciudad Jardín,App,Almuerzo,Wrap de pollo,,2,18500,15,31400,Tarjeta débito,Nuevo,Menos de 18,1.8,,,28.6,No
102795,2026-04-04,4,Abril,14,Sábado,Sí,No,13:24,Almuerzo,El Peñón,App,Almuerzo,Wrap de pollo,,2,18500,15,31400,Tarjeta débito,Recurrente,35-44,2.7,,,28.6,No
102760,2026-04-04,4,Abril,14,Sábado,Sí,No,13:28,Almuerzo,Centro,Mostrador,Panadería,Buñuelo,,2,2200,5,4200,Efectivo,Fidelizado,18-24,7.8,,,28.6,No
102775,2026-04-04,4,Abril,14,Sábado,Sí,No,13:43,Almuerzo,Granada,Mostrador,Café caliente,Chocolate caliente,M,2,8000,0,16000,Tarjeta débito,Nuevo,25-34,5.1,,,28.6,No
102780,2026-04-04,4,Abril,14,Sábado,Sí,No,14:03,Tarde,San Antonio,Mostrador,Panadería,Pandebono,,1,2500,0,2500,Tarjeta débito,Recurrente,18-24,5.4,5,Excelente atención,28.6,No
102793,2026-04-04,4,Abril,14,Sábado,Sí,No,14:52,Tarde,El Peñón,Mostrador,Café caliente,Capuchino,M,1,8500,0,8500,Efectivo,Nuevo,25-34,2.8,,,28.6,No
102771,2026-04-04,4,Abril,14,Sábado,Sí,No,14:55,Tarde,Granada,Mostrador,Panadería,Pandebono,,2,2500,0,5000,Tarjeta crédito,Nuevo,25-34,5.2,,,28.6,No
102772,2026-04-04,4,Abril,14,Sábado,Sí,No,15:11,Tarde,Granada,App,Panadería,Muffin,,1,7000,15,6000,Tarjeta crédito,Fidelizado,18-24,1.3,3,,28.6,No
102764,2026-04-04,4,Abril,14,Sábado,Sí,No,18:31,Noche,Granada,Domicilio,Almuerzo,Bowl vegetariano,,1,22000,0,22000,Efectivo,Recurrente,25-34,,,,28.6,No
102769,2026-04-04,4,Abril,14,Sábado,Sí,No,19:25,Noche,Granada,Mostrador,Snacks,Empanada,,2,3500,0,7000,Tarjeta crédito,Recurrente,55 o más,2.3,,,28.6,No
102782,2026-04-04,4,Abril,14,Sábado,Sí,No,19:57,Noche,Ciudad Jardín,Mostrador,Panadería,Pandebono,,3,2500,0,7500,Billetera digital,Recurrente,35-44,2.2,5,Rápido y amable,28.6,No
102766,2026-04-04,4,Abril,14,Sábado,Sí,No,19:58,Noche,Granada,Mostrador,Bebida fría,Frappé de café,S,1,10600,0,10600,Efectivo,Recurrente,35-44,4.2,,,28.6,No
102815,2026-04-05,4,Abril,14,Domingo,Sí,No,06:28,Mañana,El Peñón,Mostrador,Café caliente,Capuchino,L,1,10600,0,10600,Tarjeta débito,Recurrente,45-54,5.3,,,26.7,No
102822,2026-04-05,4,Abril,14,Domingo,Sí,No,06:53,Mañana,El Peñón,App,Café caliente,Capuchino,S,4,7200,15,24500,Billetera digital,Nuevo,25-34,4.9,,,26.7,No
102826,2026-04-05,4,Abril,14,Domingo,Sí,No,07:21,Mañana,El Peñón,Mostrador,Panadería,Torta de zanahoria,,1,9000,0,9000,Tarjeta crédito,Nuevo,55 o más,3.8,,,26.7,No
102812,2026-04-05,4,Abril,14,Domingo,Sí,No,07:40,Mañana,Ciudad Jardín,App,Café caliente,Americano,M,2,5500,15,9400,Billetera digital,Fidelizado,45-54,1.1,,,26.7,No
102817,2026-04-05,4,Abril,14,Domingo,Sí,No,09:09,Mañana,El Peñón,Mostrador,Panadería,Buñuelo,,1,2200,0,2200,Tarjeta débito,Recurrente,45-54,4.1,,,26.7,No
102811,2026-04-05,4,Abril,14,Domingo,Sí,No,09:26,Mañana,Ciudad Jardín,App,Panadería,Muffin,,1,7000,15,6000,Billetera digital,Recurrente,35-44,1.4,,,26.7,No
102800,2026-04-05,4,Abril,14,Domingo,Sí,No,10:03,Media mañana,Granada,Domicilio,Panadería,Pandebono,,1,2500,0,2500,Efectivo,Recurrente,18-24,,4,,26.7,No
102809,2026-04-05,4,Abril,14,Domingo,Sí,No,10:08,Media mañana,Ciudad Jardín,Mostrador,Café caliente,Tinto,M,4,3500,5,13300,Efectivo,Fidelizado,55 o más,3.3,,,26.7,No
102823,2026-04-05,4,Abril,14,Domingo,Sí,No,10:24,Media mañana,El Peñón,Mostrador,Bebida fría,Cold brew,S,1,8900,0,8900,Efectivo,Nuevo,35-44,2.4,,,26.7,No
102819,2026-04-05,4,Abril,14,Domingo,Sí,No,10:39,Media mañana,El Peñón,Mostrador,Café caliente,Americano,M,1,5500,0,5500,Tarjeta crédito,Nuevo,55 o más,3.2,,,26.7,No
102813,2026-04-05,4,Abril,14,Domingo,Sí,No,10:50,Media mañana,Ciudad Jardín,Mostrador,Snacks,Empanada,,2,3500,0,7000,Billetera digital,Recurrente,18-24,2.9,5,,26.7,No
102798,2026-04-05,4,Abril,14,Domingo,Sí,No,10:58,Media mañana,Granada,Mostrador,Café caliente,Chocolate caliente,M,1,8000,0,8000,Efectivo,Recurrente,25-34,5.9,4,,26.7,No
102818,2026-04-05,4,Abril,14,Domingo,Sí,No,11:00,Media mañana,El Peñón,Mostrador,Café caliente,Tinto,M,2,3500,0,7000,Tarjeta débito,Nuevo,18-24,2.5,5,Rápido y amable,26.7,No
102796,2026-04-05,4,Abril,14,Domingo,Sí,No,11:03,Media mañana,Granada,App,Panadería,Pandebono,,1,2500,15,2100,Billetera digital,Recurrente,35-44,1.9,5,Rápido y amable,26.7,No
102824,2026-04-05,4,Abril,14,Domingo,Sí,No,11:16,Media mañana,El Peñón,Mostrador,Café caliente,Capuchino,L,1,10600,0,10600,Efectivo,Nuevo,18-24,3.5,,,26.7,No
102825,2026-04-05,4,Abril,14,Domingo,Sí,No,12:24,Almuerzo,El Peñón,App,Bebida fría,Jugo natural,L,2,10600,15,18000,Billetera digital,Nuevo,25-34,6.1,5,Muy buen café,26.7,No
102804,2026-04-05,4,Abril,14,Domingo,Sí,No,13:37,Almuerzo,San Antonio,Mostrador,Almuerzo,Ensalada César,,2,19500,0,39000,Efectivo,Recurrente,35-44,3.6,,,26.7,No
102810,2026-04-05,4,Abril,14,Domingo,Sí,No,14:17,Tarde,Ciudad Jardín,App,Snacks,Galletas,,3,4500,15,11500,Billetera digital,Recurrente,Menos de 18,1.9,5,Muy buen café,26.7,No
102799,2026-04-05,4,Abril,14,Domingo,Sí,No,14:31,Tarde,Granada,Mostrador,Café caliente,Latte,M,4,9000,0,36000,Efectivo,Recurrente,18-24,2.3,,,26.7,No
102820,2026-04-05,4,Abril,14,Domingo,Sí,No,14:44,Tarde,El Peñón,Mostrador,Snacks,Galletas,,1,4500,0,4500,Tarjeta crédito,Recurrente,35-44,1.9,,,26.7,No
102806,2026-04-05,4,Abril,14,Domingo,Sí,No,14:54,Tarde,San Antonio,App,Café caliente,Latte,L,1,11200,15,9500,Tarjeta débito,Recurrente,25-34,2.9,4,El pandebono estaba recién hecho,26.7,No
102807,2026-04-05,4,Abril,14,Domingo,Sí,No,15:31,Tarde,Ciudad Jardín,App,Café caliente,Mocaccino,M,2,9500,15,16200,Billetera digital,Fidelizado,25-34,1.0,5,Excelente atención,26.7,No
102808,2026-04-05,4,Abril,14,Domingo,Sí,No,15:35,Tarde,Ciudad Jardín,Mostrador,Bebida fría,Frappé de café,M,2,12500,0,25000,Tarjeta débito,Recurrente,45-54,2.9,5,,26.7,No
102821,2026-04-05,4,Abril,14,Domingo,Sí,No,15:45,Tarde,El Peñón,Domicilio,Bebida fría,Frappé de café,L,1,15600,0,15600,Billetera digital,Nuevo,Menos de 18,,4,"Bien, pero podría mejorar",26.7,No
102803,2026-04-05,4,Abril,14,Domingo,Sí,No,16:05,Tarde,Granada,Mostrador,Panadería,Croissant,,1,6500,0,6500,Tarjeta débito,Recurrente,18-24,4.1,,,26.7,No
102814,2026-04-05,4,Abril,14,Domingo,Sí,No,16:29,Tarde,El Peñón,Domicilio,Panadería,Pandebono,,2,2500,0,5000,Tarjeta débito,Nuevo,35-44,,4,,26.7,No
102805,2026-04-05,4,Abril,14,Domingo,Sí,No,17:30,Tarde,San Antonio,Mostrador,Bebida fría,Té helado,M,1,7500,0,7500,Billetera digital,Recurrente,25-34,4.0,,,26.7,No
102802,2026-04-05,4,Abril,14,Domingo,Sí,No,17:34,Tarde,Granada,Mostrador,Panadería,Torta de zanahoria,,4,9000,0,36000,Efectivo,Recurrente,55 o más,2.7,,,26.7,No
102816,2026-04-05,4,Abril,14,Domingo,Sí,No,20:07,Noche,El Peñón,App,Café caliente,Chocolate caliente,M,2,8000,15,13600,Billetera digital,Fidelizado,25-34,1.7,5,Me encanta el ambiente,26.7,No
102801,2026-04-05,4,Abril,14,Domingo,Sí,No,20:17,Noche,Granada,Mostrador,Almuerzo,Wrap de pollo,,1,18500,0,18500,Billetera digital,Nuevo,35-44,5.6,,,26.7,No
102797,2026-04-05,4,Abril,14,Domingo,Sí,No,20:55,Noche,Granada,App,Bebida fría,Frappé de café,M,2,12500,15,21200,Tarjeta crédito,Fidelizado,25-34,1.8,,,26.7,No
102839,2026-04-06,4,Abril,15,Lunes,No,No,06:10,Mañana,Centro,Mostrador,Snacks,Empanada,,1,3500,0,3500,Tarjeta crédito,Recurrente,35-44,8.4,3,,27.6,No
102837,2026-04-06,4,Abril,15,Lunes,No,No,06:30,Mañana,Centro,Mostrador,Café caliente,Latte,S,3,7600,0,22800,Billetera digital,Recurrente,35-44,14.0,3,,27.6,No
102835,2026-04-06,4,Abril,15,Lunes,No,No,06:56,Mañana,Centro,App,Café caliente,Latte,M,1,9000,15,7600,Tarjeta débito,Nuevo,25-34,5.6,,,27.6,No
102829,2026-04-06,4,Abril,15,Lunes,No,No,07:14,Mañana,Centro,Mostrador,Café caliente,Tinto,L,2,4400,0,8800,Efectivo,Recurrente,45-54,7.4,4,Buen precio por el tamaño,27.6,No
102844,2026-04-06,4,Abril,15,Lunes,No,No,07:58,Mañana,Granada,Mostrador,Café caliente,Mocaccino,S,1,8100,5,7700,Tarjeta débito,Fidelizado,55 o más,4.3,,,27.6,No
102830,2026-04-06,4,Abril,15,Lunes,No,No,08:04,Mañana,Centro,Mostrador,Café caliente,Capuchino,L,1,10600,0,10600,Tarjeta crédito,Recurrente,18-24,8.3,3,,27.6,No
102834,2026-04-06,4,Abril,15,Lunes,No,No,08:11,Mañana,Centro,Mostrador,Panadería,Pandebono,,1,2500,0,2500,Tarjeta débito,Recurrente,18-24,6.1,,,27.6,No
102840,2026-04-06,4,Abril,15,Lunes,No,No,08:22,Mañana,Centro,Mostrador,Café caliente,Americano,M,3,5500,5,15700,Efectivo,Fidelizado,25-34,11.6,,,27.6,No
102838,2026-04-06,4,Abril,15,Lunes,No,No,09:13,Mañana,Centro,Domicilio,Panadería,Torta de zanahoria,,1,9000,0,9000,Efectivo,Recurrente,25-34,,4,,27.6,No
102836,2026-04-06,4,Abril,15,Lunes,No,No,09:21,Mañana,Centro,Mostrador,Café caliente,Latte,S,4,7600,0,30400,Efectivo,Recurrente,18-24,7.4,,,27.6,No
102857,2026-04-06,4,Abril,15,Lunes,No,No,09:30,Mañana,El Peñón,Domicilio,Café caliente,Capuchino,S,2,7200,0,14400,Efectivo,Nuevo,35-44,,,,27.6,No
102842,2026-04-06,4,Abril,15,Lunes,No,No,09:44,Mañana,Granada,App,Snacks,Empanada,,1,3500,15,3000,Tarjeta crédito,Recurrente,55 o más,2.0,3,Aceptable,27.6,No
102845,2026-04-06,4,Abril,15,Lunes,No,No,10:29,Media mañana,San Antonio,Mostrador,Bebida fría,Limonada de coco,S,3,9400,0,28200,Billetera digital,Recurrente,18-24,2.9,4,,27.6,No
102832,2026-04-06,4,Abril,15,Lunes,No,No,10:48,Media mañana,Centro,App,Café caliente,Americano,M,1,5500,15,4700,Tarjeta crédito,Recurrente,25-34,1.8,,,27.6,No
102856,2026-04-06,4,Abril,15,Lunes,No,No,11:36,Media mañana,El Peñón,Mostrador,Café caliente,Tinto,S,1,3000,0,3000,Tarjeta débito,Nuevo,45-54,3.0,3,,27.6,No
102828,2026-04-06,4,Abril,15,Lunes,No,No,12:02,Almuerzo,Centro,App,Bebida fría,Limonada de coco,M,1,11000,15,9400,Tarjeta crédito,Recurrente,18-24,8.8,4,Buen precio por el tamaño,27.6,No
102841,2026-04-06,4,Abril,15,Lunes,No,No,12:09,Almuerzo,Granada,App,Almuerzo,Wrap de pollo,,2,18500,15,31400,Billetera digital,Recurrente,25-34,3.6,,,27.6,No
102850,2026-04-06,4,Abril,15,Lunes,No,No,12:16,Almuerzo,Ciudad Jardín,App,Almuerzo,Bowl vegetariano,,2,22000,15,37400,Tarjeta débito,Fidelizado,45-54,3.5,,,27.6,No
102852,2026-04-06,4,Abril,15,Lunes,No,No,12:40,Almuerzo,Ciudad Jardín,Domicilio,Almuerzo,Wrap de pollo,,2,18500,0,37000,Tarjeta débito,Nuevo,35-44,,,,27.6,No
102833,2026-04-06,4,Abril,15,Lunes,No,No,13:19,Almuerzo,Centro,Domicilio,Almuerzo,Ensalada César,,1,19500,5,18500,Efectivo,Fidelizado,18-24,,,,27.6,No
102847,2026-04-06,4,Abril,15,Lunes,No,No,13:21,Almuerzo,San Antonio,App,Almuerzo,Wrap de pollo,,1,18500,15,15700,Tarjeta crédito,Recurrente,25-34,1.0,,,27.6,No
102849,2026-04-06,4,Abril,15,Lunes,No,No,13:57,Almuerzo,San Antonio,App,Bebida fría,Cold brew,S,3,8900,15,22700,Billetera digital,Nuevo,18-24,3.5,,,27.6,No
102831,2026-04-06,4,Abril,15,Lunes,No,No,13:58,Almuerzo,Centro,Mostrador,Almuerzo,Bowl vegetariano,,1,22000,0,22000,Efectivo,Recurrente,35-44,8.7,4,,27.6,No
102854,2026-04-06,4,Abril,15,Lunes,No,No,14:53,Tarde,El Peñón,App,Bebida fría,Frappé de café,S,1,10600,15,9000,Billetera digital,Nuevo,25-34,1.6,5,Excelente atención,27.6,No
102853,2026-04-06,4,Abril,15,Lunes,No,No,14:55,Tarde,Ciudad Jardín,Mostrador,Bebida fría,Cold brew,S,2,8900,0,17800,Efectivo,Nuevo,18-24,3.2,,,27.6,No
102855,2026-04-06,4,Abril,15,Lunes,No,No,15:57,Tarde,El Peñón,Mostrador,Bebida fría,Frappé de café,M,2,12500,5,23800,Tarjeta débito,Fidelizado,35-44,2.7,,,27.6,No
102843,2026-04-06,4,Abril,15,Lunes,No,No,16:09,Tarde,Granada,Mostrador,Bebida fría,Frappé de café,M,2,12500,0,25000,Billetera digital,Recurrente,25-34,1.7,,,27.6,No
102827,2026-04-06,4,Abril,15,Lunes,No,No,17:33,Tarde,Centro,Mostrador,Bebida fría,Frappé de café,M,1,12500,0,12500,Tarjeta débito,Recurrente,18-24,1.8,3,,27.6,No
102851,2026-04-06,4,Abril,15,Lunes,No,No,18:37,Noche,Ciudad Jardín,Mostrador,Almuerzo,Sándwich cubano,,2,21000,5,39900,Billetera digital,Fidelizado,35-44,3.9,5,,27.6,No
102848,2026-04-06,4,Abril,15,Lunes,No,No,19:26,Noche,San Antonio,Mostrador,Snacks,Empanada,,2,3500,5,6600,Billetera digital,Fidelizado,35-44,2.1,5,,27.6,No
102846,2026-04-06,4,Abril,15,Lunes,No,No,20:15,Noche,San Antonio,Mostrador,Snacks,Galletas,,1,4500,0,4500,Efectivo,Nuevo,18-24,1.4,5,El pandebono estaba recién hecho,27.6,No
102860,2026-04-07,4,Abril,15,Martes,No,No,07:32,Mañana,Centro,Mostrador,Café caliente,Tinto,S,1,3000,0,3000,Tarjeta crédito,Nuevo,25-34,6.4,,,24.3,Sí
102858,2026-04-07,4,Abril,15,Martes,No,No,07:45,Mañana,Centro,Mostrador,Café caliente,Mocaccino,S,2,8100,0,16200,Efectivo,Nuevo,55 o más,11.4,5,,24.3,Sí
102870,2026-04-07,4,Abril,15,Martes,No,No,10:06,Media mañana,San Antonio,App,Café caliente,Americano,M,1,5500,15,4700,Billetera digital,Nuevo,25-34,2.7,4,,24.3,Sí
102861,2026-04-07,4,Abril,15,Martes,No,No,10:39,Media mañana,Centro,App,Panadería,Muffin,,2,7000,15,11900,Billetera digital,Fidelizado,35-44,1.2,,,24.3,Sí
102865,2026-04-07,4,Abril,15,Martes,No,No,10:49,Media mañana,Granada,App,Café caliente,Tinto,M,1,3500,15,3000,Tarjeta crédito,Fidelizado,25-34,3.2,,,24.3,Sí
102863,2026-04-07,4,Abril,15,Martes,No,No,11:34,Media mañana,Granada,App,Panadería,Croissant,,1,6500,15,5500,Billetera digital,Recurrente,25-34,2.7,5,Excelente atención,24.3,Sí
102876,2026-04-07,4,Abril,15,Martes,No,No,11:42,Media mañana,El Peñón,Domicilio,Snacks,Barra de granola,,2,5500,0,11000,Tarjeta débito,Recurrente,18-24,,,,24.3,Sí
102873,2026-04-07,4,Abril,15,Martes,No,No,11:43,Media mañana,Ciudad Jardín,Mostrador,Café caliente,Capuchino,M,3,8500,0,25500,Efectivo,Recurrente,45-54,2.0,4,Bueno,24.3,Sí
102862,2026-04-07,4,Abril,15,Martes,No,No,12:15,Almuerzo,Centro,Mostrador,Almuerzo,Sándwich cubano,,1,21000,0,21000,Tarjeta crédito,Recurrente,25-34,14.9,,,24.3,Sí
102875,2026-04-07,4,Abril,15,Martes,No,No,12:17,Almuerzo,Ciudad Jardín,Domicilio,Café caliente,Tinto,S,3,3000,5,8600,Efectivo,Fidelizado,35-44,,,,24.3,Sí
102877,2026-04-07,4,Abril,15,Martes,No,No,12:34,Almuerzo,El Peñón,App,Almuerzo,Sándwich cubano,,3,21000,15,53600,Billetera digital,Nuevo,35-44,5.8,4,Buen precio por el tamaño,24.3,Sí
102872,2026-04-07,4,Abril,15,Martes,No,No,12:35,Almuerzo,San Antonio,Mostrador,Almuerzo,Wrap de pollo,,1,18500,0,18500,Tarjeta débito,Recurrente,25-34,7.7,,,24.3,Sí
102859,2026-04-07,4,Abril,15,Martes,No,No,13:07,Almuerzo,Centro,App,Snacks,Empanada,,2,3500,15,6000,Billetera digital,Nuevo,35-44,9.1,,,24.3,Sí
102866,2026-04-07,4,Abril,15,Martes,No,No,13:41,Almuerzo,Granada,Domicilio,Almuerzo,Ensalada César,,3,19500,5,55600,Tarjeta crédito,Fidelizado,25-34,,5,,24.3,Sí
102869,2026-04-07,4,Abril,15,Martes,No,No,14:50,Tarde,San Antonio,Mostrador,Snacks,Galletas,,1,4500,0,4500,Tarjeta débito,Recurrente,25-34,2.0,,,24.3,Sí
102874,2026-04-07,4,Abril,15,Martes,No,No,18:29,Noche,Ciudad Jardín,Mostrador,Café caliente,Tinto,M,1,3500,0,3500,Tarjeta débito,Recurrente,25-34,2.8,5,,24.3,Sí
102864,2026-04-07,4,Abril,15,Martes,No,No,18:41,Noche,Granada,Mostrador,Café caliente,Tinto,M,1,3500,0,3500,Tarjeta crédito,Recurrente,18-24,1.7,,,24.3,Sí
102867,2026-04-07,4,Abril,15,Martes,No,No,19:07,Noche,Granada,Mostrador,Snacks,Papas de paquete,,1,5000,0,5000,Billetera digital,Recurrente,18-24,1.9,5,El pandebono estaba recién hecho,24.3,Sí
102868,2026-04-07,4,Abril,15,Martes,No,No,20:10,Noche,San Antonio,Mostrador,Café caliente,Chocolate caliente,M,1,8000,5,7600,Efectivo,Fidelizado,25-34,7.8,,,24.3,Sí
102871,2026-04-07,4,Abril,15,Martes,No,No,20:14,Noche,San Antonio,Mostrador,Café caliente,Americano,M,2,5500,0,11000,Tarjeta crédito,Recurrente,25-34,2.9,,,24.3,Sí
102880,2026-04-08,4,Abril,15,Miércoles,No,No,06:09,Mañana,Centro,Domicilio,Panadería,Croissant,,1,6500,5,6200,Tarjeta crédito,Fidelizado,25-34,,,,25.6,Sí
102890,2026-04-08,4,Abril,15,Miércoles,No,No,06:21,Mañana,Granada,Domicilio,Café caliente,Capuchino,M,2,8500,0,17000,Efectivo,Recurrente,35-44,,,,25.6,Sí
102886,2026-04-08,4,Abril,15,Miércoles,No,No,06:38,Mañana,Centro,Mostrador,Café caliente,Latte,M,1,9000,0,9000,Billetera digital,Recurrente,18-24,7.9,,,25.6,Sí
102881,2026-04-08,4,Abril,15,Miércoles,No,No,06:55,Mañana,Centro,App,Café caliente,Americano,L,3,6900,15,17600,Tarjeta crédito,Fidelizado,35-44,5.2,,,25.6,Sí
102898,2026-04-08,4,Abril,15,Miércoles,No,No,07:29,Mañana,Ciudad Jardín,App,Panadería,Buñuelo,,1,2200,15,1900,Tarjeta crédito,Nuevo,45-54,3.0,5,,25.6,Sí
102900,2026-04-08,4,Abril,15,Miércoles,No,No,08:03,Mañana,El Peñón,Domicilio,Café caliente,Capuchino,M,1,8500,0,8500,Tarjeta débito,Recurrente,18-24,,5,,25.6,Sí
102892,2026-04-08,4,Abril,15,Miércoles,No,No,09:34,Mañana,Ciudad Jardín,App,Panadería,Croissant,,4,6500,15,22100,Tarjeta débito,Recurrente,45-54,3.4,5,,25.6,Sí
102897,2026-04-08,4,Abril,15,Miércoles,No,No,09:47,Mañana,Ciudad Jardín,Mostrador,Café caliente,Latte,M,3,9000,0,27000,Efectivo,Nuevo,45-54,5.0,,,25.6,Sí
102902,2026-04-08,4,Abril,15,Miércoles,No,No,09:57,Mañana,El Peñón,App,Panadería,Torta de zanahoria,,2,9000,15,15300,Billetera digital,Nuevo,25-34,2.4,3,,25.6,Sí
102888,2026-04-08,4,Abril,15,Miércoles,No,No,10:50,Media mañana,Granada,Mostrador,Café caliente,Tinto,M,2,3500,0,7000,Tarjeta débito,Nuevo,45-54,2.6,,,25.6,Sí
102884,2026-04-08,4,Abril,15,Miércoles,No,No,11:21,Media mañana,Centro,Mostrador,Panadería,Croissant,,1,6500,0,6500,Efectivo,Nuevo,Menos de 18,1.7,4,,25.6,Sí
102894,2026-04-08,4,Abril,15,Miércoles,No,No,11:33,Media mañana,Ciudad Jardín,Mostrador,Panadería,Muffin,,3,7000,0,21000,Efectivo,Recurrente,55 o más,4.2,3,Rico pero un poco demorado,25.6,Sí
102885,2026-04-08,4,Abril,15,Miércoles,No,No,12:49,Almuerzo,Centro,Domicilio,Almuerzo,Bowl vegetariano,,2,22000,0,44000,Tarjeta débito,Nuevo,55 o más,,4,,25.6,Sí
102882,2026-04-08,4,Abril,15,Miércoles,No,No,12:52,Almuerzo,Centro,Mostrador,Almuerzo,Sándwich cubano,,1,21000,0,21000,Billetera digital,Recurrente,18-24,10.5,3,,25.6,Sí
102899,2026-04-08,4,Abril,15,Miércoles,No,No,12:59,Almuerzo,El Peñón,App,Almuerzo,Ensalada César,,1,19500,15,16600,Tarjeta débito,Nuevo,25-34,6.2,3,Normal,25.6,Sí
102896,2026-04-08,4,Abril,15,Miércoles,No,No,13:53,Almuerzo,Ciudad Jardín,Mostrador,Almuerzo,Wrap de pollo,,3,18500,5,52700,Billetera digital,Fidelizado,45-54,6.9,,,25.6,Sí
102879,2026-04-08,4,Abril,15,Miércoles,No,No,13:55,Almuerzo,Centro,Mostrador,Snacks,Empanada,,1,3500,5,3300,Billetera digital,Fidelizado,25-34,13.2,,,25.6,Sí
102883,2026-04-08,4,Abril,15,Miércoles,No,No,13:56,Almuerzo,Centro,Mostrador,Café caliente,Latte,M,2,9000,0,18000,Efectivo,Nuevo,25-34,19.5,3,Se demoraron con mi pedido,25.6,Sí
102891,2026-04-08,4,Abril,15,Miércoles,No,No,14:53,Tarde,San Antonio,Mostrador,Snacks,Papas de paquete,,2,5000,0,10000,Efectivo,Recurrente,25-34,1.7,,,25.6,Sí
102895,2026-04-08,4,Abril,15,Miércoles,No,No,16:11,Tarde,Ciudad Jardín,Mostrador,Café caliente,Latte,M,2,9000,0,18000,Tarjeta crédito,Recurrente,55 o más,2.0,,,25.6,Sí
102893,2026-04-08,4,Abril,15,Miércoles,No,No,16:28,Tarde,Ciudad Jardín,Mostrador,Bebida fría,Cold brew,L,2,13100,0,26200,Billetera digital,Recurrente,45-54,3.8,3,,25.6,Sí
102901,2026-04-08,4,Abril,15,Miércoles,No,No,16:42,Tarde,El Peñón,App,Snacks,Barra de granola,,1,5500,15,4700,Billetera digital,Nuevo,25-34,1.6,,,25.6,Sí
102878,2026-04-08,4,Abril,15,Miércoles,No,No,17:32,Tarde,Centro,Mostrador,Snacks,Empanada,,1,3500,5,3300,Tarjeta débito,Fidelizado,55 o más,8.2,,,25.6,Sí
102889,2026-04-08,4,Abril,15,Miércoles,No,No,18:54,Noche,Granada,Domicilio,Bebida fría,Jugo natural,S,1,7200,0,7200,Efectivo,Nuevo,45-54,,4,Rápido y amable,25.6,Sí
102887,2026-04-08,4,Abril,15,Miércoles,No,No,19:06,Noche,Granada,Mostrador,Bebida fría,Jugo natural,L,1,10600,0,10600,Tarjeta débito,Recurrente,55 o más,1.9,,,25.6,Sí
102906,2026-04-09,4,Abril,15,Jueves,No,No,06:01,Mañana,Centro,Mostrador,Café caliente,Americano,L,1,6900,0,6900,Efectivo,Recurrente,55 o más,18.6,,,26.5,No
102942,2026-04-09,4,Abril,15,Jueves,No,No,06:10,Mañana,El Peñón,Mostrador,Panadería,Pandebono,,1,2500,0,2500,Efectivo,Nuevo,45-54,3.9,,,26.5,No
102922,2026-04-09,4,Abril,15,Jueves,No,No,06:17,Mañana,Centro,Mostrador,Café caliente,Americano,M,1,5500,0,5500,Tarjeta crédito,Nuevo,Menos de 18,7.9,,,26.5,No
102905,2026-04-09,4,Abril,15,Jueves,No,No,06:41,Mañana,Centro,Domicilio,Café caliente,Latte,M,1,9000,0,9000,Billetera digital,Nuevo,18-24,,,,26.5,No
102936,2026-04-09,4,Abril,15,Jueves,No,No,06:41,Mañana,Ciudad Jardín,App,Panadería,Pandebono,,4,2500,15,8500,Billetera digital,Fidelizado,45-54,2.6,5,Rápido y amable,26.5,No
102913,2026-04-09,4,Abril,15,Jueves,No,No,06:58,Mañana,Centro,Domicilio,Bebida fría,Limonada de coco,L,1,13800,0,13800,Efectivo,Recurrente,18-24,,,,26.5,No
102917,2026-04-09,4,Abril,15,Jueves,No,No,07:11,Mañana,Centro,Domicilio,Café caliente,Chocolate caliente,S,3,6800,0,20400,Tarjeta crédito,Recurrente,55 o más,,,,26.5,No
102937,2026-04-09,4,Abril,15,Jueves,No,No,07:22,Mañana,Ciudad Jardín,Mostrador,Café caliente,Capuchino,L,1,10600,5,10100,Efectivo,Fidelizado,45-54,2.1,,,26.5,No
102923,2026-04-09,4,Abril,15,Jueves,No,No,07:48,Mañana,Granada,App,Snacks,Galletas,,1,4500,15,3800,Tarjeta débito,Nuevo,25-34,1.9,,,26.5,No
102904,2026-04-09,4,Abril,15,Jueves,No,No,07:51,Mañana,Centro,Mostrador,Bebida fría,Cold brew,L,2,13100,5,24900,Tarjeta crédito,Fidelizado,18-24,9.2,,,26.5,No
102920,2026-04-09,4,Abril,15,Jueves,No,No,08:22,Mañana,Centro,App,Panadería,Croissant,,1,6500,15,5500,Billetera digital,Recurrente,25-34,7.5,,,26.5,No
102918,2026-04-09,4,Abril,15,Jueves,No,No,08:29,Mañana,Centro,App,Café caliente,Chocolate caliente,M,3,8000,15,20400,Tarjeta crédito,Fidelizado,35-44,4.3,,,26.5,No
102915,2026-04-09,4,Abril,15,Jueves,No,No,09:01,Mañana,Centro,Domicilio,Café caliente,Latte,S,2,7600,0,15200,Tarjeta crédito,Recurrente,18-24,,5,Me encanta el ambiente,26.5,No
102908,2026-04-09,4,Abril,15,Jueves,No,No,09:27,Mañana,Centro,Mostrador,Panadería,Muffin,,1,7000,0,7000,Tarjeta crédito,Recurrente,Menos de 18,10.0,4,,26.5,No
102943,2026-04-09,4,Abril,15,Jueves,No,No,09:37,Mañana,El Peñón,App,Café caliente,Tinto,L,2,4400,15,7500,Tarjeta crédito,Nuevo,45-54,2.5,,,26.5,No
102911,2026-04-09,4,Abril,15,Jueves,No,No,09:40,Mañana,Centro,Mostrador,Panadería,Croissant,,1,6500,0,6500,Efectivo,Nuevo,Menos de 18,9.8,,,26.5,No
102941,2026-04-09,4,Abril,15,Jueves,No,No,11:26,Media mañana,El Peñón,Mostrador,Bebida fría,Té helado,S,3,6400,5,18200,Efectivo,Fidelizado,55 o más,2.0,5,,26.5,No
102932,2026-04-09,4,Abril,15,Jueves,No,No,12:04,Almuerzo,San Antonio,Mostrador,Snacks,Galletas,,2,4500,0,9000,Efectivo,Recurrente,45-54,3.5,,,26.5,No
102938,2026-04-09,4,Abril,15,Jueves,No,No,12:54,Almuerzo,Ciudad Jardín,App,Almuerzo,Bowl vegetariano,,1,22000,15,18700,Tarjeta débito,Fidelizado,45-54,2.5,,,26.5,No
102916,2026-04-09,4,Abril,15,Jueves,No,No,13:03,Almuerzo,Centro,Mostrador,Almuerzo,Sándwich cubano,,3,21000,0,63000,Billetera digital,Nuevo,25-34,15.8,,,26.5,No
102914,2026-04-09,4,Abril,15,Jueves,No,No,13:08,Almuerzo,Centro,App,Almuerzo,Bowl vegetariano,,1,22000,15,18700,Tarjeta crédito,Recurrente,18-24,7.5,,,26.5,No
102912,2026-04-09,4,Abril,15,Jueves,No,No,13:27,Almuerzo,Centro,Mostrador,Almuerzo,Wrap de pollo,,4,18500,0,74000,Tarjeta crédito,Nuevo,35-44,10.1,,,26.5,No
102931,2026-04-09,4,Abril,15,Jueves,No,No,13:28,Almuerzo,San Antonio,Mostrador,Almuerzo,Wrap de pollo,,1,18500,0,18500,Tarjeta débito,Nuevo,45-54,9.8,4,,26.5,No
102910,2026-04-09,4,Abril,15,Jueves,No,No,13:40,Almuerzo,Centro,Mostrador,Snacks,Empanada,,1,3500,0,3500,Tarjeta débito,Recurrente,18-24,12.6,,,26.5,No
102909,2026-04-09,4,Abril,15,Jueves,No,No,13:42,Almuerzo,Centro,Mostrador,Café caliente,Tinto,M,1,3500,0,3500,Billetera digital,Nuevo,18-24,17.4,,,26.5,No
102903,2026-04-09,4,Abril,15,Jueves,No,No,13:49,Almuerzo,Centro,Mostrador,Almuerzo,Wrap de pollo,,1,18500,0,18500,Tarjeta crédito,Recurrente,25-34,11.8,,,26.5,No
102930,2026-04-09,4,Abril,15,Jueves,No,No,14:39,Tarde,San Antonio,Mostrador,Snacks,Galletas,,1,4500,0,4500,Tarjeta débito,Recurrente,25-34,9.0,,,26.5,No
102925,2026-04-09,4,Abril,15,Jueves,No,No,14:42,Tarde,Granada,Mostrador,Café caliente,Latte,M,1,9000,0,9000,Tarjeta débito,Nuevo,18-24,4.9,4,El pandebono estaba recién hecho,26.5,No
102933,2026-04-09,4,Abril,15,Jueves,No,No,15:40,Tarde,San Antonio,Mostrador,Bebida fría,Jugo natural,S,1,7200,5,6800,Tarjeta débito,Fidelizado,35-44,1.6,,,26.5,No
102929,2026-04-09,4,Abril,15,Jueves,No,No,15:46,Tarde,San Antonio,Domicilio,Snacks,Papas de paquete,,1,5000,0,5000,Efectivo,Recurrente,25-34,,,,26.5,No
102924,2026-04-09,4,Abril,15,Jueves,No,No,15:50,Tarde,Granada,App,Almuerzo,Bowl vegetariano,,4,22000,15,74800,Tarjeta crédito,Recurrente,Menos de 18,1.6,4,,26.5,No
102939,2026-04-09,4,Abril,15,Jueves,No,No,16:16,Tarde,El Peñón,Mostrador,Snacks,Empanada,,1,3500,0,3500,Billetera digital,Recurrente,Menos de 18,3.2,4,La app funciona bien,26.5,No
102927,2026-04-09,4,Abril,15,Jueves,No,No,17:00,Tarde,San Antonio,Mostrador,Bebida fría,Limonada de coco,M,3,11000,5,31400,Tarjeta débito,Fidelizado,45-54,6.9,5,,26.5,No
102926,2026-04-09,4,Abril,15,Jueves,No,No,17:14,Tarde,Granada,Mostrador,Café caliente,Capuchino,M,3,8500,0,25500,Efectivo,Recurrente,25-34,2.5,,,26.5,No
102940,2026-04-09,4,Abril,15,Jueves,No,No,17:36,Tarde,El Peñón,App,Bebida fría,Cold brew,L,1,13100,15,11100,Billetera digital,Recurrente,45-54,3.7,,,26.5,No
102907,2026-04-09,4,Abril,15,Jueves,No,No,19:13,Noche,Centro,App,Café caliente,Latte,S,2,7600,15,12900,Tarjeta débito,Fidelizado,35-44,2.8,,,26.5,No
102928,2026-04-09,4,Abril,15,Jueves,No,No,19:25,Noche,San Antonio,Domicilio,Café caliente,Latte,S,2,7600,0,15200,Tarjeta débito,Recurrente,35-44,,,,26.5,No
102934,2026-04-09,4,Abril,15,Jueves,No,No,19:55,Noche,San Antonio,Mostrador,Panadería,Muffin,,1,7000,0,7000,Billetera digital,Nuevo,18-24,1.3,5,Rápido y amable,26.5,No
102921,2026-04-09,4,Abril,15,Jueves,No,No,20:00,Noche,Centro,Mostrador,Almuerzo,Ensalada César,,3,19500,0,58500,Efectivo,Recurrente,18-24,2.9,,,26.5,No
102935,2026-04-09,4,Abril,15,Jueves,No,No,20:05,Noche,Ciudad Jardín,Mostrador,Café caliente,Capuchino,S,2,7200,0,14400,Tarjeta crédito,Recurrente,25-34,2.5,5,Rápido y amable,26.5,No
102919,2026-04-09,4,Abril,15,Jueves,No,No,20:56,Noche,Centro,Mostrador,Snacks,Empanada,,2,3500,5,6600,Efectivo,Fidelizado,18-24,2.4,,,26.5,No
102949,2026-04-10,4,Abril,15,Viernes,No,No,06:33,Mañana,Centro,Mostrador,Café caliente,Tinto,M,1,3500,0,3500,Tarjeta débito,Recurrente,25-34,6.1,,,27.4,No
102971,2026-04-10,4,Abril,15,Viernes,No,No,07:04,Mañana,El Peñón,Mostrador,Panadería,Muffin,,1,7000,0,7000,Tarjeta débito,Recurrente,45-54,4.9,,,27.4,No
102974,2026-04-10,4,Abril,15,Viernes,No,No,07:25,Mañana,El Peñón,Mostrador,Café caliente,Tinto,L,1,4400,0,4400,Efectivo,Nuevo,18-24,9.7,,,27.4,No
102954,2026-04-10,4,Abril,15,Viernes,No,No,08:23,Mañana,Centro,Mostrador,Café caliente,Latte,M,1,9000,5,8600,Tarjeta crédito,Fidelizado,18-24,5.4,,,27.4,No
102951,2026-04-10,4,Abril,15,Viernes,No,No,08:26,Mañana,Centro,Mostrador,Café caliente,Chocolate caliente,S,1,6800,0,6800,Efectivo,Nuevo,25-34,5.6,,,27.4,No
102968,2026-04-10,4,Abril,15,Viernes,No,No,08:32,Mañana,Ciudad Jardín,App,Café caliente,Tinto,M,2,3500,15,6000,Billetera digital,Fidelizado,45-54,2.2,,,27.4,No
102970,2026-04-10,4,Abril,15,Viernes,No,No,09:24,Mañana,Ciudad Jardín,App,Café caliente,Capuchino,S,2,7200,15,12200,Tarjeta crédito,Recurrente,35-44,4.4,,,27.4,No
102975,2026-04-10,4,Abril,15,Viernes,No,No,09:45,Mañana,El Peñón,Domicilio,Café caliente,Americano,L,1,6900,0,6900,Efectivo,Recurrente,25-34,,,,27.4,No
102959,2026-04-10,4,Abril,15,Viernes,No,No,10:03,Media mañana,Granada,Mostrador,Café caliente,Latte,M,1,9000,5,8600,Efectivo,Fidelizado,55 o más,2.7,,,27.4,No
102963,2026-04-10,4,Abril,15,Viernes,No,No,11:46,Media mañana,San Antonio,Mostrador,Snacks,Barra de granola,,2,5500,0,11000,Tarjeta débito,Nuevo,18-24,4.8,4,Buen precio por el tamaño,27.4,No
102964,2026-04-10,4,Abril,15,Viernes,No,No,12:01,Almuerzo,San Antonio,App,Snacks,Empanada,,1,3500,15,3000,Billetera digital,Recurrente,25-34,2.0,5,,27.4,No
102961,2026-04-10,4,Abril,15,Viernes,No,No,12:09,Almuerzo,San Antonio,Mostrador,Almuerzo,Bowl vegetariano,,1,22000,0,22000,Tarjeta débito,Recurrente,25-34,10.5,,,27.4,No
102973,2026-04-10,4,Abril,15,Viernes,No,No,12:10,Almuerzo,El Peñón,Mostrador,Bebida fría,Frappé de café,M,1,12500,0,12500,Efectivo,Recurrente,35-44,4.2,5,Me encanta el ambiente,27.4,No
102965,2026-04-10,4,Abril,15,Viernes,No,No,12:26,Almuerzo,San Antonio,Mostrador,Panadería,Pandebono,,1,2500,0,2500,Tarjeta débito,Nuevo,25-34,8.1,4,,27.4,No
102947,2026-04-10,4,Abril,15,Viernes,No,No,12:47,Almuerzo,Centro,Mostrador,Almuerzo,Ensalada César,,1,19500,0,19500,Billetera digital,Recurrente,18-24,14.7,,,27.4,No
102945,2026-04-10,4,Abril,15,Viernes,No,No,13:01,Almuerzo,Centro,Domicilio,Almuerzo,Ensalada César,,2,19500,0,39000,Efectivo,Recurrente,35-44,,3,"Bien, pero podría mejorar",27.4,No
102955,2026-04-10,4,Abril,15,Viernes,No,No,13:04,Almuerzo,Centro,Mostrador,Bebida fría,Frappé de café,S,1,10600,0,10600,Tarjeta crédito,Nuevo,18-24,14.8,,,27.4,No
102957,2026-04-10,4,Abril,15,Viernes,No,No,13:18,Almuerzo,Centro,App,Almuerzo,Ensalada César,,1,19500,15,16600,Tarjeta crédito,Recurrente,35-44,3.3,,,27.4,No
102950,2026-04-10,4,Abril,15,Viernes,No,No,13:25,Almuerzo,Centro,Mostrador,Almuerzo,Wrap de pollo,,2,18500,0,37000,Efectivo,Recurrente,25-34,13.9,4,,27.4,No
102948,2026-04-10,4,Abril,15,Viernes,No,No,13:39,Almuerzo,Centro,Domicilio,Almuerzo,Ensalada César,,2,19500,5,37000,Efectivo,Fidelizado,18-24,,,,27.4,No
102946,2026-04-10,4,Abril,15,Viernes,No,No,13:49,Almuerzo,Centro,Domicilio,Almuerzo,Sándwich cubano,,3,21000,0,63000,Efectivo,Recurrente,18-24,,,,27.4,No
102976,2026-04-10,4,Abril,15,Viernes,No,No,14:14,Tarde,El Peñón,Mostrador,Panadería,Pandebono,,1,2500,0,2500,Tarjeta crédito,Recurrente,55 o más,3.5,,,27.4,No
102966,2026-04-10,4,Abril,15,Viernes,No,No,14:23,Tarde,San Antonio,Mostrador,Snacks,Empanada,,4,3500,0,14000,Billetera digital,Recurrente,18-24,2.5,,,27.4,No
102967,2026-04-10,4,Abril,15,Viernes,No,No,15:54,Tarde,San Antonio,App,Café caliente,Tinto,M,3,3500,15,8900,Billetera digital,Fidelizado,25-34,1.3,5,,27.4,No
102958,2026-04-10,4,Abril,15,Viernes,No,No,16:32,Tarde,Granada,Mostrador,Café caliente,Latte,S,1,7600,0,7600,Efectivo,Recurrente,25-34,3.1,,,27.4,No
102960,2026-04-10,4,Abril,15,Viernes,No,No,16:37,Tarde,Granada,App,Bebida fría,Frappé de café,M,3,12500,15,31900,Billetera digital,Recurrente,18-24,2.2,5,,27.4,No
102953,2026-04-10,4,Abril,15,Viernes,No,No,17:12,Tarde,Centro,Mostrador,Snacks,Empanada,,1,3500,5,3300,Billetera digital,Fidelizado,25-34,3.5,,,27.4,No
102962,2026-04-10,4,Abril,15,Viernes,No,No,17:30,Tarde,San Antonio,Mostrador,Snacks,Empanada,,1,3500,0,3500,Efectivo,Nuevo,18-24,4.1,,,27.4,No
102944,2026-04-10,4,Abril,15,Viernes,No,No,18:45,Noche,Centro,App,Café caliente,Mocaccino,M,1,9500,15,8100,Tarjeta débito,Recurrente,45-54,0.7,,,27.4,No
102969,2026-04-10,4,Abril,15,Viernes,No,No,19:14,Noche,Ciudad Jardín,Mostrador,Panadería,Buñuelo,,1,2200,0,2200,Tarjeta débito,Recurrente,25-34,3.8,,,27.4,No
102977,2026-04-10,4,Abril,15,Viernes,No,No,19:29,Noche,El Peñón,App,Café caliente,Tinto,M,2,3500,15,6000,Billetera digital,Nuevo,35-44,3.8,,,27.4,No
102952,2026-04-10,4,Abril,15,Viernes,No,No,20:18,Noche,Centro,Mostrador,Bebida fría,Frappé de café,L,1,15600,0,15600,Tarjeta débito,Recurrente,25-34,2.6,,,27.4,No
102956,2026-04-10,4,Abril,15,Viernes,No,No,20:36,Noche,Centro,Mostrador,Café caliente,Chocolate caliente,L,3,10000,0,30000,Efectivo,Recurrente,25-34,5.5,,,27.4,No
102972,2026-04-10,4,Abril,15,Viernes,No,No,20:53,Noche,El Peñón,Mostrador,Snacks,Empanada,,1,3500,0,3500,Billetera digital,Nuevo,25-34,2.7,,,27.4,No
103019,2026-04-11,4,Abril,15,Sábado,Sí,No,06:38,Mañana,El Peñón,Mostrador,Panadería,Croissant,,1,6500,0,6500,Tarjeta débito,Nuevo,25-34,3.4,,,24.9,No
103000,2026-04-11,4,Abril,15,Sábado,Sí,No,06:42,Mañana,San Antonio,Mostrador,Snacks,Empanada,,2,3500,0,7000,Tarjeta débito,Recurrente,45-54,5.3,,,24.9,No
102987,2026-04-11,4,Abril,15,Sábado,Sí,No,07:08,Mañana,Granada,App,Café caliente,Tinto,M,1,3500,15,3000,Tarjeta crédito,Recurrente,18-24,2.7,4,Bueno,24.9,No
102981,2026-04-11,4,Abril,15,Sábado,Sí,No,08:00,Mañana,Centro,Mostrador,Café caliente,Tinto,L,2,4400,0,8800,Efectivo,Recurrente,Menos de 18,3.2,,,24.9,No
102993,2026-04-11,4,Abril,15,Sábado,Sí,No,08:12,Mañana,Granada,Mostrador,Panadería,Croissant,,2,6500,0,13000,Efectivo,Recurrente,Menos de 18,11.2,4,,24.9,No
103010,2026-04-11,4,Abril,15,Sábado,Sí,No,08:24,Mañana,Ciudad Jardín,Mostrador,Panadería,Pandebono,,4,2500,0,10000,Tarjeta débito,Recurrente,45-54,1.9,,,24.9,No
102980,2026-04-11,4,Abril,15,Sábado,Sí,No,09:05,Mañana,Centro,Mostrador,Café caliente,Capuchino,M,1,8500,0,8500,Efectivo,Recurrente,25-34,3.0,,,24.9,No
102988,2026-04-11,4,Abril,15,Sábado,Sí,No,09:06,Mañana,Granada,Mostrador,Panadería,Muffin,,4,7000,0,28000,Tarjeta crédito,Nuevo,18-24,4.4,5,,24.9,No
102979,2026-04-11,4,Abril,15,Sábado,Sí,No,09:09,Mañana,Centro,Mostrador,Café caliente,Tinto,S,1,3000,0,3000,Billetera digital,Nuevo,25-34,4.3,4,,24.9,No
103005,2026-04-11,4,Abril,15,Sábado,Sí,No,09:50,Mañana,Ciudad Jardín,App,Snacks,Empanada,,2,3500,15,6000,Billetera digital,Recurrente,35-44,1.4,,,24.9,No
102978,2026-04-11,4,Abril,15,Sábado,Sí,No,09:55,Mañana,Centro,Mostrador,Panadería,Muffin,,2,7000,0,14000,Tarjeta débito,Recurrente,35-44,6.9,,,24.9,No
103013,2026-04-11,4,Abril,15,Sábado,Sí,No,09:55,Mañana,El Peñón,Mostrador,Café caliente,Chocolate caliente,M,1,8000,0,8000,Efectivo,Recurrente,45-54,1.6,,,24.9,No
102994,2026-04-11,4,Abril,15,Sábado,Sí,No,10:05,Media mañana,Granada,Mostrador,Panadería,Croissant,,1,6500,0,6500,Efectivo,Recurrente,55 o más,4.0,4,Buen precio por el tamaño,24.9,No
103012,2026-04-11,4,Abril,15,Sábado,Sí,No,10:22,Media mañana,El Peñón,Mostrador,Café caliente,Tinto,L,3,4400,5,12500,Tarjeta débito,Fidelizado,35-44,4.4,,,24.9,No
103011,2026-04-11,4,Abril,15,Sábado,Sí,No,10:57,Media mañana,Ciudad Jardín,App,Bebida fría,Frappé de café,S,3,10600,15,27000,Tarjeta crédito,Nuevo,55 o más,1.2,5,El pandebono estaba recién hecho,24.9,No
102984,2026-04-11,4,Abril,15,Sábado,Sí,No,11:07,Media mañana,Granada,Mostrador,Snacks,Empanada,,1,3500,0,3500,Efectivo,Nuevo,25-34,3.3,,,24.9,No
102998,2026-04-11,4,Abril,15,Sábado,Sí,No,11:10,Media mañana,San Antonio,App,Café caliente,Americano,M,2,5500,15,9400,Tarjeta débito,Recurrente,45-54,0.9,4,La app funciona bien,24.9,No
102990,2026-04-11,4,Abril,15,Sábado,Sí,No,11:12,Media mañana,Granada,Domicilio,Snacks,Empanada,,1,3500,0,3500,Tarjeta crédito,Recurrente,45-54,,4,Rico pero un poco demorado,24.9,No
103017,2026-04-11,4,Abril,15,Sábado,Sí,No,11:17,Media mañana,El Peñón,Mostrador,Bebida fría,Frappé de café,S,1,10600,0,10600,Efectivo,Nuevo,45-54,3.2,,,24.9,No
103016,2026-04-11,4,Abril,15,Sábado,Sí,No,11:26,Media mañana,El Peñón,App,Bebida fría,Jugo natural,L,1,10600,15,9000,Tarjeta crédito,Nuevo,Menos de 18,1.9,,,24.9,No
102983,2026-04-11,4,Abril,15,Sábado,Sí,No,11:33,Media mañana,Centro,Domicilio,Snacks,Galletas,,1,4500,0,4500,Tarjeta débito,Recurrente,25-34,,4,,24.9,No
102989,2026-04-11,4,Abril,15,Sábado,Sí,No,11:42,Media mañana,Granada,Domicilio,Panadería,Croissant,,1,6500,0,6500,Efectivo,Recurrente,45-54,,,,24.9,No
103014,2026-04-11,4,Abril,15,Sábado,Sí,No,11:55,Media mañana,El Peñón,Mostrador,Panadería,Buñuelo,,1,2200,0,2200,Tarjeta débito,Nuevo,35-44,3.7,,,24.9,No
102992,2026-04-11,4,Abril,15,Sábado,Sí,No,11:56,Media mañana,Granada,Mostrador,Snacks,Papas de paquete,,3,5000,5,14200,Tarjeta crédito,Fidelizado,45-54,2.3,5,Volveré pronto,24.9,No
103015,2026-04-11,4,Abril,15,Sábado,Sí,No,11:57,Media mañana,El Peñón,Domicilio,Panadería,Croissant,,1,6500,0,6500,Billetera digital,Recurrente,45-54,,4,,24.9,No
103006,2026-04-11,4,Abril,15,Sábado,Sí,No,12:12,Almuerzo,Ciudad Jardín,Mostrador,Almuerzo,Sándwich cubano,,5,21000,5,99800,Efectivo,Fidelizado,45-54,1.9,5,Muy buen café,24.9,No
102985,2026-04-11,4,Abril,15,Sábado,Sí,No,12:28,Almuerzo,Granada,Mostrador,Café caliente,Capuchino,L,3,10600,0,31800,Tarjeta crédito,Recurrente,18-24,7.4,,,24.9,No
103007,2026-04-11,4,Abril,15,Sábado,Sí,No,12:44,Almuerzo,Ciudad Jardín,Mostrador,Bebida fría,Frappé de café,L,1,15600,0,15600,Tarjeta crédito,Nuevo,55 o más,13.6,2,,24.9,No
103018,2026-04-11,4,Abril,15,Sábado,Sí,No,12:44,Almuerzo,El Peñón,App,Almuerzo,Bowl vegetariano,,3,22000,15,56100,Billetera digital,Nuevo,18-24,4.9,5,,24.9,No
103008,2026-04-11,4,Abril,15,Sábado,Sí,No,13:04,Almuerzo,Ciudad Jardín,App,Bebida fría,Cold brew,S,1,8900,15,7600,Billetera digital,Recurrente,25-34,7.1,,,24.9,No
102991,2026-04-11,4,Abril,15,Sábado,Sí,No,13:05,Almuerzo,Granada,Mostrador,Almuerzo,Wrap de pollo,,2,18500,0,37000,Efectivo,Nuevo,25-34,5.0,3,Normal,24.9,No
102996,2026-04-11,4,Abril,15,Sábado,Sí,No,13:16,Almuerzo,San Antonio,App,Almuerzo,Sándwich cubano,,2,21000,15,35700,Tarjeta crédito,Fidelizado,25-34,2.6,,,24.9,No
102997,2026-04-11,4,Abril,15,Sábado,Sí,No,14:25,Tarde,San Antonio,Mostrador,Panadería,Buñuelo,,3,2200,0,6600,Efectivo,Recurrente,18-24,2.9,,,24.9,No
102982,2026-04-11,4,Abril,15,Sábado,Sí,No,15:39,Tarde,Centro,Mostrador,Bebida fría,Jugo natural,M,2,8500,0,17000,Tarjeta crédito,Nuevo,18-24,3.0,,,24.9,No
102986,2026-04-11,4,Abril,15,Sábado,Sí,No,16:22,Tarde,Granada,Mostrador,Panadería,Pandebono,,1,2500,0,2500,Efectivo,Recurrente,25-34,5.9,,,24.9,No
103002,2026-04-11,4,Abril,15,Sábado,Sí,No,17:00,Tarde,San Antonio,Mostrador,Café caliente,Tinto,M,1,3500,0,3500,Billetera digital,Nuevo,18-24,2.8,,,24.9,No
103004,2026-04-11,4,Abril,15,Sábado,Sí,No,18:27,Noche,San Antonio,Mostrador,Panadería,Pandebono,,1,2500,0,2500,Efectivo,Recurrente,55 o más,2.5,5,El pandebono estaba recién hecho,24.9,No
103001,2026-04-11,4,Abril,15,Sábado,Sí,No,18:42,Noche,San Antonio,Mostrador,Café caliente,Mocaccino,M,1,9500,0,9500,Tarjeta débito,Nuevo,25-34,2.8,5,,24.9,No
103003,2026-04-11,4,Abril,15,Sábado,Sí,No,19:10,Noche,San Antonio,Mostrador,Café caliente,Americano,L,1,6900,5,6600,Tarjeta débito,Fidelizado,18-24,4.5,5,,24.9,No
103009,2026-04-11,4,Abril,15,Sábado,Sí,No,19:17,Noche,Ciudad Jardín,Mostrador,Snacks,Empanada,,1,3500,0,3500,Efectivo,Recurrente,45-54,4.8,,,24.9,No
102999,2026-04-11,4,Abril,15,Sábado,Sí,No,20:41,Noche,San Antonio,Mostrador,Café caliente,Americano,M,1,5500,0,5500,Tarjeta crédito,Recurrente,18-24,1.1,,,24.9,No
102995,2026-04-11,4,Abril,15,Sábado,Sí,No,20:48,Noche,Granada,Mostrador,Café caliente,Tinto,M,3,3500,0,10500,Efectivo,Nuevo,35-44,1.9,,,24.9,No
103021,2026-04-12,4,Abril,15,Domingo,Sí,No,06:50,Mañana,Granada,Mostrador,Café caliente,Capuchino,M,2,8500,0,17000,Tarjeta crédito,Recurrente,25-34,1.8,,,25.3,Sí
103035,2026-04-12,4,Abril,15,Domingo,Sí,No,07:54,Mañana,Ciudad Jardín,Mostrador,Café caliente,Mocaccino,L,3,11900,0,35700,Tarjeta débito,Nuevo,18-24,1.4,,,25.3,Sí
103036,2026-04-12,4,Abril,15,Domingo,Sí,No,10:00,Media mañana,Ciudad Jardín,Mostrador,Bebida fría,Frappé de café,M,2,12500,0,25000,Efectivo,Nuevo,45-54,2.7,,,25.3,Sí
103031,2026-04-12,4,Abril,15,Domingo,Sí,No,10:16,Media mañana,Ciudad Jardín,Domicilio,Almuerzo,Wrap de pollo,,1,18500,0,18500,Tarjeta débito,Recurrente,35-44,,,,25.3,Sí
103025,2026-04-12,4,Abril,15,Domingo,Sí,No,10:19,Media mañana,Granada,Domicilio,Panadería,Pandebono,,1,2500,0,2500,Tarjeta débito,Recurrente,45-54,,,,25.3,Sí
103029,2026-04-12,4,Abril,15,Domingo,Sí,No,10:30,Media mañana,San Antonio,Mostrador,Café caliente,Americano,L,3,6900,5,19700,Tarjeta crédito,Fidelizado,18-24,5.0,,,25.3,Sí
103023,2026-04-12,4,Abril,15,Domingo,Sí,No,10:41,Media mañana,Granada,Mostrador,Café caliente,Tinto,S,1,3000,0,3000,Tarjeta crédito,Recurrente,35-44,2.8,,,25.3,Sí
103033,2026-04-12,4,Abril,15,Domingo,Sí,No,11:03,Media mañana,Ciudad Jardín,Mostrador,Snacks,Empanada,,2,3500,5,6600,Efectivo,Fidelizado,45-54,3.6,5,,25.3,Sí
103032,2026-04-12,4,Abril,15,Domingo,Sí,No,11:45,Media mañana,Ciudad Jardín,Mostrador,Snacks,Empanada,,1,3500,5,3300,Efectivo,Fidelizado,35-44,2.2,,,25.3,Sí
103028,2026-04-12,4,Abril,15,Domingo,Sí,No,12:31,Almuerzo,San Antonio,Domicilio,Almuerzo,Ensalada César,,1,19500,0,19500,Efectivo,Nuevo,18-24,,4,La app funciona bien,25.3,Sí
103027,2026-04-12,4,Abril,15,Domingo,Sí,No,12:57,Almuerzo,San Antonio,Domicilio,Almuerzo,Sándwich cubano,,1,21000,5,20000,Tarjeta débito,Fidelizado,25-34,,4,,25.3,Sí
103022,2026-04-12,4,Abril,15,Domingo,Sí,No,13:07,Almuerzo,Granada,Mostrador,Almuerzo,Bowl vegetariano,,3,22000,0,66000,Tarjeta crédito,Recurrente,25-34,5.8,,,25.3,Sí
103034,2026-04-12,4,Abril,15,Domingo,Sí,No,13:15,Almuerzo,Ciudad Jardín,Domicilio,Almuerzo,Sándwich cubano,,1,21000,0,21000,Tarjeta débito,Recurrente,55 o más,,,,25.3,Sí
103030,2026-04-12,4,Abril,15,Domingo,Sí,No,14:00,Tarde,San Antonio,Mostrador,Café caliente,Tinto,S,1,3000,0,3000,Billetera digital,Recurrente,25-34,3.6,,,25.3,Sí
103020,2026-04-12,4,Abril,15,Domingo,Sí,No,19:27,Noche,Granada,Mostrador,Café caliente,Tinto,M,2,3500,0,7000,Tarjeta débito,Nuevo,Menos de 18,7.7,,,25.3,Sí
103026,2026-04-12,4,Abril,15,Domingo,Sí,No,20:50,Noche,Granada,Domicilio,Café caliente,Latte,L,3,11200,0,33600,Billetera digital,Recurrente,18-24,,,,25.3,Sí
103024,2026-04-12,4,Abril,15,Domingo,Sí,No,20:59,Noche,Granada,App,Panadería,Buñuelo,,1,2200,15,1900,Billetera digital,Recurrente,25-34,2.3,,,25.3,Sí
103051,2026-04-13,4,Abril,16,Lunes,No,No,06:57,Mañana,Granada,App,Bebida fría,Cold brew,M,2,10500,15,17800,Billetera digital,Recurrente,Menos de 18,3.6,,,27.2,No
103039,2026-04-13,4,Abril,16,Lunes,No,No,07:25,Mañana,Centro,Mostrador,Café caliente,Tinto,L,2,4400,0,8800,Tarjeta crédito,Recurrente,35-44,17.9,,,27.2,No
103052,2026-04-13,4,Abril,16,Lunes,No,No,07:35,Mañana,Granada,Mostrador,Café caliente,Americano,M,1,5500,0,5500,Tarjeta débito,Recurrente,25-34,3.8,5,Muy buen café,27.2,No
103037,2026-04-13,4,Abril,16,Lunes,No,No,07:42,Mañana,Centro,Mostrador,Snacks,Empanada,,1,3500,0,3500,Tarjeta crédito,Nuevo,18-24,10.2,,,27.2,No
103041,2026-04-13,4,Abril,16,Lunes,No,No,07:52,Mañana,Centro,Mostrador,Panadería,Croissant,,2,6500,5,12400,Efectivo,Fidelizado,35-44,10.4,5,El pandebono estaba recién hecho,27.2,No
103046,2026-04-13,4,Abril,16,Lunes,No,No,09:49,Mañana,Centro,App,Panadería,Torta de zanahoria,,1,9000,15,7600,Billetera digital,Nuevo,45-54,1.9,4,El pandebono estaba recién hecho,27.2,No
103043,2026-04-13,4,Abril,16,Lunes,No,No,10:50,Media mañana,Centro,App,Snacks,Papas de paquete,,1,5000,15,4200,Billetera digital,Recurrente,18-24,2.0,,,27.2,No
103047,2026-04-13,4,Abril,16,Lunes,No,No,10:56,Media mañana,Centro,Mostrador,Café caliente,Tinto,L,1,4400,5,4200,Tarjeta crédito,Fidelizado,Menos de 18,4.0,,,27.2,No
103042,2026-04-13,4,Abril,16,Lunes,No,No,11:05,Media mañana,Centro,Mostrador,Café caliente,Tinto,M,1,3500,0,3500,Efectivo,Recurrente,35-44,2.4,,,27.2,No
103044,2026-04-13,4,Abril,16,Lunes,No,No,11:29,Media mañana,Centro,Mostrador,Bebida fría,Jugo natural,L,2,10600,0,21200,Tarjeta débito,Nuevo,35-44,3.4,,,27.2,No
103058,2026-04-13,4,Abril,16,Lunes,No,No,11:54,Media mañana,El Peñón,Domicilio,Panadería,Muffin,,1,7000,0,7000,Billetera digital,Recurrente,25-34,,,,27.2,No
103048,2026-04-13,4,Abril,16,Lunes,No,No,12:03,Almuerzo,Centro,Mostrador,Almuerzo,Wrap de pollo,,1,18500,0,18500,Efectivo,Recurrente,35-44,9.5,3,,27.2,No
103054,2026-04-13,4,Abril,16,Lunes,No,No,12:04,Almuerzo,Ciudad Jardín,Mostrador,Almuerzo,Ensalada César,,2,19500,0,39000,Tarjeta débito,Recurrente,35-44,3.4,,,27.2,No
103057,2026-04-13,4,Abril,16,Lunes,No,No,12:52,Almuerzo,El Peñón,Mostrador,Almuerzo,Wrap de pollo,,1,18500,0,18500,Billetera digital,Nuevo,25-34,2.0,,,27.2,No
103056,2026-04-13,4,Abril,16,Lunes,No,No,12:57,Almuerzo,El Peñón,Mostrador,Bebida fría,Limonada de coco,M,2,11000,0,22000,Tarjeta débito,Nuevo,35-44,3.4,,,27.2,No
103040,2026-04-13,4,Abril,16,Lunes,No,No,13:05,Almuerzo,Centro,Domicilio,Bebida fría,Té helado,M,4,7500,0,30000,Billetera digital,Nuevo,25-34,,5,,27.2,No
103049,2026-04-13,4,Abril,16,Lunes,No,No,13:18,Almuerzo,Centro,Mostrador,Almuerzo,Sándwich cubano,,2,21000,0,42000,Efectivo,Recurrente,25-34,16.6,3,,27.2,No
103053,2026-04-13,4,Abril,16,Lunes,No,No,13:29,Almuerzo,San Antonio,Mostrador,Almuerzo,Wrap de pollo,,2,18500,0,37000,Tarjeta crédito,Recurrente,35-44,7.6,,,27.2,No
103038,2026-04-13,4,Abril,16,Lunes,No,No,13:32,Almuerzo,Centro,Mostrador,Almuerzo,Sándwich cubano,,1,21000,0,21000,Tarjeta débito,Nuevo,35-44,16.9,,,27.2,No
103045,2026-04-13,4,Abril,16,Lunes,No,No,13:42,Almuerzo,Centro,Mostrador,Almuerzo,Wrap de pollo,,1,18500,5,17600,Efectivo,Fidelizado,25-34,9.9,,,27.2,No
103060,2026-04-13,4,Abril,16,Lunes,No,No,13:58,Almuerzo,El Peñón,Mostrador,Bebida fría,Limonada de coco,M,2,11000,0,22000,Billetera digital,Recurrente,35-44,6.6,,,27.2,No
103050,2026-04-13,4,Abril,16,Lunes,No,No,16:15,Tarde,Granada,Mostrador,Café caliente,Tinto,L,1,4400,0,4400,Tarjeta crédito,Recurrente,45-54,3.3,,,27.2,No
103059,2026-04-13,4,Abril,16,Lunes,No,No,16:21,Tarde,El Peñón,Domicilio,Panadería,Pandebono,,1,2500,0,2500,Tarjeta crédito,Recurrente,45-54,,,,27.2,No
103055,2026-04-13,4,Abril,16,Lunes,No,No,17:28,Tarde,El Peñón,Mostrador,Bebida fría,Té helado,L,2,9400,0,18800,Billetera digital,Recurrente,18-24,2.7,5,Excelente atención,27.2,No
103061,2026-04-13,4,Abril,16,Lunes,No,No,18:40,Noche,El Peñón,Mostrador,Café caliente,Capuchino,M,2,8500,0,17000,Billetera digital,Nuevo,25-34,3.6,,,27.2,No
103077,2026-04-14,4,Abril,16,Martes,No,No,06:44,Mañana,San Antonio,Mostrador,Panadería,Pandebono,,1,2500,0,2500,Tarjeta crédito,Nuevo,18-24,8.3,,,25.4,Sí
103070,2026-04-14,4,Abril,16,Martes,No,No,07:42,Mañana,Centro,App,Panadería,Pandebono,,1,2500,15,2100,Billetera digital,Recurrente,25-34,3.4,4,Normal,25.4,Sí
103072,2026-04-14,4,Abril,16,Martes,No,No,08:05,Mañana,Granada,Mostrador,Snacks,Empanada,,2,3500,0,7000,Tarjeta crédito,Nuevo,25-34,4.6,,,25.4,Sí
103065,2026-04-14,4,Abril,16,Martes,No,No,08:21,Mañana,Centro,Mostrador,Café caliente,Tinto,S,1,3000,0,3000,Billetera digital,Nuevo,25-34,16.4,,,25.4,Sí
103069,2026-04-14,4,Abril,16,Martes,No,No,08:33,Mañana,Centro,App,Panadería,Buñuelo,,1,2200,15,1900,Billetera digital,Recurrente,18-24,3.0,,,25.4,Sí
103075,2026-04-14,4,Abril,16,Martes,No,No,08:55,Mañana,Granada,Mostrador,Café caliente,Chocolate caliente,S,2,6800,0,13600,Billetera digital,Recurrente,25-34,3.8,,,25.4,Sí
103089,2026-04-14,4,Abril,16,Martes,No,No,09:09,Mañana,El Peñón,Domicilio,Café caliente,Chocolate caliente,L,1,10000,0,10000,Tarjeta crédito,Nuevo,35-44,,5,Rápido y amable,25.4,Sí
103092,2026-04-14,4,Abril,16,Martes,No,No,09:12,Mañana,El Peñón,Mostrador,Café caliente,Latte,M,2,9000,5,17100,Billetera digital,Fidelizado,35-44,5.1,5,,25.4,Sí
103063,2026-04-14,4,Abril,16,Martes,No,No,09:45,Mañana,Centro,Mostrador,Café caliente,Latte,L,2,11200,0,22400,Tarjeta débito,Recurrente,18-24,15.4,,,25.4,Sí
103068,2026-04-14,4,Abril,16,Martes,No,No,09:50,Mañana,Centro,App,Panadería,Croissant,,1,6500,15,5500,Tarjeta débito,Fidelizado,25-34,3.6,,,25.4,Sí
103091,2026-04-14,4,Abril,16,Martes,No,No,11:07,Media mañana,El Peñón,App,Café caliente,Tinto,S,2,3000,15,5100,Billetera digital,Nuevo,25-34,0.9,4,,25.4,Sí
103076,2026-04-14,4,Abril,16,Martes,No,No,11:44,Media mañana,San Antonio,Mostrador,Almuerzo,Sándwich cubano,,3,21000,0,63000,Efectivo,Nuevo,18-24,5.7,,,25.4,Sí
103086,2026-04-14,4,Abril,16,Martes,No,No,12:26,Almuerzo,Ciudad Jardín,Mostrador,Almuerzo,Ensalada César,,1,19500,0,19500,Efectivo,Nuevo,18-24,6.3,4,,25.4,Sí
103085,2026-04-14,4,Abril,16,Martes,No,No,12:34,Almuerzo,Ciudad Jardín,Mostrador,Café caliente,Capuchino,L,1,10600,5,10100,Tarjeta débito,Fidelizado,55 o más,5.3,,,25.4,Sí
103064,2026-04-14,4,Abril,16,Martes,No,No,12:59,Almuerzo,Centro,Mostrador,Almuerzo,Ensalada César,,1,19500,0,19500,Efectivo,Recurrente,18-24,10.4,,,25.4,Sí
103062,2026-04-14,4,Abril,16,Martes,No,No,13:38,Almuerzo,Centro,App,Café caliente,Americano,L,1,6900,15,5900,Billetera digital,Recurrente,25-34,19.7,,,25.4,Sí
103067,2026-04-14,4,Abril,16,Martes,No,No,13:45,Almuerzo,Centro,Mostrador,Almuerzo,Sándwich cubano,,1,21000,0,21000,Tarjeta débito,Nuevo,18-24,5.6,,,25.4,Sí
103082,2026-04-14,4,Abril,16,Martes,No,No,13:51,Almuerzo,San Antonio,Mostrador,Almuerzo,Ensalada César,,1,19500,0,19500,Billetera digital,Nuevo,Menos de 18,4.1,,,25.4,Sí
103090,2026-04-14,4,Abril,16,Martes,No,No,14:42,Tarde,El Peñón,App,Café caliente,Americano,M,1,5500,15,4700,Billetera digital,Nuevo,45-54,1.0,,,25.4,Sí
103083,2026-04-14,4,Abril,16,Martes,No,No,14:57,Tarde,San Antonio,Mostrador,Snacks,Empanada,,2,3500,0,7000,Tarjeta débito,Nuevo,25-34,1.7,4,,25.4,Sí
103071,2026-04-14,4,Abril,16,Martes,No,No,15:50,Tarde,Centro,Mostrador,Café caliente,Americano,S,1,4700,0,4700,Efectivo,Nuevo,25-34,5.1,5,Muy buen café,25.4,Sí
103079,2026-04-14,4,Abril,16,Martes,No,No,17:35,Tarde,San Antonio,Mostrador,Café caliente,Latte,L,2,11200,0,22400,Tarjeta crédito,Nuevo,18-24,3.3,,,25.4,Sí
103087,2026-04-14,4,Abril,16,Martes,No,No,17:54,Tarde,El Peñón,Mostrador,Café caliente,Latte,M,1,9000,0,9000,Billetera digital,Nuevo,25-34,2.0,5,La app funciona bien,25.4,Sí
103080,2026-04-14,4,Abril,16,Martes,No,No,18:05,Noche,San Antonio,Mostrador,Snacks,Empanada,,1,3500,0,3500,Efectivo,Recurrente,45-54,4.9,,,25.4,Sí
103073,2026-04-14,4,Abril,16,Martes,No,No,18:09,Noche,Granada,Mostrador,Café caliente,Tinto,L,1,4400,0,4400,Billetera digital,Nuevo,18-24,2.3,5,La app funciona bien,25.4,Sí
103088,2026-04-14,4,Abril,16,Martes,No,No,19:13,Noche,El Peñón,App,Café caliente,Latte,M,1,9000,15,7600,Tarjeta débito,Recurrente,18-24,1.3,,,25.4,Sí
103084,2026-04-14,4,Abril,16,Martes,No,No,19:42,Noche,Ciudad Jardín,Mostrador,Café caliente,Chocolate caliente,L,1,10000,0,10000,Efectivo,Recurrente,55 o más,2.6,4,Excelente atención,25.4,Sí
103066,2026-04-14,4,Abril,16,Martes,No,No,20:29,Noche,Centro,App,Almuerzo,Bowl vegetariano,,1,22000,15,18700,Tarjeta crédito,Nuevo,25-34,1.8,,,25.4,Sí
103081,2026-04-14,4,Abril,16,Martes,No,No,20:29,Noche,San Antonio,Mostrador,Café caliente,Tinto,L,1,4400,5,4200,Efectivo,Fidelizado,25-34,3.0,4,,25.4,Sí
103074,2026-04-14,4,Abril,16,Martes,No,No,20:31,Noche,Granada,Mostrador,Café caliente,Tinto,L,1,4400,5,4200,Tarjeta crédito,Fidelizado,35-44,5.3,,,25.4,Sí
103078,2026-04-14,4,Abril,16,Martes,No,No,20:52,Noche,San Antonio,Domicilio,Café caliente,Latte,M,1,9000,0,9000,Billetera digital,Nuevo,18-24,,,,25.4,Sí
103099,2026-04-15,4,Abril,16,Miércoles,No,No,06:41,Mañana,Centro,Mostrador,Panadería,Pandebono,,2,2500,0,5000,Billetera digital,Recurrente,18-24,8.5,,,25.1,Sí
103115,2026-04-15,4,Abril,16,Miércoles,No,No,07:12,Mañana,Granada,App,Café caliente,Mocaccino,M,2,9500,15,16200,Billetera digital,Recurrente,35-44,1.4,,,25.1,Sí
103131,2026-04-15,4,Abril,16,Miércoles,No,No,07:16,Mañana,El Peñón,App,Café caliente,Latte,S,1,7600,15,6500,Tarjeta débito,Nuevo,35-44,2.5,,,25.1,Sí
103124,2026-04-15,4,Abril,16,Miércoles,No,No,07:34,Mañana,Ciudad Jardín,App,Café caliente,Tinto,M,2,3500,15,6000,Tarjeta crédito,Recurrente,45-54,1.7,,,25.1,Sí
103106,2026-04-15,4,Abril,16,Miércoles,No,No,07:48,Mañana,Granada,App,Café caliente,Tinto,L,2,4400,15,7500,Billetera digital,Recurrente,25-34,2.5,,,25.1,Sí
103093,2026-04-15,4,Abril,16,Miércoles,No,No,07:49,Mañana,Centro,Mostrador,Café caliente,Chocolate caliente,L,1,10000,5,9500,Billetera digital,Fidelizado,25-34,12.5,,,25.1,Sí
103100,2026-04-15,4,Abril,16,Miércoles,No,No,08:04,Mañana,Centro,Domicilio,Snacks,Galletas,,1,4500,0,4500,Tarjeta crédito,Nuevo,25-34,,,,25.1,Sí
103129,2026-04-15,4,Abril,16,Miércoles,No,No,08:36,Mañana,El Peñón,Mostrador,Café caliente,Latte,L,1,11200,0,11200,Billetera digital,Nuevo,18-24,6.4,,,25.1,Sí
103098,2026-04-15,4,Abril,16,Miércoles,No,No,08:37,Mañana,Centro,Mostrador,Café caliente,Capuchino,L,1,10600,0,10600,Tarjeta crédito,Recurrente,Menos de 18,9.4,,,25.1,Sí
103122,2026-04-15,4,Abril,16,Miércoles,No,No,08:37,Mañana,Ciudad Jardín,Mostrador,Café caliente,Latte,M,2,9000,5,17100,Tarjeta débito,Fidelizado,55 o más,4.7,4,,25.1,Sí
103097,2026-04-15,4,Abril,16,Miércoles,No,No,09:34,Mañana,Centro,App,Café caliente,Americano,M,1,5500,15,4700,Billetera digital,Fidelizado,55 o más,9.5,,,25.1,Sí
103119,2026-04-15,4,Abril,16,Miércoles,No,No,09:36,Mañana,San Antonio,Mostrador,Panadería,Buñuelo,,2,2200,0,4400,Efectivo,Recurrente,18-24,3.2,,,25.1,Sí
103112,2026-04-15,4,Abril,16,Miércoles,No,No,09:38,Mañana,Granada,Mostrador,Café caliente,Latte,S,2,7600,0,15200,Billetera digital,Nuevo,35-44,8.0,,,25.1,Sí
103103,2026-04-15,4,Abril,16,Miércoles,No,No,09:42,Mañana,Centro,App,Café caliente,Chocolate caliente,M,2,8000,15,13600,Tarjeta crédito,Nuevo,25-34,3.8,4,,25.1,Sí
103108,2026-04-15,4,Abril,16,Miércoles,No,No,11:02,Media mañana,Granada,Domicilio,Café caliente,Latte,L,1,11200,0,11200,Efectivo,Recurrente,35-44,,,,25.1,Sí
103117,2026-04-15,4,Abril,16,Miércoles,No,No,11:09,Media mañana,San Antonio,Mostrador,Café caliente,Capuchino,M,1,8500,0,8500,Tarjeta crédito,Nuevo,25-34,1.1,,,25.1,Sí
103104,2026-04-15,4,Abril,16,Miércoles,No,No,11:24,Media mañana,Centro,Mostrador,Snacks,Empanada,,2,3500,5,6600,Tarjeta débito,Fidelizado,45-54,1.9,,,25.1,Sí
103114,2026-04-15,4,Abril,16,Miércoles,No,No,11:29,Media mañana,Granada,Mostrador,Café caliente,Latte,M,1,9000,0,9000,Tarjeta débito,Nuevo,25-34,5.6,,,25.1,Sí
105632,2026-04-15,4,Abril,16,Miércoles,No,No,11:30,Media mañana,Centro,Domicilio,Almuerzo,Bowl vegetariano,,28,22000,10,554400,Tarjeta crédito,Fidelizado,35-44,,,Pedido corporativo,25.1,Sí
103126,2026-04-15,4,Abril,16,Miércoles,No,No,12:01,Almuerzo,El Peñón,Mostrador,Café caliente,Latte,L,1,11200,5,10600,Tarjeta crédito,Fidelizado,35-44,10.6,,,25.1,Sí
103096,2026-04-15,4,Abril,16,Miércoles,No,No,12:04,Almuerzo,Centro,Mostrador,Almuerzo,Bowl vegetariano,,1,22000,0,22000,Tarjeta débito,Nuevo,25-34,14.0,,,25.1,Sí
103101,2026-04-15,4,Abril,16,Miércoles,No,No,12:08,Almuerzo,Centro,App,Almuerzo,Wrap de pollo,,3,18500,15,47200,Tarjeta débito,Fidelizado,35-44,3.1,3,"Bien, pero podría mejorar",25.1,Sí
103116,2026-04-15,4,Abril,16,Miércoles,No,No,12:42,Almuerzo,Granada,Mostrador,Almuerzo,Ensalada César,,1,19500,0,19500,Efectivo,Nuevo,18-24,10.4,,,25.1,Sí
103095,2026-04-15,4,Abril,16,Miércoles,No,No,12:49,Almuerzo,Centro,App,Snacks,Papas de paquete,,3,5000,15,12800,Tarjeta débito,Recurrente,45-54,7.7,,,25.1,Sí
103127,2026-04-15,4,Abril,16,Miércoles,No,No,15:21,Tarde,El Peñón,Mostrador,Café caliente,Mocaccino,M,1,9500,0,9500,Billetera digital,Recurrente,35-44,5.3,,,25.1,Sí
103102,2026-04-15,4,Abril,16,Miércoles,No,No,15:29,Tarde,Centro,App,Café caliente,Tinto,M,1,3500,15,3000,Billetera digital,Recurrente,35-44,2.0,,,25.1,Sí
103118,2026-04-15,4,Abril,16,Miércoles,No,No,15:48,Tarde,San Antonio,Mostrador,Bebida fría,Té helado,M,1,7500,0,7500,Tarjeta débito,Recurrente,18-24,4.4,,,25.1,Sí
103121,2026-04-15,4,Abril,16,Miércoles,No,No,16:00,Tarde,Ciudad Jardín,Mostrador,Café caliente,Americano,L,2,6900,5,13100,Billetera digital,Fidelizado,18-24,5.6,,,25.1,Sí
103111,2026-04-15,4,Abril,16,Miércoles,No,No,16:29,Tarde,Granada,Mostrador,Café caliente,Tinto,S,1,3000,0,3000,Billetera digital,Nuevo,18-24,4.0,,,25.1,Sí
103123,2026-04-15,4,Abril,16,Miércoles,No,No,16:29,Tarde,Ciudad Jardín,Domicilio,Bebida fría,Frappé de café,L,1,15600,5,14800,Tarjeta débito,Fidelizado,25-34,,,,25.1,Sí
103109,2026-04-15,4,Abril,16,Miércoles,No,No,16:48,Tarde,Granada,Domicilio,Snacks,Empanada,,2,3500,0,7000,Tarjeta débito,Recurrente,25-34,,,,25.1,Sí
103094,2026-04-15,4,Abril,16,Miércoles,No,No,16:55,Tarde,Centro,App,Café caliente,Tinto,S,1,3000,15,2600,Tarjeta crédito,Recurrente,35-44,1.5,,,25.1,Sí
103110,2026-04-15,4,Abril,16,Miércoles,No,No,17:02,Tarde,Granada,Mostrador,Café caliente,Americano,L,2,6900,0,13800,Efectivo,Nuevo,45-54,3.8,,,25.1,Sí
103128,2026-04-15,4,Abril,16,Miércoles,No,No,17:27,Tarde,El Peñón,Mostrador,Café caliente,Latte,S,1,7600,0,7600,Billetera digital,Recurrente,25-34,2.6,,,25.1,Sí
103120,2026-04-15,4,Abril,16,Miércoles,No,No,17:28,Tarde,San Antonio,Mostrador,Café caliente,Latte,M,2,9000,0,18000,Billetera digital,Recurrente,35-44,2.6,3,,25.1,Sí
103125,2026-04-15,4,Abril,16,Miércoles,No,No,19:14,Noche,Ciudad Jardín,App,Café caliente,Americano,M,3,5500,15,14000,Tarjeta crédito,Fidelizado,25-34,0.7,,,25.1,Sí
103105,2026-04-15,4,Abril,16,Miércoles,No,No,19:26,Noche,Granada,Mostrador,Café caliente,Americano,S,1,4700,0,4700,Tarjeta crédito,Nuevo,45-54,2.4,,,25.1,Sí
103130,2026-04-15,4,Abril,16,Miércoles,No,No,19:42,Noche,El Peñón,App,Café caliente,Tinto,M,2,3500,15,6000,Tarjeta crédito,Recurrente,25-34,1.9,,,25.1,Sí
103107,2026-04-15,4,Abril,16,Miércoles,No,No,20:17,Noche,Granada,Mostrador,Snacks,Galletas,,1,4500,0,4500,Efectivo,Recurrente,45-54,4.1,,,25.1,Sí
103113,2026-04-15,4,Abril,16,Miércoles,No,No,20:37,Noche,Granada,Mostrador,Café caliente,Tinto,M,5,3500,5,16600,Billetera digital,Fidelizado,25-34,4.7,4,Normal,25.1,Sí
103150,2026-04-16,4,Abril,16,Jueves,No,No,06:56,Mañana,San Antonio,Mostrador,Café caliente,Capuchino,M,1,8500,0,8500,Efectivo,Recurrente,25-34,3.9,,,25.2,Sí
103141,2026-04-16,4,Abril,16,Jueves,No,No,07:36,Mañana,Granada,Domicilio,Café caliente,Mocaccino,S,1,8100,0,8100,Tarjeta crédito,Recurrente,25-34,,,,25.2,Sí
103160,2026-04-16,4,Abril,16,Jueves,No,No,07:57,Mañana,El Peñón,Mostrador,Panadería,Pandebono,,3,2500,0,7500,Tarjeta débito,Nuevo,25-34,5.5,4,,25.2,Sí
103148,2026-04-16,4,Abril,16,Jueves,No,No,08:07,Mañana,San Antonio,Mostrador,Café caliente,Latte,M,2,9000,5,17100,Billetera digital,Fidelizado,25-34,12.1,,,25.2,Sí
103136,2026-04-16,4,Abril,16,Jueves,No,No,08:18,Mañana,Centro,Mostrador,Café caliente,Tinto,S,1,3000,0,3000,Billetera digital,Nuevo,25-34,7.8,,,25.2,Sí
103156,2026-04-16,4,Abril,16,Jueves,No,No,09:46,Mañana,El Peñón,Domicilio,Café caliente,Latte,S,1,7600,0,7600,Tarjeta crédito,Recurrente,18-24,,3,Normal,25.2,Sí
103132,2026-04-16,4,Abril,16,Jueves,No,No,10:13,Media mañana,Centro,Domicilio,Panadería,Croissant,,3,6500,0,19500,Efectivo,Recurrente,Menos de 18,,,,25.2,Sí
103147,2026-04-16,4,Abril,16,Jueves,No,No,10:22,Media mañana,San Antonio,App,Café caliente,Capuchino,L,1,10600,15,9000,Billetera digital,Recurrente,25-34,1.8,5,Me encanta el ambiente,25.2,Sí
103154,2026-04-16,4,Abril,16,Jueves,No,No,10:22,Media mañana,El Peñón,Mostrador,Almuerzo,Sándwich cubano,,1,21000,0,21000,Efectivo,Nuevo,45-54,6.0,5,El pandebono estaba recién hecho,25.2,Sí
103158,2026-04-16,4,Abril,16,Jueves,No,No,10:41,Media mañana,El Peñón,Mostrador,Panadería,Torta de zanahoria,,2,9000,0,18000,Tarjeta débito,Recurrente,18-24,2.5,,,25.2,Sí
103153,2026-04-16,4,Abril,16,Jueves,No,No,11:16,Media mañana,Ciudad Jardín,Mostrador,Café caliente,Capuchino,M,1,8500,0,8500,Efectivo,Recurrente,25-34,6.1,,,25.2,Sí
103135,2026-04-16,4,Abril,16,Jueves,No,No,11:52,Media mañana,Centro,App,Café caliente,Latte,S,1,7600,15,6500,Tarjeta crédito,Recurrente,35-44,3.3,,,25.2,Sí
103133,2026-04-16,4,Abril,16,Jueves,No,No,11:55,Media mañana,Centro,Domicilio,Café caliente,Tinto,L,1,4400,5,4200,Efectivo,Fidelizado,45-54,,,,25.2,Sí
103159,2026-04-16,4,Abril,16,Jueves,No,No,12:00,Almuerzo,El Peñón,Mostrador,Almuerzo,Wrap de pollo,,1,18500,0,18500,Efectivo,Recurrente,45-54,8.7,4,La app funciona bien,25.2,Sí
103155,2026-04-16,4,Abril,16,Jueves,No,No,12:02,Almuerzo,El Peñón,Mostrador,Panadería,Pandebono,,3,2500,0,7500,Tarjeta crédito,Nuevo,18-24,5.8,4,,25.2,Sí
103152,2026-04-16,4,Abril,16,Jueves,No,No,12:30,Almuerzo,San Antonio,Mostrador,Panadería,Buñuelo,,1,2200,5,2100,Efectivo,Fidelizado,18-24,6.6,,,25.2,Sí
103142,2026-04-16,4,Abril,16,Jueves,No,No,12:45,Almuerzo,Granada,App,Almuerzo,Sándwich cubano,,1,21000,15,17800,Billetera digital,Recurrente,18-24,2.2,3,,25.2,Sí
103161,2026-04-16,4,Abril,16,Jueves,No,No,13:10,Almuerzo,El Peñón,Domicilio,Café caliente,Tinto,L,1,4400,5,4200,Tarjeta débito,Fidelizado,25-34,,,,25.2,Sí
103138,2026-04-16,4,Abril,16,Jueves,No,No,13:48,Almuerzo,Centro,Mostrador,Almuerzo,Sándwich cubano,,2,21000,5,39900,Billetera digital,Fidelizado,35-44,14.8,4,El pandebono estaba recién hecho,25.2,Sí
103134,2026-04-16,4,Abril,16,Jueves,No,No,13:51,Almuerzo,Centro,Domicilio,Bebida fría,Limonada de coco,S,2,9400,5,17900,Tarjeta crédito,Fidelizado,25-34,,,,25.2,Sí
103140,2026-04-16,4,Abril,16,Jueves,No,No,14:34,Tarde,Granada,Mostrador,Café caliente,Americano,M,2,5500,0,11000,Efectivo,Recurrente,25-34,2.6,,,25.2,Sí
103137,2026-04-16,4,Abril,16,Jueves,No,No,15:18,Tarde,Centro,Domicilio,Café caliente,Americano,S,1,4700,0,4700,Efectivo,Nuevo,25-34,,,,25.2,Sí
103145,2026-04-16,4,Abril,16,Jueves,No,No,15:27,Tarde,Granada,App,Café caliente,Capuchino,M,2,8500,15,14400,Tarjeta crédito,Fidelizado,18-24,2.4,4,,25.2,Sí
103151,2026-04-16,4,Abril,16,Jueves,No,No,15:50,Tarde,San Antonio,Domicilio,Café caliente,Capuchino,M,2,8500,0,17000,Tarjeta débito,Nuevo,35-44,,4,,25.2,Sí
103139,2026-04-16,4,Abril,16,Jueves,No,No,16:14,Tarde,Granada,Mostrador,Snacks,Papas de paquete,,2,5000,0,10000,Efectivo,Recurrente,25-34,1.3,,,25.2,Sí
103144,2026-04-16,4,Abril,16,Jueves,No,No,16:38,Tarde,Granada,Mostrador,Panadería,Muffin,,1,7000,0,7000,Billetera digital,Recurrente,Menos de 18,4.2,,,25.2,Sí
103157,2026-04-16,4,Abril,16,Jueves,No,No,17:03,Tarde,El Peñón,Mostrador,Bebida fría,Cold brew,S,1,8900,0,8900,Tarjeta débito,Nuevo,45-54,3.9,,,25.2,Sí
103143,2026-04-16,4,Abril,16,Jueves,No,No,18:53,Noche,Granada,Mostrador,Café caliente,Capuchino,S,1,7200,0,7200,Tarjeta débito,Recurrente,18-24,3.5,,,25.2,Sí
103149,2026-04-16,4,Abril,16,Jueves,No,No,19:49,Noche,San Antonio,Mostrador,Café caliente,Capuchino,S,1,7200,0,7200,Tarjeta crédito,Recurrente,45-54,4.5,,,25.2,Sí
103146,2026-04-16,4,Abril,16,Jueves,No,No,20:32,Noche,Granada,App,Café caliente,Tinto,L,1,4400,15,3700,Billetera digital,Nuevo,25-34,3.1,,,25.2,Sí
103187,2026-04-17,4,Abril,16,Viernes,No,No,06:09,Mañana,El Peñón,Mostrador,Café caliente,Capuchino,S,4,7200,0,28800,Tarjeta débito,Nuevo,25-34,5.6,,,26.3,No
103182,2026-04-17,4,Abril,16,Viernes,No,No,06:56,Mañana,San Antonio,App,Snacks,Galletas,,1,4500,15,3800,Tarjeta crédito,Nuevo,Menos de 18,2.8,,,26.3,No
103186,2026-04-17,4,Abril,16,Viernes,No,No,07:20,Mañana,Ciudad Jardín,Mostrador,Café caliente,Tinto,S,1,3000,0,3000,Efectivo,Nuevo,35-44,3.2,,,26.3,No
103188,2026-04-17,4,Abril,16,Viernes,No,No,07:25,Mañana,El Peñón,Mostrador,Café caliente,Tinto,M,2,3500,0,7000,Tarjeta débito,Nuevo,25-34,2.0,,,26.3,No
103171,2026-04-17,4,Abril,16,Viernes,No,No,07:38,Mañana,Centro,Domicilio,Panadería,Buñuelo,,1,2200,0,2200,Tarjeta débito,Nuevo,25-34,,,,26.3,No
103183,2026-04-17,4,Abril,16,Viernes,No,No,07:50,Mañana,San Antonio,App,Café caliente,Tinto,M,2,3500,15,6000,Tarjeta débito,Recurrente,18-24,1.7,,,26.3,No
103167,2026-04-17,4,Abril,16,Viernes,No,No,08:23,Mañana,Centro,App,Panadería,Torta de zanahoria,,4,9000,15,30600,Tarjeta crédito,Recurrente,18-24,5.9,,,26.3,No
103193,2026-04-17,4,Abril,16,Viernes,No,No,08:25,Mañana,El Peñón,App,Bebida fría,Limonada de coco,S,1,9400,15,8000,Billetera digital,Fidelizado,35-44,2.5,,,26.3,No
103195,2026-04-17,4,Abril,16,Viernes,No,No,08:31,Mañana,El Peñón,Mostrador,Panadería,Croissant,,3,6500,5,18500,Efectivo,Fidelizado,55 o más,5.1,4,,26.3,No
103164,2026-04-17,4,Abril,16,Viernes,No,No,08:38,Mañana,Centro,Mostrador,Café caliente,Americano,S,2,4700,0,9400,Tarjeta débito,Recurrente,35-44,5.8,,,26.3,No
103184,2026-04-17,4,Abril,16,Viernes,No,No,10:01,Media mañana,San Antonio,App,Café caliente,Capuchino,S,1,7200,15,6100,Billetera digital,Recurrente,18-24,1.4,,,26.3,No
103189,2026-04-17,4,Abril,16,Viernes,No,No,10:33,Media mañana,El Peñón,Mostrador,Snacks,Galletas,,4,4500,0,18000,Tarjeta crédito,Recurrente,35-44,2.3,,,26.3,No
103178,2026-04-17,4,Abril,16,Viernes,No,No,10:37,Media mañana,San Antonio,Domicilio,Café caliente,Chocolate caliente,M,1,8000,0,8000,Billetera digital,Recurrente,18-24,,,,26.3,No
103168,2026-04-17,4,Abril,16,Viernes,No,No,10:40,Media mañana,Centro,Mostrador,Bebida fría,Cold brew,L,1,13100,0,13100,Tarjeta débito,Nuevo,25-34,3.6,,,26.3,No
103172,2026-04-17,4,Abril,16,Viernes,No,No,10:59,Media mañana,Granada,Mostrador,Panadería,Pandebono,,4,2500,5,9500,Billetera digital,Fidelizado,35-44,5.5,,,26.3,No
103174,2026-04-17,4,Abril,16,Viernes,No,No,11:03,Media mañana,Granada,Mostrador,Café caliente,Tinto,S,1,3000,5,2800,Efectivo,Fidelizado,35-44,2.9,,,26.3,No
103196,2026-04-17,4,Abril,16,Viernes,No,No,11:07,Media mañana,El Peñón,App,Café caliente,Mocaccino,M,3,9500,15,24200,Tarjeta crédito,Nuevo,25-34,0.9,4,Buen precio por el tamaño,26.3,No
103179,2026-04-17,4,Abril,16,Viernes,No,No,11:09,Media mañana,San Antonio,Mostrador,Café caliente,Latte,M,1,9000,0,9000,Tarjeta débito,Recurrente,25-34,4.6,5,,26.3,No
103177,2026-04-17,4,Abril,16,Viernes,No,No,11:43,Media mañana,San Antonio,Mostrador,Bebida fría,Frappé de café,L,1,15600,0,15600,Tarjeta crédito,Recurrente,25-34,3.4,4,Excelente atención,26.3,No
103162,2026-04-17,4,Abril,16,Viernes,No,No,11:46,Media mañana,Centro,App,Café caliente,Latte,M,3,9000,15,23000,Billetera digital,Nuevo,25-34,2.8,3,Bueno,26.3,No
103170,2026-04-17,4,Abril,16,Viernes,No,No,12:24,Almuerzo,Centro,Mostrador,Bebida fría,Té helado,M,1,7500,0,7500,Efectivo,Recurrente,25-34,17.1,,,26.3,No
103175,2026-04-17,4,Abril,16,Viernes,No,No,12:38,Almuerzo,Granada,Mostrador,Almuerzo,Bowl vegetariano,,2,22000,5,41800,Tarjeta crédito,Fidelizado,18-24,9.2,3,,26.3,No
103176,2026-04-17,4,Abril,16,Viernes,No,No,13:08,Almuerzo,Granada,App,Bebida fría,Limonada de coco,M,2,11000,15,18700,Tarjeta crédito,Recurrente,25-34,4.3,,,26.3,No
103181,2026-04-17,4,Abril,16,Viernes,No,No,13:09,Almuerzo,San Antonio,Mostrador,Almuerzo,Ensalada César,,2,19500,0,39000,Tarjeta débito,Recurrente,25-34,5.9,5,Excelente atención,26.3,No
103185,2026-04-17,4,Abril,16,Viernes,No,No,13:21,Almuerzo,Ciudad Jardín,App,Almuerzo,Wrap de pollo,,2,18500,15,31400,Billetera digital,Fidelizado,25-34,4.0,,,26.3,No
103192,2026-04-17,4,Abril,16,Viernes,No,No,13:52,Almuerzo,El Peñón,App,Café caliente,Americano,S,1,4700,15,4000,Tarjeta crédito,Nuevo,25-34,2.6,3,,26.3,No
103190,2026-04-17,4,Abril,16,Viernes,No,No,14:33,Tarde,El Peñón,Mostrador,Panadería,Muffin,,1,7000,0,7000,Billetera digital,Nuevo,55 o más,2.2,5,,26.3,No
103166,2026-04-17,4,Abril,16,Viernes,No,No,14:44,Tarde,Centro,App,Panadería,Pandebono,,1,2500,15,2100,Billetera digital,Recurrente,35-44,1.9,,,26.3,No
103194,2026-04-17,4,Abril,16,Viernes,No,No,15:13,Tarde,El Peñón,Mostrador,Café caliente,Tinto,S,3,3000,0,9000,Tarjeta débito,Nuevo,18-24,6.2,,,26.3,No
103169,2026-04-17,4,Abril,16,Viernes,No,No,16:25,Tarde,Centro,App,Bebida fría,Limonada de coco,S,2,9400,15,16000,Billetera digital,Fidelizado,35-44,0.6,4,,26.3,No
103163,2026-04-17,4,Abril,16,Viernes,No,No,16:27,Tarde,Centro,Mostrador,Bebida fría,Frappé de café,M,1,12500,0,12500,Tarjeta débito,Recurrente,35-44,3.1,,,26.3,No
103180,2026-04-17,4,Abril,16,Viernes,No,No,16:30,Tarde,San Antonio,Mostrador,Café caliente,Latte,S,1,7600,0,7600,Tarjeta crédito,Recurrente,35-44,3.0,5,,26.3,No
103191,2026-04-17,4,Abril,16,Viernes,No,No,16:32,Tarde,El Peñón,Mostrador,Café caliente,Mocaccino,M,1,9500,5,9000,Tarjeta débito,Fidelizado,25-34,2.8,,,26.3,No
103173,2026-04-17,4,Abril,16,Viernes,No,No,16:50,Tarde,Granada,Mostrador,Panadería,Buñuelo,,1,2200,0,2200,Billetera digital,Recurrente,25-34,7.6,,,26.3,No
103165,2026-04-17,4,Abril,16,Viernes,No,No,16:53,Tarde,Centro,Mostrador,Café caliente,Tinto,M,1,3500,5,3300,Billetera digital,Fidelizado,18-24,3.5,5,,26.3,No
103197,2026-04-17,4,Abril,16,Viernes,No,No,17:06,Tarde,El Peñón,Domicilio,Snacks,Papas de paquete,,4,5000,0,20000,Billetera digital,Recurrente,25-34,,4,,26.3,No
103199,2026-04-18,4,Abril,16,Sábado,Sí,No,06:33,Mañana,Centro,Domicilio,Café caliente,Tinto,M,1,3500,0,3500,Tarjeta débito,Recurrente,25-34,,,,25.7,Sí
103208,2026-04-18,4,Abril,16,Sábado,Sí,No,06:49,Mañana,Granada,Mostrador,Panadería,Pandebono,,1,2500,0,2500,Billetera digital,Recurrente,25-34,3.4,,,25.7,Sí
103229,2026-04-18,4,Abril,16,Sábado,Sí,No,07:27,Mañana,El Peñón,Mostrador,Panadería,Muffin,,2,7000,0,14000,Efectivo,Recurrente,25-34,2.0,,,25.7,Sí
103206,2026-04-18,4,Abril,16,Sábado,Sí,No,08:15,Mañana,Granada,Domicilio,Café caliente,Capuchino,L,1,10600,0,10600,Billetera digital,Recurrente,18-24,,3,,25.7,Sí
103204,2026-04-18,4,Abril,16,Sábado,Sí,No,08:16,Mañana,Granada,Mostrador,Snacks,Empanada,,1,3500,0,3500,Tarjeta débito,Recurrente,18-24,3.8,,,25.7,Sí
103214,2026-04-18,4,Abril,16,Sábado,Sí,No,08:20,Mañana,San Antonio,App,Panadería,Buñuelo,,1,2200,15,1900,Billetera digital,Recurrente,25-34,1.8,,,25.7,Sí
103209,2026-04-18,4,Abril,16,Sábado,Sí,No,09:03,Mañana,Granada,Mostrador,Café caliente,Tinto,S,3,3000,0,9000,Efectivo,Recurrente,Menos de 18,4.3,,,25.7,Sí
103230,2026-04-18,4,Abril,16,Sábado,Sí,No,09:36,Mañana,El Peñón,Mostrador,Panadería,Pandebono,,4,2500,0,10000,Billetera digital,Nuevo,25-34,4.8,,,25.7,Sí
103222,2026-04-18,4,Abril,16,Sábado,Sí,No,09:38,Mañana,Ciudad Jardín,Domicilio,Café caliente,Americano,S,1,4700,5,4500,Efectivo,Fidelizado,55 o más,,,,25.7,Sí
103207,2026-04-18,4,Abril,16,Sábado,Sí,No,10:23,Media mañana,Granada,Domicilio,Panadería,Croissant,,2,6500,0,13000,Tarjeta débito,Recurrente,25-34,,,,25.7,Sí
103224,2026-04-18,4,Abril,16,Sábado,Sí,No,10:37,Media mañana,Ciudad Jardín,App,Café caliente,Americano,L,4,6900,15,23500,Billetera digital,Fidelizado,35-44,2.2,,,25.7,Sí
103211,2026-04-18,4,Abril,16,Sábado,Sí,No,11:01,Media mañana,Granada,Domicilio,Bebida fría,Frappé de café,M,2,12500,5,23800,Tarjeta crédito,Fidelizado,25-34,,,,25.7,Sí
103226,2026-04-18,4,Abril,16,Sábado,Sí,No,11:21,Media mañana,El Peñón,Domicilio,Bebida fría,Limonada de coco,M,2,11000,0,22000,Efectivo,Recurrente,35-44,,,,25.7,Sí
103203,2026-04-18,4,Abril,16,Sábado,Sí,No,11:26,Media mañana,Granada,App,Café caliente,Mocaccino,S,2,8100,15,13800,Tarjeta débito,Recurrente,25-34,1.2,,,25.7,Sí
103212,2026-04-18,4,Abril,16,Sábado,Sí,No,11:27,Media mañana,Granada,Mostrador,Panadería,Buñuelo,,1,2200,5,2100,Efectivo,Fidelizado,45-54,4.0,,,25.7,Sí
103225,2026-04-18,4,Abril,16,Sábado,Sí,No,11:39,Media mañana,El Peñón,Mostrador,Café caliente,Tinto,M,1,3500,0,3500,Efectivo,Nuevo,55 o más,2.2,4,,25.7,Sí
103200,2026-04-18,4,Abril,16,Sábado,Sí,No,12:51,Almuerzo,Granada,Mostrador,Almuerzo,Ensalada César,,1,19500,0,19500,Tarjeta débito,Nuevo,25-34,4.6,2,,25.7,Sí
103228,2026-04-18,4,Abril,16,Sábado,Sí,No,13:27,Almuerzo,El Peñón,App,Almuerzo,Wrap de pollo,,1,18500,15,15700,Tarjeta crédito,Recurrente,35-44,3.8,3,Aceptable,25.7,Sí
103210,2026-04-18,4,Abril,16,Sábado,Sí,No,13:45,Almuerzo,Granada,Domicilio,Panadería,Pandebono,,1,2500,5,2400,Billetera digital,Fidelizado,35-44,,4,Rápido y amable,25.7,Sí
103215,2026-04-18,4,Abril,16,Sábado,Sí,No,13:46,Almuerzo,San Antonio,Mostrador,Snacks,Papas de paquete,,1,5000,0,5000,Tarjeta crédito,Recurrente,25-34,6.5,,,25.7,Sí
103216,2026-04-18,4,Abril,16,Sábado,Sí,No,14:34,Tarde,San Antonio,App,Café caliente,Americano,L,1,6900,15,5900,Tarjeta crédito,Recurrente,18-24,2.4,,,25.7,Sí
103201,2026-04-18,4,Abril,16,Sábado,Sí,No,15:14,Tarde,Granada,Domicilio,Café caliente,Tinto,L,3,4400,0,13200,Tarjeta débito,Recurrente,18-24,,,,25.7,Sí
103219,2026-04-18,4,Abril,16,Sábado,Sí,No,15:26,Tarde,San Antonio,App,Snacks,Galletas,,1,4500,15,3800,Tarjeta débito,Fidelizado,18-24,1.4,,,25.7,Sí
103220,2026-04-18,4,Abril,16,Sábado,Sí,No,15:37,Tarde,Ciudad Jardín,Domicilio,Bebida fría,Frappé de café,M,3,12500,0,37500,Tarjeta débito,Nuevo,18-24,,,,25.7,Sí
103217,2026-04-18,4,Abril,16,Sábado,Sí,No,16:06,Tarde,San Antonio,Mostrador,Panadería,Buñuelo,,1,2200,0,2200,Tarjeta crédito,Recurrente,35-44,4.5,,,25.7,Sí
103221,2026-04-18,4,Abril,16,Sábado,Sí,No,17:00,Tarde,Ciudad Jardín,App,Bebida fría,Frappé de café,M,2,12500,15,21200,Billetera digital,Nuevo,18-24,0.6,5,,25.7,Sí
103198,2026-04-18,4,Abril,16,Sábado,Sí,No,17:19,Tarde,Centro,Mostrador,Bebida fría,Jugo natural,S,3,7200,0,21600,Billetera digital,Nuevo,35-44,6.5,,,25.7,Sí
103227,2026-04-18,4,Abril,16,Sábado,Sí,No,17:57,Tarde,El Peñón,Mostrador,Café caliente,Capuchino,M,2,8500,0,17000,Billetera digital,Recurrente,18-24,3.9,4,,25.7,Sí
103213,2026-04-18,4,Abril,16,Sábado,Sí,No,18:15,Noche,San Antonio,App,Panadería,Croissant,,2,6500,15,11000,Tarjeta crédito,Recurrente,25-34,0.9,,,25.7,Sí
103223,2026-04-18,4,Abril,16,Sábado,Sí,No,18:37,Noche,Ciudad Jardín,App,Snacks,Empanada,,2,3500,15,6000,Tarjeta crédito,Fidelizado,45-54,1.4,,,25.7,Sí
103205,2026-04-18,4,Abril,16,Sábado,Sí,No,19:04,Noche,Granada,Mostrador,Panadería,Buñuelo,,1,2200,0,2200,Efectivo,Recurrente,18-24,1.7,4,,25.7,Sí
103218,2026-04-18,4,Abril,16,Sábado,Sí,No,20:20,Noche,San Antonio,Domicilio,Snacks,Empanada,,1,3500,0,3500,Efectivo,Recurrente,25-34,,,,25.7,Sí
103202,2026-04-18,4,Abril,16,Sábado,Sí,No,20:22,Noche,Granada,Domicilio,Café caliente,Chocolate caliente,S,1,6800,0,6800,Billetera digital,Nuevo,25-34,,3,,25.7,Sí
103243,2026-04-19,4,Abril,16,Domingo,Sí,No,07:15,Mañana,San Antonio,Mostrador,Snacks,Galletas,,2,4500,0,9000,Efectivo,Recurrente,25-34,2.3,,,26.3,No
103232,2026-04-19,4,Abril,16,Domingo,Sí,No,08:47,Mañana,Granada,Domicilio,Panadería,Pandebono,,1,2500,0,2500,Billetera digital,Recurrente,18-24,,,,26.3,No
103246,2026-04-19,4,Abril,16,Domingo,Sí,No,08:52,Mañana,Ciudad Jardín,Mostrador,Panadería,Pandebono,,3,2500,0,7500,Tarjeta crédito,Nuevo,18-24,2.1,,,26.3,No
103236,2026-04-19,4,Abril,16,Domingo,Sí,No,10:06,Media mañana,San Antonio,Mostrador,Café caliente,Capuchino,S,1,7200,0,7200,Efectivo,Recurrente,18-24,3.2,,,26.3,No
103237,2026-04-19,4,Abril,16,Domingo,Sí,No,11:08,Media mañana,San Antonio,Mostrador,Snacks,Galletas,,1,4500,0,4500,Billetera digital,Nuevo,18-24,6.0,,,26.3,No
103240,2026-04-19,4,Abril,16,Domingo,Sí,No,11:21,Media mañana,San Antonio,Mostrador,Snacks,Papas de paquete,,1,5000,0,5000,Tarjeta crédito,Nuevo,18-24,1.6,4,,26.3,No
103245,2026-04-19,4,Abril,16,Domingo,Sí,No,11:46,Media mañana,Ciudad Jardín,Domicilio,Café caliente,Americano,M,2,5500,5,10400,Billetera digital,Fidelizado,25-34,,,,26.3,No
103231,2026-04-19,4,Abril,16,Domingo,Sí,No,12:08,Almuerzo,Granada,Mostrador,Almuerzo,Wrap de pollo,,1,18500,0,18500,Efectivo,Recurrente,18-24,6.0,5,,26.3,No
103241,2026-04-19,4,Abril,16,Domingo,Sí,No,12:21,Almuerzo,San Antonio,Mostrador,Almuerzo,Bowl vegetariano,,1,22000,0,22000,Tarjeta crédito,Nuevo,Menos de 18,6.8,,,26.3,No
103248,2026-04-19,4,Abril,16,Domingo,Sí,No,13:18,Almuerzo,El Peñón,Mostrador,Almuerzo,Ensalada César,,1,19500,0,19500,Billetera digital,Nuevo,35-44,4.0,3,,26.3,No
103235,2026-04-19,4,Abril,16,Domingo,Sí,No,13:36,Almuerzo,San Antonio,Mostrador,Café caliente,Americano,M,2,5500,0,11000,Efectivo,Nuevo,35-44,7.6,,,26.3,No
103244,2026-04-19,4,Abril,16,Domingo,Sí,No,14:00,Tarde,Ciudad Jardín,Mostrador,Snacks,Empanada,,1,3500,0,3500,Billetera digital,Recurrente,35-44,2.7,5,Excelente atención,26.3,No
103249,2026-04-19,4,Abril,16,Domingo,Sí,No,14:23,Tarde,El Peñón,Mostrador,Bebida fría,Limonada de coco,S,1,9400,0,9400,Efectivo,Recurrente,25-34,3.5,5,La app funciona bien,26.3,No
103234,2026-04-19,4,Abril,16,Domingo,Sí,No,15:32,Tarde,Granada,App,Bebida fría,Frappé de café,L,3,15600,15,39800,Tarjeta crédito,Recurrente,25-34,1.3,,,26.3,No
103233,2026-04-19,4,Abril,16,Domingo,Sí,No,15:56,Tarde,Granada,Mostrador,Bebida fría,Frappé de café,L,1,15600,0,15600,Tarjeta crédito,Recurrente,25-34,3.1,4,Rápido y amable,26.3,No
103242,2026-04-19,4,Abril,16,Domingo,Sí,No,16:14,Tarde,San Antonio,Mostrador,Bebida fría,Jugo natural,M,1,8500,0,8500,Efectivo,Recurrente,25-34,4.0,,,26.3,No
103247,2026-04-19,4,Abril,16,Domingo,Sí,No,16:28,Tarde,El Peñón,Mostrador,Bebida fría,Frappé de café,M,1,12500,0,12500,Efectivo,Recurrente,18-24,0.8,,,26.3,No
103250,2026-04-19,4,Abril,16,Domingo,Sí,No,16:47,Tarde,El Peñón,Mostrador,Panadería,Croissant,,3,6500,0,19500,Tarjeta débito,Nuevo,25-34,3.2,4,,26.3,No
103239,2026-04-19,4,Abril,16,Domingo,Sí,No,18:36,Noche,San Antonio,Mostrador,Café caliente,Capuchino,L,2,10600,0,21200,Tarjeta débito,Recurrente,25-34,1.6,,,26.3,No
103238,2026-04-19,4,Abril,16,Domingo,Sí,No,20:27,Noche,San Antonio,Mostrador,Café caliente,Latte,M,1,9000,0,9000,Efectivo,Recurrente,45-54,4.0,4,,26.3,No
103254,2026-04-20,4,Abril,17,Lunes,No,No,06:25,Mañana,Centro,Mostrador,Café caliente,Mocaccino,M,1,9500,0,9500,Efectivo,Recurrente,35-44,7.6,,,26.0,Sí
103252,2026-04-20,4,Abril,17,Lunes,No,No,06:47,Mañana,Centro,Mostrador,Panadería,Pandebono,,1,2500,0,2500,Efectivo,Recurrente,55 o más,4.9,,,26.0,Sí
103284,2026-04-20,4,Abril,17,Lunes,No,No,06:53,Mañana,El Peñón,Mostrador,Café caliente,Capuchino,M,1,8500,0,8500,Efectivo,Nuevo,35-44,4.3,,,26.0,Sí
103278,2026-04-20,4,Abril,17,Lunes,No,No,06:57,Mañana,El Peñón,App,Panadería,Torta de zanahoria,,1,9000,15,7600,Billetera digital,Recurrente,45-54,3.1,,,26.0,Sí
103280,2026-04-20,4,Abril,17,Lunes,No,No,07:20,Mañana,El Peñón,App,Café caliente,Latte,M,1,9000,15,7600,Billetera digital,Fidelizado,18-24,2.3,5,Me encanta el ambiente,26.0,Sí
103267,2026-04-20,4,Abril,17,Lunes,No,No,07:23,Mañana,Granada,Mostrador,Bebida fría,Jugo natural,M,2,8500,0,17000,Efectivo,Nuevo,18-24,5.2,,,26.0,Sí
103264,2026-04-20,4,Abril,17,Lunes,No,No,08:12,Mañana,Granada,App,Café caliente,Latte,S,2,7600,15,12900,Tarjeta crédito,Nuevo,35-44,4.0,4,,26.0,Sí
103273,2026-04-20,4,Abril,17,Lunes,No,No,09:02,Mañana,Ciudad Jardín,Mostrador,Café caliente,Latte,L,2,11200,0,22400,Billetera digital,Nuevo,45-54,4.2,,,26.0,Sí
103255,2026-04-20,4,Abril,17,Lunes,No,No,09:11,Mañana,Centro,Domicilio,Café caliente,Tinto,S,2,3000,5,5700,Efectivo,Fidelizado,18-24,,5,Volveré pronto,26.0,Sí
103261,2026-04-20,4,Abril,17,Lunes,No,No,09:54,Mañana,Centro,Mostrador,Panadería,Pandebono,,2,2500,0,5000,Billetera digital,Recurrente,18-24,5.4,,,26.0,Sí
103271,2026-04-20,4,Abril,17,Lunes,No,No,10:07,Media mañana,San Antonio,Domicilio,Café caliente,Tinto,L,4,4400,0,17600,Tarjeta débito,Recurrente,55 o más,,5,,26.0,Sí
103259,2026-04-20,4,Abril,17,Lunes,No,No,10:17,Media mañana,Centro,Domicilio,Bebida fría,Frappé de café,M,2,12500,0,25000,Tarjeta crédito,Recurrente,55 o más,,,,26.0,Sí
103285,2026-04-20,4,Abril,17,Lunes,No,No,11:04,Media mañana,El Peñón,Mostrador,Panadería,Buñuelo,,2,2200,0,4400,Efectivo,Nuevo,35-44,3.0,,,26.0,Sí
103269,2026-04-20,4,Abril,17,Lunes,No,No,11:17,Media mañana,San Antonio,App,Café caliente,Latte,M,2,9000,15,15300,Tarjeta crédito,Recurrente,18-24,2.7,,,26.0,Sí
103257,2026-04-20,4,Abril,17,Lunes,No,No,11:24,Media mañana,Centro,Mostrador,Café caliente,Tinto,M,1,3500,0,3500,Tarjeta crédito,Recurrente,35-44,3.9,,,26.0,Sí
103262,2026-04-20,4,Abril,17,Lunes,No,No,11:49,Media mañana,Granada,Mostrador,Café caliente,Tinto,M,1,3500,0,3500,Tarjeta débito,Nuevo,45-54,3.6,5,,26.0,Sí
103276,2026-04-20,4,Abril,17,Lunes,No,No,12:18,Almuerzo,El Peñón,Mostrador,Almuerzo,Wrap de pollo,,1,18500,0,18500,Efectivo,Nuevo,18-24,4.7,3,Bueno,26.0,Sí
103275,2026-04-20,4,Abril,17,Lunes,No,No,12:25,Almuerzo,Ciudad Jardín,App,Almuerzo,Ensalada César,,2,19500,15,33200,Tarjeta débito,Recurrente,45-54,4.0,,,26.0,Sí
103260,2026-04-20,4,Abril,17,Lunes,No,No,12:26,Almuerzo,Centro,Mostrador,Café caliente,Tinto,L,2,4400,0,8800,Tarjeta crédito,Recurrente,25-34,11.6,,,26.0,Sí
103256,2026-04-20,4,Abril,17,Lunes,No,No,12:34,Almuerzo,Centro,App,Panadería,Pandebono,,2,2500,15,4200,Tarjeta crédito,Recurrente,25-34,10.0,,,26.0,Sí
103258,2026-04-20,4,Abril,17,Lunes,No,No,13:01,Almuerzo,Centro,Mostrador,Almuerzo,Bowl vegetariano,,1,22000,0,22000,Billetera digital,Recurrente,18-24,12.1,,,26.0,Sí
103274,2026-04-20,4,Abril,17,Lunes,No,No,13:15,Almuerzo,Ciudad Jardín,App,Panadería,Pandebono,,1,2500,15,2100,Tarjeta débito,Fidelizado,55 o más,4.0,4,,26.0,Sí
103268,2026-04-20,4,Abril,17,Lunes,No,No,13:43,Almuerzo,Granada,Mostrador,Café caliente,Tinto,L,3,4400,0,13200,Tarjeta débito,Recurrente,35-44,10.7,,,26.0,Sí
103270,2026-04-20,4,Abril,17,Lunes,No,No,14:07,Tarde,San Antonio,Mostrador,Café caliente,Chocolate caliente,M,1,8000,0,8000,Tarjeta débito,Nuevo,18-24,6.0,,,26.0,Sí
103263,2026-04-20,4,Abril,17,Lunes,No,No,14:14,Tarde,Granada,Mostrador,Café caliente,Americano,M,2,5500,5,10400,Tarjeta débito,Fidelizado,35-44,4.2,,,26.0,Sí
103265,2026-04-20,4,Abril,17,Lunes,No,No,15:40,Tarde,Granada,Mostrador,Panadería,Muffin,,1,7000,0,7000,Tarjeta débito,Nuevo,Menos de 18,3.4,4,,26.0,Sí
103277,2026-04-20,4,Abril,17,Lunes,No,No,16:28,Tarde,El Peñón,Domicilio,Almuerzo,Ensalada César,,2,19500,0,39000,Efectivo,Recurrente,35-44,,3,Normal,26.0,Sí
103251,2026-04-20,4,Abril,17,Lunes,No,No,16:37,Tarde,Centro,Domicilio,Snacks,Galletas,,1,4500,0,4500,Tarjeta débito,Nuevo,45-54,,4,,26.0,Sí
103266,2026-04-20,4,Abril,17,Lunes,No,No,16:38,Tarde,Granada,Mostrador,Café caliente,Chocolate caliente,M,2,8000,0,16000,Tarjeta débito,Recurrente,25-34,1.5,,,26.0,Sí
103253,2026-04-20,4,Abril,17,Lunes,No,No,17:09,Tarde,Centro,Domicilio,Café caliente,Tinto,M,1,3500,5,3300,Tarjeta crédito,Fidelizado,45-54,,,,26.0,Sí
103283,2026-04-20,4,Abril,17,Lunes,No,No,18:07,Noche,El Peñón,Domicilio,Panadería,Croissant,,1,6500,0,6500,Tarjeta débito,Nuevo,25-34,,5,La app funciona bien,26.0,Sí
103282,2026-04-20,4,Abril,17,Lunes,No,No,18:19,Noche,El Peñón,Mostrador,Café caliente,Tinto,M,1,3500,0,3500,Tarjeta débito,Recurrente,18-24,2.2,,,26.0,Sí
103281,2026-04-20,4,Abril,17,Lunes,No,No,18:46,Noche,El Peñón,Domicilio,Snacks,Empanada,,3,3500,0,10500,Billetera digital,Recurrente,18-24,,,,26.0,Sí
103279,2026-04-20,4,Abril,17,Lunes,No,No,19:55,Noche,El Peñón,Mostrador,Almuerzo,Wrap de pollo,,1,18500,0,18500,Tarjeta débito,Nuevo,45-54,1.6,,,26.0,Sí
103272,2026-04-20,4,Abril,17,Lunes,No,No,20:14,Noche,Ciudad Jardín,Domicilio,Almuerzo,Sándwich cubano,,1,21000,5,20000,Efectivo,Fidelizado,45-54,,4,,26.0,Sí
103295,2026-04-21,4,Abril,17,Martes,No,No,06:22,Mañana,Centro,Mostrador,Snacks,Empanada,,2,3500,5,6600,Tarjeta débito,Fidelizado,45-54,11.8,3,,27.1,No
103297,2026-04-21,4,Abril,17,Martes,No,No,06:58,Mañana,Centro,Mostrador,Panadería,Buñuelo,,1,2200,0,2200,Efectivo,Recurrente,18-24,6.0,3,,27.1,No
103311,2026-04-21,4,Abril,17,Martes,No,No,07:00,Mañana,El Peñón,App,Panadería,Pandebono,,1,2500,15,2100,Tarjeta débito,Recurrente,35-44,1.1,,,27.1,No
103291,2026-04-21,4,Abril,17,Martes,No,No,07:31,Mañana,Centro,Mostrador,Panadería,Muffin,,2,7000,0,14000,Efectivo,Nuevo,25-34,4.7,4,,27.1,No
103292,2026-04-21,4,Abril,17,Martes,No,No,08:21,Mañana,Centro,Domicilio,Café caliente,Chocolate caliente,S,2,6800,5,12900,Efectivo,Fidelizado,25-34,,,,27.1,No
103304,2026-04-21,4,Abril,17,Martes,No,No,08:41,Mañana,Ciudad Jardín,Mostrador,Café caliente,Capuchino,M,2,8500,0,17000,Efectivo,Recurrente,Menos de 18,4.4,,,27.1,No
103293,2026-04-21,4,Abril,17,Martes,No,No,09:11,Mañana,Centro,Domicilio,Café caliente,Chocolate caliente,S,1,6800,0,6800,Tarjeta crédito,Recurrente,35-44,,,,27.1,No
103306,2026-04-21,4,Abril,17,Martes,No,No,10:27,Media mañana,Ciudad Jardín,App,Snacks,Papas de paquete,,4,5000,15,17000,Tarjeta crédito,Recurrente,35-44,3.0,,,27.1,No
103303,2026-04-21,4,Abril,17,Martes,No,No,10:57,Media mañana,Ciudad Jardín,Mostrador,Panadería,Pandebono,,2,2500,5,4800,Efectivo,Fidelizado,45-54,3.5,,,27.1,No
103294,2026-04-21,4,Abril,17,Martes,No,No,10:59,Media mañana,Centro,App,Snacks,Empanada,,2,3500,15,6000,Tarjeta crédito,Recurrente,25-34,0.6,4,La app funciona bien,27.1,No
103288,2026-04-21,4,Abril,17,Martes,No,No,11:04,Media mañana,Centro,Mostrador,Café caliente,Americano,M,1,5500,0,5500,Tarjeta débito,Recurrente,Menos de 18,2.0,,,27.1,No
103286,2026-04-21,4,Abril,17,Martes,No,No,11:11,Media mañana,Centro,App,Café caliente,Mocaccino,M,1,9500,15,8100,Tarjeta débito,Recurrente,25-34,1.9,,,27.1,No
103309,2026-04-21,4,Abril,17,Martes,No,No,11:17,Media mañana,El Peñón,App,Snacks,Barra de granola,,1,5500,15,4700,Tarjeta débito,Nuevo,18-24,1.8,5,Excelente atención,27.1,No
103287,2026-04-21,4,Abril,17,Martes,No,No,11:51,Media mañana,Centro,Mostrador,Snacks,Galletas,,1,4500,0,4500,Billetera digital,Recurrente,18-24,2.0,4,Rico pero un poco demorado,27.1,No
103307,2026-04-21,4,Abril,17,Martes,No,No,12:19,Almuerzo,Ciudad Jardín,App,Bebida fría,Frappé de café,M,1,12500,15,10600,Tarjeta débito,Recurrente,35-44,2.0,4,Excelente atención,27.1,No
103310,2026-04-21,4,Abril,17,Martes,No,No,12:33,Almuerzo,El Peñón,App,Almuerzo,Ensalada César,,1,19500,15,16600,Tarjeta crédito,Recurrente,45-54,4.3,5,,27.1,No
103300,2026-04-21,4,Abril,17,Martes,No,No,12:37,Almuerzo,Granada,Mostrador,Bebida fría,Cold brew,L,1,13100,0,13100,Tarjeta crédito,Nuevo,25-34,5.6,4,,27.1,No
103299,2026-04-21,4,Abril,17,Martes,No,No,12:44,Almuerzo,Centro,Mostrador,Almuerzo,Ensalada César,,3,19500,5,55600,Tarjeta débito,Fidelizado,25-34,12.8,,,27.1,No
103289,2026-04-21,4,Abril,17,Martes,No,No,12:47,Almuerzo,Centro,Mostrador,Snacks,Galletas,,1,4500,0,4500,Tarjeta débito,Nuevo,35-44,12.7,3,Se demoraron con mi pedido,27.1,No
103290,2026-04-21,4,Abril,17,Martes,No,No,12:55,Almuerzo,Centro,Mostrador,Almuerzo,Bowl vegetariano,,1,22000,0,22000,Efectivo,Nuevo,18-24,14.1,,,27.1,No
103312,2026-04-21,4,Abril,17,Martes,No,No,13:04,Almuerzo,El Peñón,Mostrador,Snacks,Papas de paquete,,1,5000,0,5000,Billetera digital,Nuevo,35-44,5.1,,,27.1,No
103313,2026-04-21,4,Abril,17,Martes,No,No,13:31,Almuerzo,El Peñón,App,Almuerzo,Ensalada César,,1,19500,15,16600,Billetera digital,Nuevo,25-34,4.5,,,27.1,No
103302,2026-04-21,4,Abril,17,Martes,No,No,14:07,Tarde,San Antonio,Mostrador,Almuerzo,Bowl vegetariano,,1,22000,0,22000,Efectivo,Recurrente,18-24,4.7,,,27.1,No
103298,2026-04-21,4,Abril,17,Martes,No,No,14:37,Tarde,Centro,Mostrador,Panadería,Muffin,,3,7000,0,21000,Efectivo,Nuevo,45-54,3.0,4,,27.1,No
103301,2026-04-21,4,Abril,17,Martes,No,No,14:57,Tarde,San Antonio,Mostrador,Panadería,Pandebono,,1,2500,5,2400,Efectivo,Fidelizado,18-24,2.1,,,27.1,No
103296,2026-04-21,4,Abril,17,Martes,No,No,15:49,Tarde,Centro,Mostrador,Panadería,Buñuelo,,2,2200,0,4400,Efectivo,Recurrente,25-34,2.5,,,27.1,No
103305,2026-04-21,4,Abril,17,Martes,No,No,17:13,Tarde,Ciudad Jardín,Mostrador,Snacks,Galletas,,2,4500,5,8600,Tarjeta débito,Fidelizado,18-24,4.0,,,27.1,No
103308,2026-04-21,4,Abril,17,Martes,No,No,19:26,Noche,Ciudad Jardín,Mostrador,Panadería,Pandebono,,3,2500,5,7100,Efectivo,Fidelizado,35-44,8.7,,,27.1,No
103322,2026-04-22,4,Abril,17,Miércoles,No,No,06:02,Mañana,Centro,Mostrador,Snacks,Empanada,,1,3500,0,3500,Efectivo,Nuevo,25-34,4.9,,,23.9,Sí
103319,2026-04-22,4,Abril,17,Miércoles,No,No,06:06,Mañana,Centro,Domicilio,Café caliente,Tinto,M,2,3500,0,7000,Tarjeta débito,Recurrente,35-44,,,,23.9,Sí
103314,2026-04-22,4,Abril,17,Miércoles,No,No,07:00,Mañana,Centro,Mostrador,Snacks,Papas de paquete,,1,5000,0,5000,Tarjeta crédito,Recurrente,35-44,6.3,,,23.9,Sí
103343,2026-04-22,4,Abril,17,Miércoles,No,No,07:36,Mañana,El Peñón,Domicilio,Panadería,Torta de zanahoria,,1,9000,0,9000,Tarjeta crédito,Nuevo,25-34,,4,,23.9,Sí
103328,2026-04-22,4,Abril,17,Miércoles,No,No,08:02,Mañana,Granada,Mostrador,Café caliente,Tinto,M,1,3500,0,3500,Billetera digital,Recurrente,18-24,6.8,,,23.9,Sí
103324,2026-04-22,4,Abril,17,Miércoles,No,No,09:02,Mañana,Centro,Mostrador,Café caliente,Latte,S,1,7600,0,7600,Efectivo,Nuevo,25-34,9.5,3,,23.9,Sí
103317,2026-04-22,4,Abril,17,Miércoles,No,No,09:06,Mañana,Centro,Mostrador,Café caliente,Americano,M,1,5500,0,5500,Billetera digital,Recurrente,25-34,6.7,,,23.9,Sí
103325,2026-04-22,4,Abril,17,Miércoles,No,No,09:37,Mañana,Centro,Mostrador,Panadería,Pandebono,,4,2500,0,10000,Tarjeta débito,Nuevo,25-34,5.6,,,23.9,Sí
103333,2026-04-22,4,Abril,17,Miércoles,No,No,10:43,Media mañana,Granada,Domicilio,Café caliente,Tinto,M,2,3500,0,7000,Billetera digital,Nuevo,35-44,,,,23.9,Sí
103335,2026-04-22,4,Abril,17,Miércoles,No,No,10:48,Media mañana,San Antonio,App,Panadería,Croissant,,1,6500,15,5500,Billetera digital,Nuevo,35-44,1.0,,,23.9,Sí
103339,2026-04-22,4,Abril,17,Miércoles,No,No,11:03,Media mañana,San Antonio,App,Café caliente,Tinto,M,1,3500,15,3000,Billetera digital,Recurrente,25-34,1.3,,,23.9,Sí
103336,2026-04-22,4,Abril,17,Miércoles,No,No,11:14,Media mañana,San Antonio,Mostrador,Panadería,Muffin,,1,7000,0,7000,Efectivo,Recurrente,18-24,3.2,,,23.9,Sí
103331,2026-04-22,4,Abril,17,Miércoles,No,No,11:31,Media mañana,Granada,Mostrador,Snacks,Empanada,,1,3500,0,3500,Tarjeta débito,Recurrente,18-24,3.5,,,23.9,Sí
103316,2026-04-22,4,Abril,17,Miércoles,No,No,13:01,Almuerzo,Centro,Mostrador,Almuerzo,Sándwich cubano,,1,21000,0,21000,Billetera digital,Recurrente,55 o más,23.2,,,23.9,Sí
103318,2026-04-22,4,Abril,17,Miércoles,No,No,13:25,Almuerzo,Centro,Domicilio,Almuerzo,Wrap de pollo,,1,18500,5,17600,Efectivo,Fidelizado,Menos de 18,,5,Excelente atención,23.9,Sí
103323,2026-04-22,4,Abril,17,Miércoles,No,No,13:27,Almuerzo,Centro,Mostrador,Almuerzo,Sándwich cubano,,1,21000,0,21000,Efectivo,Nuevo,18-24,9.0,,,23.9,Sí
103327,2026-04-22,4,Abril,17,Miércoles,No,No,13:31,Almuerzo,Granada,Domicilio,Almuerzo,Wrap de pollo,,1,18500,0,18500,Tarjeta débito,Nuevo,18-24,,,,23.9,Sí
103326,2026-04-22,4,Abril,17,Miércoles,No,No,13:36,Almuerzo,Centro,Mostrador,Almuerzo,Wrap de pollo,,1,18500,0,18500,Tarjeta débito,Nuevo,35-44,17.5,,,23.9,Sí
103321,2026-04-22,4,Abril,17,Miércoles,No,No,13:41,Almuerzo,Centro,App,Café caliente,Mocaccino,L,1,11900,15,10100,Tarjeta crédito,Nuevo,25-34,10.3,4,,23.9,Sí
103344,2026-04-22,4,Abril,17,Miércoles,No,No,13:45,Almuerzo,El Peñón,Domicilio,Almuerzo,Ensalada César,,3,19500,0,58500,Tarjeta crédito,Nuevo,25-34,,,,23.9,Sí
103337,2026-04-22,4,Abril,17,Miércoles,No,No,14:13,Tarde,San Antonio,Mostrador,Café caliente,Latte,M,2,9000,0,18000,Efectivo,Recurrente,18-24,3.8,4,Volveré pronto,23.9,Sí
103334,2026-04-22,4,Abril,17,Miércoles,No,No,15:14,Tarde,San Antonio,Mostrador,Café caliente,Latte,L,2,11200,0,22400,Tarjeta crédito,Nuevo,35-44,3.4,,,23.9,Sí
103315,2026-04-22,4,Abril,17,Miércoles,No,No,15:23,Tarde,Centro,App,Panadería,Pandebono,,2,2500,15,4200,Tarjeta débito,Fidelizado,25-34,1.7,,,23.9,Sí
103338,2026-04-22,4,Abril,17,Miércoles,No,No,15:32,Tarde,San Antonio,Mostrador,Café caliente,Latte,L,1,11200,0,11200,Tarjeta débito,Recurrente,18-24,4.9,5,Rápido y amable,23.9,Sí
103320,2026-04-22,4,Abril,17,Miércoles,No,No,15:33,Tarde,Centro,Mostrador,Café caliente,Tinto,S,2,3000,0,6000,Efectivo,Recurrente,18-24,4.3,,,23.9,Sí
103342,2026-04-22,4,Abril,17,Miércoles,No,No,16:41,Tarde,Ciudad Jardín,Mostrador,Panadería,Buñuelo,,1,2200,5,2100,Efectivo,Fidelizado,Menos de 18,2.3,4,,23.9,Sí
103341,2026-04-22,4,Abril,17,Miércoles,No,No,17:46,Tarde,San Antonio,Mostrador,Panadería,Buñuelo,,3,2200,0,6600,Tarjeta débito,Nuevo,25-34,9.0,3,,23.9,Sí
103340,2026-04-22,4,Abril,17,Miércoles,No,No,18:10,Noche,San Antonio,Mostrador,Café caliente,Tinto,L,1,4400,0,4400,Tarjeta crédito,Nuevo,35-44,1.7,4,Rápido y amable,23.9,Sí
103332,2026-04-22,4,Abril,17,Miércoles,No,No,19:52,Noche,Granada,Domicilio,Café caliente,Capuchino,M,1,8500,0,8500,Billetera digital,Recurrente,18-24,,,,23.9,Sí
103330,2026-04-22,4,Abril,17,Miércoles,No,No,20:08,Noche,Granada,App,Café caliente,Tinto,M,1,3500,15,3000,Tarjeta débito,Recurrente,18-24,0.8,4,Aceptable,23.9,Sí
103329,2026-04-22,4,Abril,17,Miércoles,No,No,20:59,Noche,Granada,Domicilio,Café caliente,Americano,M,1,5500,0,5500,Billetera digital,Recurrente,35-44,,,,23.9,Sí
103362,2026-04-23,4,Abril,17,Jueves,No,No,06:03,Mañana,San Antonio,Domicilio,Panadería,Buñuelo,,1,2200,0,2200,Tarjeta débito,Nuevo,35-44,,,,24.8,No
103346,2026-04-23,4,Abril,17,Jueves,No,No,06:10,Mañana,Centro,Mostrador,Panadería,Pandebono,,1,2500,0,2500,Efectivo,Recurrente,55 o más,26.8,,,24.8,No
103348,2026-04-23,4,Abril,17,Jueves,No,No,06:31,Mañana,Centro,Mostrador,Panadería,Pandebono,,2,2500,0,5000,Tarjeta crédito,Recurrente,18-24,14.5,2,El café llegó frío,24.8,No
103347,2026-04-23,4,Abril,17,Jueves,No,No,07:27,Mañana,Centro,App,Café caliente,Tinto,M,2,3500,15,6000,Tarjeta crédito,Recurrente,25-34,4.1,4,,24.8,No
103371,2026-04-23,4,Abril,17,Jueves,No,No,07:37,Mañana,Ciudad Jardín,Mostrador,Panadería,Muffin,,1,7000,5,6600,Billetera digital,Fidelizado,25-34,5.6,,,24.8,No
103349,2026-04-23,4,Abril,17,Jueves,No,No,08:25,Mañana,Granada,App,Café caliente,Americano,M,1,5500,15,4700,Billetera digital,Fidelizado,35-44,4.4,,,24.8,No
103373,2026-04-23,4,Abril,17,Jueves,No,No,08:32,Mañana,El Peñón,Mostrador,Bebida fría,Frappé de café,M,1,12500,0,12500,Tarjeta débito,Recurrente,18-24,3.4,,,24.8,No
103372,2026-04-23,4,Abril,17,Jueves,No,No,09:46,Mañana,El Peñón,Mostrador,Café caliente,Latte,S,1,7600,0,7600,Tarjeta crédito,Nuevo,55 o más,3.5,,,24.8,No
103367,2026-04-23,4,Abril,17,Jueves,No,No,10:20,Media mañana,San Antonio,Mostrador,Café caliente,Mocaccino,M,1,9500,0,9500,Efectivo,Recurrente,45-54,4.3,,,24.8,No
103366,2026-04-23,4,Abril,17,Jueves,No,No,10:42,Media mañana,San Antonio,Mostrador,Bebida fría,Frappé de café,M,1,12500,0,12500,Efectivo,Recurrente,25-34,3.0,5,La app funciona bien,24.8,No
103356,2026-04-23,4,Abril,17,Jueves,No,No,11:19,Media mañana,Granada,App,Panadería,Croissant,,4,6500,15,22100,Tarjeta débito,Recurrente,25-34,0.9,,,24.8,No
103370,2026-04-23,4,Abril,17,Jueves,No,No,11:53,Media mañana,Ciudad Jardín,App,Café caliente,Americano,S,3,4700,15,12000,Billetera digital,Fidelizado,55 o más,1.4,,,24.8,No
103352,2026-04-23,4,Abril,17,Jueves,No,No,12:38,Almuerzo,Granada,Mostrador,Bebida fría,Frappé de café,S,4,10600,0,42400,Tarjeta crédito,Recurrente,45-54,6.1,5,,24.8,No
103353,2026-04-23,4,Abril,17,Jueves,No,No,12:41,Almuerzo,Granada,Mostrador,Almuerzo,Bowl vegetariano,,1,22000,0,22000,Tarjeta débito,Nuevo,35-44,3.4,4,La app funciona bien,24.8,No
103357,2026-04-23,4,Abril,17,Jueves,No,No,13:05,Almuerzo,Granada,Mostrador,Almuerzo,Sándwich cubano,,3,21000,5,59800,Billetera digital,Fidelizado,25-34,9.2,,,24.8,No
103368,2026-04-23,4,Abril,17,Jueves,No,No,13:06,Almuerzo,Ciudad Jardín,Mostrador,Bebida fría,Frappé de café,S,2,10600,0,21200,Tarjeta crédito,Recurrente,45-54,2.4,,,24.8,No
103345,2026-04-23,4,Abril,17,Jueves,No,No,14:21,Tarde,Centro,Mostrador,Snacks,Barra de granola,,4,5500,5,20900,Tarjeta crédito,Fidelizado,18-24,3.8,5,Me encanta el ambiente,24.8,No
103363,2026-04-23,4,Abril,17,Jueves,No,No,15:26,Tarde,San Antonio,Mostrador,Panadería,Croissant,,2,6500,0,13000,Efectivo,Nuevo,45-54,2.1,,,24.8,No
103355,2026-04-23,4,Abril,17,Jueves,No,No,16:59,Tarde,Granada,Mostrador,Café caliente,Chocolate caliente,M,1,8000,0,8000,Tarjeta crédito,Nuevo,25-34,3.7,,,24.8,No
103374,2026-04-23,4,Abril,17,Jueves,No,No,17:17,Tarde,El Peñón,Mostrador,Snacks,Galletas,,1,4500,0,4500,Tarjeta crédito,Nuevo,18-24,9.0,,,24.8,No
103351,2026-04-23,4,Abril,17,Jueves,No,No,17:55,Tarde,Granada,Mostrador,Snacks,Galletas,,2,4500,5,8600,Efectivo,Fidelizado,18-24,2.4,,,24.8,No
103360,2026-04-23,4,Abril,17,Jueves,No,No,18:25,Noche,Granada,Mostrador,Bebida fría,Cold brew,M,1,10500,0,10500,Tarjeta crédito,Recurrente,45-54,2.9,,,24.8,No
103350,2026-04-23,4,Abril,17,Jueves,No,No,18:26,Noche,Granada,Mostrador,Café caliente,Tinto,L,2,4400,0,8800,Tarjeta débito,Recurrente,35-44,5.8,,,24.8,No
103358,2026-04-23,4,Abril,17,Jueves,No,No,18:49,Noche,Granada,Mostrador,Café caliente,Capuchino,M,3,8500,0,25500,Efectivo,Recurrente,18-24,1.9,4,,24.8,No
103359,2026-04-23,4,Abril,17,Jueves,No,No,19:50,Noche,Granada,Mostrador,Panadería,Pandebono,,2,2500,5,4800,Billetera digital,Fidelizado,25-34,3.4,,,24.8,No
103365,2026-04-23,4,Abril,17,Jueves,No,No,20:00,Noche,San Antonio,App,Bebida fría,Frappé de café,L,2,15600,15,26500,Tarjeta crédito,Fidelizado,25-34,1.7,,,24.8,No
103369,2026-04-23,4,Abril,17,Jueves,No,No,20:09,Noche,Ciudad Jardín,Mostrador,Almuerzo,Bowl vegetariano,,4,22000,0,88000,Tarjeta débito,Recurrente,35-44,3.0,4,La app funciona bien,24.8,No
103354,2026-04-23,4,Abril,17,Jueves,No,No,20:32,Noche,Granada,App,Café caliente,Latte,L,1,11200,15,9500,Billetera digital,Recurrente,18-24,1.2,4,Buen precio por el tamaño,24.8,No
103364,2026-04-23,4,Abril,17,Jueves,No,No,20:38,Noche,San Antonio,Domicilio,Café caliente,Capuchino,M,3,8500,5,24200,Efectivo,Fidelizado,25-34,,,,24.8,No
103361,2026-04-23,4,Abril,17,Jueves,No,No,20:47,Noche,Granada,App,Almuerzo,Sándwich cubano,,3,21000,15,53600,Tarjeta crédito,Fidelizado,18-24,3.2,,,24.8,No
103386,2026-04-24,4,Abril,17,Viernes,No,No,06:02,Mañana,Granada,Mostrador,Café caliente,Mocaccino,M,1,9500,0,9500,Efectivo,Nuevo,35-44,2.6,,,24.8,No
103380,2026-04-24,4,Abril,17,Viernes,No,No,06:24,Mañana,Centro,Mostrador,Café caliente,Tinto,M,1,3500,0,3500,Tarjeta débito,Recurrente,25-34,12.4,,,24.8,No
103401,2026-04-24,4,Abril,17,Viernes,No,No,07:12,Mañana,El Peñón,Mostrador,Panadería,Croissant,,1,6500,0,6500,Efectivo,Nuevo,25-34,3.5,,,24.8,No
103399,2026-04-24,4,Abril,17,Viernes,No,No,07:15,Mañana,El Peñón,Mostrador,Bebida fría,Frappé de café,M,4,12500,0,50000,Tarjeta débito,Nuevo,35-44,5.6,3,,24.8,No
103383,2026-04-24,4,Abril,17,Viernes,No,No,07:16,Mañana,Centro,Domicilio,Café caliente,Capuchino,M,2,8500,0,17000,Billetera digital,Recurrente,18-24,,,,24.8,No
103382,2026-04-24,4,Abril,17,Viernes,No,No,07:39,Mañana,Centro,App,Café caliente,Capuchino,M,1,8500,15,7200,Billetera digital,Recurrente,35-44,3.9,,,24.8,No
103393,2026-04-24,4,Abril,17,Viernes,No,No,08:21,Mañana,San Antonio,App,Café caliente,Tinto,L,1,4400,15,3700,Tarjeta débito,Fidelizado,35-44,2.0,,,24.8,No
103385,2026-04-24,4,Abril,17,Viernes,No,No,10:26,Media mañana,Granada,Mostrador,Bebida fría,Cold brew,M,3,10500,0,31500,Tarjeta crédito,Recurrente,18-24,2.9,,,24.8,No
103394,2026-04-24,4,Abril,17,Viernes,No,No,10:46,Media mañana,Ciudad Jardín,Mostrador,Café caliente,Tinto,M,3,3500,5,10000,Tarjeta crédito,Fidelizado,25-34,2.7,,,24.8,No
103379,2026-04-24,4,Abril,17,Viernes,No,No,10:58,Media mañana,Centro,Mostrador,Snacks,Papas de paquete,,2,5000,0,10000,Tarjeta débito,Recurrente,25-34,3.2,5,,24.8,No
103395,2026-04-24,4,Abril,17,Viernes,No,No,11:11,Media mañana,Ciudad Jardín,Mostrador,Panadería,Muffin,,3,7000,5,20000,Billetera digital,Fidelizado,35-44,4.2,5,,24.8,No
103397,2026-04-24,4,Abril,17,Viernes,No,No,11:24,Media mañana,Ciudad Jardín,Mostrador,Café caliente,Mocaccino,M,2,9500,0,19000,Tarjeta débito,Recurrente,45-54,1.5,,,24.8,No
103398,2026-04-24,4,Abril,17,Viernes,No,No,11:26,Media mañana,El Peñón,App,Panadería,Croissant,,1,6500,15,5500,Tarjeta crédito,Nuevo,45-54,0.9,,,24.8,No
103377,2026-04-24,4,Abril,17,Viernes,No,No,12:05,Almuerzo,Centro,App,Almuerzo,Sándwich cubano,,1,21000,15,17800,Billetera digital,Recurrente,25-34,6.6,,,24.8,No
103390,2026-04-24,4,Abril,17,Viernes,No,No,12:10,Almuerzo,Granada,App,Bebida fría,Frappé de café,M,2,12500,15,21200,Tarjeta débito,Fidelizado,35-44,4.2,,,24.8,No
103381,2026-04-24,4,Abril,17,Viernes,No,No,12:20,Almuerzo,Centro,Domicilio,Café caliente,Capuchino,L,1,10600,0,10600,Tarjeta débito,Recurrente,18-24,,5,Volveré pronto,24.8,No
103400,2026-04-24,4,Abril,17,Viernes,No,No,12:27,Almuerzo,El Peñón,Mostrador,Almuerzo,Sándwich cubano,,3,21000,0,63000,Tarjeta débito,Nuevo,Menos de 18,5.6,,,24.8,No
103376,2026-04-24,4,Abril,17,Viernes,No,No,12:39,Almuerzo,Centro,Mostrador,Almuerzo,Sándwich cubano,,2,21000,0,42000,Billetera digital,Recurrente,35-44,13.7,,,24.8,No
103378,2026-04-24,4,Abril,17,Viernes,No,No,12:44,Almuerzo,Centro,Mostrador,Café caliente,Latte,S,1,7600,0,7600,Tarjeta crédito,Recurrente,55 o más,10.3,,,24.8,No
103384,2026-04-24,4,Abril,17,Viernes,No,No,12:51,Almuerzo,Centro,Domicilio,Almuerzo,Wrap de pollo,,2,18500,0,37000,Efectivo,Nuevo,35-44,,,,24.8,No
103403,2026-04-24,4,Abril,17,Viernes,No,No,13:09,Almuerzo,El Peñón,Mostrador,Almuerzo,Sándwich cubano,,2,21000,0,42000,Tarjeta débito,Recurrente,35-44,4.6,5,,24.8,No
103389,2026-04-24,4,Abril,17,Viernes,No,No,13:48,Almuerzo,Granada,App,Almuerzo,Wrap de pollo,,1,18500,15,15700,Tarjeta débito,Fidelizado,35-44,2.2,,,24.8,No
103392,2026-04-24,4,Abril,17,Viernes,No,No,14:59,Tarde,Granada,App,Café caliente,Americano,S,1,4700,15,4000,Billetera digital,Recurrente,25-34,2.2,5,,24.8,No
103402,2026-04-24,4,Abril,17,Viernes,No,No,15:12,Tarde,El Peñón,App,Panadería,Pandebono,,2,2500,15,4200,Billetera digital,Nuevo,35-44,0.8,,,24.8,No
103387,2026-04-24,4,Abril,17,Viernes,No,No,15:40,Tarde,Granada,Mostrador,Café caliente,Capuchino,L,2,10600,0,21200,Billetera digital,Nuevo,25-34,4.7,4,Buen precio por el tamaño,24.8,No
103388,2026-04-24,4,Abril,17,Viernes,No,No,16:07,Tarde,Granada,Domicilio,Café caliente,Tinto,M,3,3500,5,10000,Efectivo,Fidelizado,25-34,,,,24.8,No
103391,2026-04-24,4,Abril,17,Viernes,No,No,18:03,Noche,Granada,Mostrador,Bebida fría,Limonada de coco,M,4,11000,5,41800,Tarjeta débito,Fidelizado,25-34,3.4,,,24.8,No
103375,2026-04-24,4,Abril,17,Viernes,No,No,18:53,Noche,Centro,Mostrador,Snacks,Galletas,,1,4500,0,4500,Tarjeta crédito,Recurrente,45-54,3.6,4,Bueno,24.8,No
103396,2026-04-24,4,Abril,17,Viernes,No,No,20:04,Noche,Ciudad Jardín,Domicilio,Café caliente,Latte,M,2,9000,0,18000,Tarjeta débito,Nuevo,55 o más,,5,,24.8,No
103415,2026-04-25,4,Abril,17,Sábado,Sí,No,06:04,Mañana,Ciudad Jardín,Mostrador,Café caliente,Tinto,S,1,3000,0,3000,Tarjeta crédito,Nuevo,18-24,2.5,,,24.0,Sí
103419,2026-04-25,4,Abril,17,Sábado,Sí,No,06:07,Mañana,El Peñón,Mostrador,Panadería,Buñuelo,,1,2200,0,2200,Efectivo,Nuevo,55 o más,3.7,,,24.0,Sí
103410,2026-04-25,4,Abril,17,Sábado,Sí,No,06:35,Mañana,Granada,Domicilio,Café caliente,Tinto,M,2,3500,0,7000,Efectivo,Nuevo,35-44,,,,24.0,Sí
103414,2026-04-25,4,Abril,17,Sábado,Sí,No,06:44,Mañana,San Antonio,Domicilio,Café caliente,Mocaccino,M,2,9500,0,19000,Tarjeta crédito,Recurrente,Menos de 18,,4,Aceptable,24.0,Sí
103421,2026-04-25,4,Abril,17,Sábado,Sí,No,06:54,Mañana,El Peñón,Domicilio,Snacks,Barra de granola,,1,5500,0,5500,Tarjeta débito,Nuevo,18-24,,,,24.0,Sí
103417,2026-04-25,4,Abril,17,Sábado,Sí,No,08:24,Mañana,Ciudad Jardín,Mostrador,Café caliente,Latte,S,1,7600,5,7200,Efectivo,Fidelizado,35-44,1.7,,,24.0,Sí
103408,2026-04-25,4,Abril,17,Sábado,Sí,No,09:38,Mañana,Granada,App,Café caliente,Capuchino,L,4,10600,15,36000,Tarjeta débito,Fidelizado,Menos de 18,2.4,5,,24.0,Sí
103411,2026-04-25,4,Abril,17,Sábado,Sí,No,10:01,Media mañana,Granada,Domicilio,Almuerzo,Sándwich cubano,,1,21000,0,21000,Billetera digital,Nuevo,18-24,,2,,24.0,Sí
103407,2026-04-25,4,Abril,17,Sábado,Sí,No,10:25,Media mañana,Granada,Mostrador,Bebida fría,Limonada de coco,M,2,11000,0,22000,Billetera digital,Nuevo,25-34,6.4,,,24.0,Sí
103416,2026-04-25,4,Abril,17,Sábado,Sí,No,10:28,Media mañana,Ciudad Jardín,App,Panadería,Buñuelo,,3,2200,15,5600,Billetera digital,Fidelizado,35-44,1.5,4,,24.0,Sí
103406,2026-04-25,4,Abril,17,Sábado,Sí,No,11:33,Media mañana,Centro,Mostrador,Snacks,Galletas,,2,4500,0,9000,Tarjeta crédito,Recurrente,35-44,2.1,,,24.0,Sí
103412,2026-04-25,4,Abril,17,Sábado,Sí,No,12:01,Almuerzo,Granada,Domicilio,Snacks,Empanada,,2,3500,0,7000,Efectivo,Recurrente,Menos de 18,,,,24.0,Sí
103405,2026-04-25,4,Abril,17,Sábado,Sí,No,12:13,Almuerzo,Centro,Mostrador,Café caliente,Capuchino,S,2,7200,0,14400,Tarjeta crédito,Recurrente,25-34,6.8,5,La app funciona bien,24.0,Sí
103404,2026-04-25,4,Abril,17,Sábado,Sí,No,12:48,Almuerzo,Centro,Mostrador,Almuerzo,Wrap de pollo,,1,18500,0,18500,Tarjeta débito,Nuevo,18-24,5.3,4,,24.0,Sí
103409,2026-04-25,4,Abril,17,Sábado,Sí,No,13:00,Almuerzo,Granada,Domicilio,Snacks,Empanada,,1,3500,5,3300,Tarjeta crédito,Fidelizado,45-54,,5,El pandebono estaba recién hecho,24.0,Sí
103422,2026-04-25,4,Abril,17,Sábado,Sí,No,13:24,Almuerzo,El Peñón,Domicilio,Café caliente,Americano,S,4,4700,0,18800,Efectivo,Nuevo,35-44,,4,,24.0,Sí
103413,2026-04-25,4,Abril,17,Sábado,Sí,No,16:20,Tarde,San Antonio,App,Panadería,Muffin,,1,7000,15,6000,Tarjeta crédito,Recurrente,18-24,0.7,5,Me encanta el ambiente,24.0,Sí
103418,2026-04-25,4,Abril,17,Sábado,Sí,No,17:07,Tarde,Ciudad Jardín,Mostrador,Snacks,Galletas,,1,4500,0,4500,Billetera digital,Nuevo,25-34,3.8,4,,24.0,Sí
103420,2026-04-25,4,Abril,17,Sábado,Sí,No,19:20,Noche,El Peñón,App,Panadería,Pandebono,,2,2500,15,4200,Billetera digital,Nuevo,35-44,2.7,,,24.0,Sí
103445,2026-04-26,4,Abril,17,Domingo,Sí,No,06:02,Mañana,Ciudad Jardín,App,Café caliente,Mocaccino,M,1,9500,15,8100,Billetera digital,Nuevo,25-34,2.8,,,25.3,Sí
103447,2026-04-26,4,Abril,17,Domingo,Sí,No,06:20,Mañana,Ciudad Jardín,Mostrador,Snacks,Empanada,,4,3500,5,13300,Efectivo,Fidelizado,45-54,1.5,,,25.3,Sí
103427,2026-04-26,4,Abril,17,Domingo,Sí,No,06:24,Mañana,Granada,Domicilio,Café caliente,Tinto,M,2,3500,0,7000,Billetera digital,Recurrente,25-34,,5,,25.3,Sí
103451,2026-04-26,4,Abril,17,Domingo,Sí,No,06:36,Mañana,Ciudad Jardín,App,Café caliente,Tinto,M,2,3500,15,6000,Tarjeta crédito,Recurrente,55 o más,1.3,,,25.3,Sí
103449,2026-04-26,4,Abril,17,Domingo,Sí,No,08:14,Mañana,Ciudad Jardín,Mostrador,Café caliente,Chocolate caliente,L,3,10000,5,28500,Billetera digital,Fidelizado,35-44,3.2,5,,25.3,Sí
103431,2026-04-26,4,Abril,17,Domingo,Sí,No,08:16,Mañana,Granada,App,Panadería,Pandebono,,1,2500,15,2100,Tarjeta crédito,Recurrente,Menos de 18,2.1,,,25.3,Sí
103424,2026-04-26,4,Abril,17,Domingo,Sí,No,08:26,Mañana,Granada,Mostrador,Panadería,Buñuelo,,1,2200,0,2200,Billetera digital,Recurrente,25-34,5.6,,,25.3,Sí
103450,2026-04-26,4,Abril,17,Domingo,Sí,No,08:33,Mañana,Ciudad Jardín,Mostrador,Café caliente,Tinto,M,2,3500,5,6600,Efectivo,Fidelizado,35-44,1.1,,,25.3,Sí
103428,2026-04-26,4,Abril,17,Domingo,Sí,No,08:38,Mañana,Granada,Domicilio,Café caliente,Tinto,S,1,3000,5,2800,Billetera digital,Fidelizado,18-24,,5,,25.3,Sí
103423,2026-04-26,4,Abril,17,Domingo,Sí,No,08:59,Mañana,Granada,Domicilio,Café caliente,Capuchino,L,1,10600,0,10600,Efectivo,Nuevo,25-34,,,,25.3,Sí
103440,2026-04-26,4,Abril,17,Domingo,Sí,No,10:06,Media mañana,San Antonio,Mostrador,Café caliente,Americano,M,1,5500,0,5500,Efectivo,Recurrente,18-24,4.0,,,25.3,Sí
103454,2026-04-26,4,Abril,17,Domingo,Sí,No,11:07,Media mañana,El Peñón,App,Café caliente,Americano,L,1,6900,15,5900,Tarjeta crédito,Recurrente,35-44,0.9,,,25.3,Sí
103425,2026-04-26,4,Abril,17,Domingo,Sí,No,11:45,Media mañana,Granada,App,Café caliente,Latte,M,1,9000,15,7600,Billetera digital,Nuevo,18-24,2.9,,,25.3,Sí
103456,2026-04-26,4,Abril,17,Domingo,Sí,No,11:47,Media mañana,El Peñón,App,Café caliente,Capuchino,M,1,8500,15,7200,Billetera digital,Nuevo,35-44,0.9,,,25.3,Sí
103446,2026-04-26,4,Abril,17,Domingo,Sí,No,12:02,Almuerzo,Ciudad Jardín,Mostrador,Café caliente,Tinto,S,1,3000,5,2800,Efectivo,Fidelizado,18-24,7.8,4,,25.3,Sí
103441,2026-04-26,4,Abril,17,Domingo,Sí,No,12:05,Almuerzo,San Antonio,App,Almuerzo,Sándwich cubano,,1,21000,15,17800,Tarjeta débito,Recurrente,18-24,2.6,5,Me encanta el ambiente,25.3,Sí
103430,2026-04-26,4,Abril,17,Domingo,Sí,No,13:44,Almuerzo,Granada,Domicilio,Café caliente,Americano,M,1,5500,0,5500,Tarjeta débito,Recurrente,45-54,,,,25.3,Sí
103426,2026-04-26,4,Abril,17,Domingo,Sí,No,13:51,Almuerzo,Granada,App,Almuerzo,Wrap de pollo,,2,18500,15,31400,Tarjeta débito,Recurrente,25-34,3.5,,,25.3,Sí
103429,2026-04-26,4,Abril,17,Domingo,Sí,No,14:24,Tarde,Granada,Domicilio,Panadería,Pandebono,,1,2500,0,2500,Tarjeta débito,Recurrente,25-34,,,,25.3,Sí
103455,2026-04-26,4,Abril,17,Domingo,Sí,No,14:24,Tarde,El Peñón,Mostrador,Café caliente,Tinto,M,1,3500,0,3500,Tarjeta débito,Nuevo,Menos de 18,1.9,,,25.3,Sí
103448,2026-04-26,4,Abril,17,Domingo,Sí,No,14:45,Tarde,Ciudad Jardín,Mostrador,Café caliente,Tinto,S,2,3000,0,6000,Tarjeta débito,Recurrente,18-24,2.3,4,,25.3,Sí
103439,2026-04-26,4,Abril,17,Domingo,Sí,No,15:07,Tarde,San Antonio,App,Café caliente,Latte,M,1,9000,15,7600,Tarjeta crédito,Fidelizado,35-44,1.7,,,25.3,Sí
103443,2026-04-26,4,Abril,17,Domingo,Sí,No,15:26,Tarde,Ciudad Jardín,Mostrador,Café caliente,Mocaccino,M,1,9500,0,9500,Tarjeta crédito,Recurrente,35-44,5.7,3,Rico pero un poco demorado,25.3,Sí
103433,2026-04-26,4,Abril,17,Domingo,Sí,No,15:32,Tarde,Granada,App,Café caliente,Americano,M,2,5500,15,9400,Billetera digital,Fidelizado,25-34,1.2,3,Bueno,25.3,Sí
103442,2026-04-26,4,Abril,17,Domingo,Sí,No,16:45,Tarde,San Antonio,Mostrador,Café caliente,Americano,S,1,4700,0,4700,Efectivo,Recurrente,Menos de 18,9.1,,,25.3,Sí
103452,2026-04-26,4,Abril,17,Domingo,Sí,No,16:47,Tarde,El Peñón,Domicilio,Almuerzo,Wrap de pollo,,1,18500,0,18500,Efectivo,Recurrente,35-44,,4,,25.3,Sí
103453,2026-04-26,4,Abril,17,Domingo,Sí,No,18:09,Noche,El Peñón,Mostrador,Café caliente,Americano,L,2,6900,0,13800,Billetera digital,Recurrente,25-34,1.9,,,25.3,Sí
103434,2026-04-26,4,Abril,17,Domingo,Sí,No,18:17,Noche,San Antonio,Mostrador,Almuerzo,Ensalada César,,1,19500,0,19500,Tarjeta débito,Nuevo,18-24,3.7,,,25.3,Sí
103438,2026-04-26,4,Abril,17,Domingo,Sí,No,18:56,Noche,San Antonio,Mostrador,Bebida fría,Frappé de café,S,2,10600,5,20100,Tarjeta crédito,Fidelizado,18-24,4.9,,,25.3,Sí
103437,2026-04-26,4,Abril,17,Domingo,Sí,No,19:04,Noche,San Antonio,Mostrador,Panadería,Croissant,,3,6500,0,19500,Tarjeta crédito,Nuevo,25-34,6.5,,,25.3,Sí
103432,2026-04-26,4,Abril,17,Domingo,Sí,No,19:11,Noche,Granada,Domicilio,Café caliente,Tinto,M,1,3500,0,3500,Tarjeta crédito,Nuevo,25-34,,,,25.3,Sí
103444,2026-04-26,4,Abril,17,Domingo,Sí,No,20:26,Noche,Ciudad Jardín,Domicilio,Bebida fría,Té helado,M,2,7500,0,15000,Billetera digital,Recurrente,18-24,,,,25.3,Sí
103436,2026-04-26,4,Abril,17,Domingo,Sí,No,20:33,Noche,San Antonio,Mostrador,Café caliente,Tinto,L,3,4400,0,13200,Billetera digital,Nuevo,18-24,1.9,,,25.3,Sí
103435,2026-04-26,4,Abril,17,Domingo,Sí,No,20:36,Noche,San Antonio,Mostrador,Café caliente,Tinto,M,2,3500,0,7000,Efectivo,Recurrente,25-34,3.2,5,,25.3,Sí
103466,2026-04-27,4,Abril,18,Lunes,No,No,06:02,Mañana,Centro,Mostrador,Café caliente,Tinto,S,1,3000,0,3000,Tarjeta crédito,Nuevo,18-24,6.5,5,,26.0,No
103492,2026-04-27,4,Abril,18,Lunes,No,No,07:10,Mañana,El Peñón,App,Café caliente,Latte,M,2,9000,15,15300,Tarjeta débito,Nuevo,35-44,2.0,,,26.0,No
103486,2026-04-27,4,Abril,18,Lunes,No,No,08:24,Mañana,El Peñón,Mostrador,Panadería,Buñuelo,,1,2200,0,2200,Efectivo,Nuevo,25-34,6.1,4,Me encanta el ambiente,26.0,No
103459,2026-04-27,4,Abril,18,Lunes,No,No,08:38,Mañana,Centro,Mostrador,Panadería,Croissant,,1,6500,0,6500,Billetera digital,Nuevo,35-44,5.1,,,26.0,No
103458,2026-04-27,4,Abril,18,Lunes,No,No,08:39,Mañana,Centro,Mostrador,Café caliente,Tinto,S,3,3000,0,9000,Tarjeta crédito,Recurrente,35-44,7.2,,,26.0,No
103477,2026-04-27,4,Abril,18,Lunes,No,No,08:53,Mañana,San Antonio,Mostrador,Panadería,Buñuelo,,2,2200,5,4200,Tarjeta débito,Fidelizado,35-44,4.6,,,26.0,No
103491,2026-04-27,4,Abril,18,Lunes,No,No,08:58,Mañana,El Peñón,Mostrador,Café caliente,Tinto,S,1,3000,0,3000,Efectivo,Nuevo,35-44,4.2,3,,26.0,No
103461,2026-04-27,4,Abril,18,Lunes,No,No,09:07,Mañana,Centro,Domicilio,Café caliente,Capuchino,M,1,8500,5,8100,Tarjeta crédito,Fidelizado,25-34,,,,26.0,No
103467,2026-04-27,4,Abril,18,Lunes,No,No,09:17,Mañana,Centro,Mostrador,Snacks,Empanada,,1,3500,0,3500,Tarjeta débito,Recurrente,25-34,7.9,,,26.0,No
103457,2026-04-27,4,Abril,18,Lunes,No,No,09:28,Mañana,Centro,Mostrador,Café caliente,Latte,M,1,9000,5,8600,Tarjeta crédito,Fidelizado,35-44,8.1,4,Aceptable,26.0,No
103479,2026-04-27,4,Abril,18,Lunes,No,No,09:32,Mañana,Ciudad Jardín,App,Café caliente,Chocolate caliente,M,1,8000,15,6800,Billetera digital,Recurrente,Menos de 18,3.3,4,Buen precio por el tamaño,26.0,No
103472,2026-04-27,4,Abril,18,Lunes,No,No,09:40,Mañana,Granada,App,Café caliente,Capuchino,M,4,8500,15,28900,Billetera digital,Recurrente,18-24,1.4,,,26.0,No
103482,2026-04-27,4,Abril,18,Lunes,No,No,09:56,Mañana,Ciudad Jardín,Mostrador,Café caliente,Mocaccino,S,1,8100,0,8100,Efectivo,Recurrente,25-34,4.4,,,26.0,No
103463,2026-04-27,4,Abril,18,Lunes,No,No,10:06,Media mañana,Centro,Mostrador,Café caliente,Capuchino,S,1,7200,0,7200,Efectivo,Nuevo,55 o más,8.5,3,,26.0,No
103474,2026-04-27,4,Abril,18,Lunes,No,No,10:12,Media mañana,Granada,Mostrador,Café caliente,Mocaccino,M,2,9500,0,19000,Efectivo,Recurrente,18-24,1.8,,,26.0,No
103475,2026-04-27,4,Abril,18,Lunes,No,No,10:22,Media mañana,Granada,Mostrador,Café caliente,Capuchino,L,1,10600,0,10600,Billetera digital,Recurrente,35-44,2.1,,,26.0,No
103464,2026-04-27,4,Abril,18,Lunes,No,No,10:46,Media mañana,Centro,Mostrador,Café caliente,Latte,S,1,7600,0,7600,Tarjeta débito,Nuevo,25-34,1.6,,,26.0,No
103465,2026-04-27,4,Abril,18,Lunes,No,No,10:48,Media mañana,Centro,Mostrador,Café caliente,Mocaccino,M,2,9500,0,19000,Efectivo,Recurrente,55 o más,6.2,4,Buen precio por el tamaño,26.0,No
103469,2026-04-27,4,Abril,18,Lunes,No,No,10:57,Media mañana,Granada,App,Panadería,Buñuelo,,2,2200,15,3700,Billetera digital,Recurrente,18-24,2.2,,,26.0,No
103460,2026-04-27,4,Abril,18,Lunes,No,No,11:31,Media mañana,Centro,Mostrador,Panadería,Pandebono,,3,2500,0,7500,Tarjeta crédito,Nuevo,25-34,2.7,5,La app funciona bien,26.0,No
103462,2026-04-27,4,Abril,18,Lunes,No,No,12:04,Almuerzo,Centro,Domicilio,Bebida fría,Cold brew,S,3,8900,0,26700,Efectivo,Nuevo,35-44,,,,26.0,No
103478,2026-04-27,4,Abril,18,Lunes,No,No,12:25,Almuerzo,San Antonio,Mostrador,Bebida fría,Limonada de coco,S,3,9400,0,28200,Billetera digital,Recurrente,25-34,2.5,,,26.0,No
103470,2026-04-27,4,Abril,18,Lunes,No,No,12:28,Almuerzo,Granada,Mostrador,Snacks,Papas de paquete,,1,5000,0,5000,Tarjeta débito,Nuevo,25-34,11.1,,,26.0,No
103473,2026-04-27,4,Abril,18,Lunes,No,No,13:15,Almuerzo,Granada,Mostrador,Almuerzo,Ensalada César,,1,19500,0,19500,Billetera digital,Nuevo,25-34,6.4,,,26.0,No
103481,2026-04-27,4,Abril,18,Lunes,No,No,14:07,Tarde,Ciudad Jardín,Mostrador,Café caliente,Americano,M,2,5500,0,11000,Efectivo,Recurrente,45-54,4.2,,,26.0,No
103476,2026-04-27,4,Abril,18,Lunes,No,No,14:10,Tarde,San Antonio,Mostrador,Snacks,Barra de granola,,2,5500,5,10400,Efectivo,Fidelizado,45-54,5.5,4,,26.0,No
103483,2026-04-27,4,Abril,18,Lunes,No,No,14:28,Tarde,Ciudad Jardín,Mostrador,Panadería,Muffin,,1,7000,0,7000,Tarjeta débito,Recurrente,55 o más,3.7,,,26.0,No
103489,2026-04-27,4,Abril,18,Lunes,No,No,14:31,Tarde,El Peñón,App,Snacks,Barra de granola,,2,5500,15,9400,Billetera digital,Nuevo,35-44,1.3,4,,26.0,No
103484,2026-04-27,4,Abril,18,Lunes,No,No,14:37,Tarde,Ciudad Jardín,Mostrador,Panadería,Torta de zanahoria,,3,9000,0,27000,Efectivo,Nuevo,25-34,3.4,,,26.0,No
103485,2026-04-27,4,Abril,18,Lunes,No,No,15:04,Tarde,Ciudad Jardín,Mostrador,Bebida fría,Frappé de café,L,3,15600,5,44500,Tarjeta débito,Fidelizado,25-34,3.1,5,,26.0,No
103480,2026-04-27,4,Abril,18,Lunes,No,No,16:44,Tarde,Ciudad Jardín,Mostrador,Panadería,Croissant,,1,6500,0,6500,Tarjeta débito,Recurrente,55 o más,10.5,,,26.0,No
103490,2026-04-27,4,Abril,18,Lunes,No,No,17:00,Tarde,El Peñón,Mostrador,Café caliente,Tinto,M,1,3500,0,3500,Tarjeta débito,Nuevo,35-44,5.8,,,26.0,No
103488,2026-04-27,4,Abril,18,Lunes,No,No,17:47,Tarde,El Peñón,Mostrador,Café caliente,Capuchino,M,1,8500,0,8500,Tarjeta débito,Recurrente,25-34,5.4,,,26.0,No
103471,2026-04-27,4,Abril,18,Lunes,No,No,19:25,Noche,Granada,Domicilio,Almuerzo,Ensalada César,,1,19500,0,19500,Efectivo,Recurrente,35-44,,3,Aceptable,26.0,No
103487,2026-04-27,4,Abril,18,Lunes,No,No,19:35,Noche,El Peñón,Mostrador,Café caliente,Chocolate caliente,L,1,10000,0,10000,Efectivo,Nuevo,18-24,1.8,,,26.0,No
103468,2026-04-27,4,Abril,18,Lunes,No,No,20:09,Noche,Granada,Mostrador,Panadería,Muffin,,2,7000,0,14000,Billetera digital,Recurrente,35-44,2.5,,,26.0,No
103495,2026-04-28,4,Abril,18,Martes,No,No,06:25,Mañana,Centro,Mostrador,Café caliente,Tinto,M,2,3500,5,6600,Efectivo,Fidelizado,18-24,7.5,5,,25.4,No
103504,2026-04-28,4,Abril,18,Martes,No,No,06:29,Mañana,Granada,Mostrador,Panadería,Muffin,,1,7000,0,7000,Billetera digital,Nuevo,25-34,3.3,,,25.4,No
103518,2026-04-28,4,Abril,18,Martes,No,No,06:44,Mañana,Ciudad Jardín,Mostrador,Panadería,Croissant,,1,6500,0,6500,Efectivo,Recurrente,18-24,6.3,,,25.4,No
103516,2026-04-28,4,Abril,18,Martes,No,No,07:44,Mañana,San Antonio,Mostrador,Panadería,Buñuelo,,2,2200,0,4400,Billetera digital,Nuevo,35-44,2.7,,,25.4,No
103527,2026-04-28,4,Abril,18,Martes,No,No,07:45,Mañana,El Peñón,Mostrador,Panadería,Buñuelo,,4,2200,0,8800,Tarjeta crédito,Nuevo,18-24,2.8,,,25.4,No
103493,2026-04-28,4,Abril,18,Martes,No,No,08:15,Mañana,Centro,App,Café caliente,Latte,L,1,11200,15,9500,Billetera digital,Fidelizado,35-44,6.8,,,25.4,No
103515,2026-04-28,4,Abril,18,Martes,No,No,08:21,Mañana,San Antonio,Mostrador,Café caliente,Tinto,L,3,4400,5,12500,Tarjeta débito,Fidelizado,35-44,3.4,,,25.4,No
103525,2026-04-28,4,Abril,18,Martes,No,No,08:30,Mañana,El Peñón,App,Snacks,Papas de paquete,,1,5000,15,4200,Tarjeta crédito,Nuevo,25-34,1.4,4,,25.4,No
103511,2026-04-28,4,Abril,18,Martes,No,No,08:47,Mañana,San Antonio,App,Snacks,Galletas,,2,4500,15,7600,Tarjeta débito,Recurrente,35-44,2.8,4,Rápido y amable,25.4,No
103524,2026-04-28,4,Abril,18,Martes,No,No,09:18,Mañana,El Peñón,Mostrador,Café caliente,Latte,S,1,7600,5,7200,Billetera digital,Fidelizado,45-54,3.5,,,25.4,No
103498,2026-04-28,4,Abril,18,Martes,No,No,09:39,Mañana,Centro,Mostrador,Café caliente,Americano,M,1,5500,0,5500,Tarjeta débito,Nuevo,Menos de 18,5.6,,,25.4,No
103501,2026-04-28,4,Abril,18,Martes,No,No,10:21,Media mañana,Granada,Mostrador,Panadería,Croissant,,1,6500,5,6200,Tarjeta crédito,Fidelizado,25-34,2.7,,,25.4,No
103517,2026-04-28,4,Abril,18,Martes,No,No,10:45,Media mañana,San Antonio,Mostrador,Café caliente,Tinto,L,1,4400,0,4400,Tarjeta débito,Nuevo,18-24,1.4,,,25.4,No
103506,2026-04-28,4,Abril,18,Martes,No,No,10:52,Media mañana,Granada,App,Café caliente,Tinto,S,3,3000,15,7600,Tarjeta débito,Fidelizado,35-44,0.9,,,25.4,No
103496,2026-04-28,4,Abril,18,Martes,No,No,10:58,Media mañana,Centro,Domicilio,Panadería,Torta de zanahoria,,2,9000,0,18000,Billetera digital,Recurrente,25-34,,,,25.4,No
103526,2026-04-28,4,Abril,18,Martes,No,No,11:17,Media mañana,El Peñón,Mostrador,Panadería,Buñuelo,,2,2200,0,4400,Billetera digital,Recurrente,25-34,3.0,4,,25.4,No
105633,2026-04-28,4,Abril,18,Martes,No,No,11:30,Media mañana,Centro,Domicilio,Almuerzo,Bowl vegetariano,,45,22000,10,891000,Tarjeta crédito,Fidelizado,35-44,,,Pedido corporativo,25.4,No
103508,2026-04-28,4,Abril,18,Martes,No,No,11:42,Media mañana,Granada,App,Panadería,Croissant,,1,6500,15,5500,Tarjeta crédito,Recurrente,25-34,3.6,4,Buen precio por el tamaño,25.4,No
103497,2026-04-28,4,Abril,18,Martes,No,No,11:54,Media mañana,Centro,Domicilio,Café caliente,Mocaccino,M,1,9500,0,9500,Efectivo,Recurrente,35-44,,5,,25.4,No
103509,2026-04-28,4,Abril,18,Martes,No,No,12:02,Almuerzo,Granada,App,Café caliente,Tinto,L,2,4400,15,7500,Billetera digital,Fidelizado,Menos de 18,6.3,5,,25.4,No
103505,2026-04-28,4,Abril,18,Martes,No,No,12:12,Almuerzo,Granada,Mostrador,Almuerzo,Wrap de pollo,,1,18500,0,18500,Billetera digital,Nuevo,25-34,12.8,,,25.4,No
103494,2026-04-28,4,Abril,18,Martes,No,No,12:39,Almuerzo,Centro,Mostrador,Snacks,Empanada,,2,3500,5,6600,Efectivo,Fidelizado,18-24,19.8,2,,25.4,No
103520,2026-04-28,4,Abril,18,Martes,No,No,13:04,Almuerzo,Ciudad Jardín,Mostrador,Almuerzo,Sándwich cubano,,2,21000,0,42000,Tarjeta débito,Nuevo,35-44,6.5,3,Normal,25.4,No
103522,2026-04-28,4,Abril,18,Martes,No,No,13:36,Almuerzo,El Peñón,Mostrador,Café caliente,Americano,M,1,5500,0,5500,Tarjeta débito,Nuevo,55 o más,4.5,,,25.4,No
103523,2026-04-28,4,Abril,18,Martes,No,No,13:43,Almuerzo,El Peñón,Domicilio,Snacks,Galletas,,1,4500,5,4300,Tarjeta débito,Fidelizado,18-24,,5,,25.4,No
103507,2026-04-28,4,Abril,18,Martes,No,No,13:47,Almuerzo,Granada,App,Almuerzo,Wrap de pollo,,1,18500,15,15700,Billetera digital,Fidelizado,18-24,4.3,,,25.4,No
103513,2026-04-28,4,Abril,18,Martes,No,No,14:25,Tarde,San Antonio,App,Café caliente,Capuchino,L,4,10600,15,36000,Tarjeta crédito,Nuevo,Menos de 18,3.5,,,25.4,No
103512,2026-04-28,4,Abril,18,Martes,No,No,15:16,Tarde,San Antonio,Mostrador,Bebida fría,Frappé de café,M,1,12500,0,12500,Tarjeta crédito,Recurrente,25-34,3.2,5,La app funciona bien,25.4,No
103521,2026-04-28,4,Abril,18,Martes,No,No,15:29,Tarde,El Peñón,Mostrador,Bebida fría,Frappé de café,M,2,12500,5,23800,Efectivo,Fidelizado,18-24,1.2,,,25.4,No
103514,2026-04-28,4,Abril,18,Martes,No,No,16:13,Tarde,San Antonio,Mostrador,Snacks,Empanada,,2,3500,0,7000,Efectivo,Recurrente,25-34,1.8,,,25.4,No
103519,2026-04-28,4,Abril,18,Martes,No,No,16:14,Tarde,Ciudad Jardín,Mostrador,Café caliente,Latte,M,2,9000,0,18000,Efectivo,Nuevo,25-34,2.5,5,,25.4,No
103510,2026-04-28,4,Abril,18,Martes,No,No,18:03,Noche,San Antonio,App,Panadería,Pandebono,,3,2500,15,6400,Billetera digital,Fidelizado,35-44,1.8,,,25.4,No
103502,2026-04-28,4,Abril,18,Martes,No,No,18:24,Noche,Granada,App,Bebida fría,Frappé de café,S,2,10600,15,18000,Tarjeta crédito,Fidelizado,55 o más,1.0,5,Volveré pronto,25.4,No
103500,2026-04-28,4,Abril,18,Martes,No,No,18:27,Noche,Granada,Mostrador,Café caliente,Americano,S,1,4700,0,4700,Efectivo,Recurrente,55 o más,4.8,,,25.4,No
103529,2026-04-28,4,Abril,18,Martes,No,No,18:47,Noche,El Peñón,Mostrador,Snacks,Galletas,,1,4500,0,4500,Billetera digital,Nuevo,18-24,3.9,,,25.4,No
103499,2026-04-28,4,Abril,18,Martes,No,No,18:50,Noche,Granada,Domicilio,Panadería,Pandebono,,4,2500,0,10000,Efectivo,Nuevo,25-34,,4,El pandebono estaba recién hecho,25.4,No
103503,2026-04-28,4,Abril,18,Martes,No,No,19:16,Noche,Granada,Mostrador,Bebida fría,Cold brew,M,1,10500,0,10500,Tarjeta débito,Nuevo,25-34,3.5,5,El pandebono estaba recién hecho,25.4,No
103528,2026-04-28,4,Abril,18,Martes,No,No,19:41,Noche,El Peñón,Mostrador,Café caliente,Americano,M,1,5500,5,5200,Efectivo,Fidelizado,35-44,1.5,,,25.4,No
103569,2026-04-29,4,Abril,18,Miércoles,No,No,06:12,Mañana,El Peñón,Domicilio,Café caliente,Tinto,M,3,3500,5,10000,Billetera digital,Fidelizado,18-24,,4,Normal,24.5,Sí
103570,2026-04-29,4,Abril,18,Miércoles,No,No,06:21,Mañana,El Peñón,Mostrador,Café caliente,Americano,M,1,5500,0,5500,Billetera digital,Nuevo,35-44,3.5,,,24.5,Sí
103546,2026-04-29,4,Abril,18,Miércoles,No,No,06:38,Mañana,Granada,Mostrador,Snacks,Galletas,,4,4500,0,18000,Efectivo,Nuevo,Menos de 18,4.3,5,,24.5,Sí
103543,2026-04-29,4,Abril,18,Miércoles,No,No,07:38,Mañana,Granada,Domicilio,Panadería,Buñuelo,,1,2200,0,2200,Billetera digital,Recurrente,35-44,,,,24.5,Sí
103538,2026-04-29,4,Abril,18,Miércoles,No,No,08:04,Mañana,Centro,Mostrador,Café caliente,Americano,S,1,4700,0,4700,Tarjeta débito,Recurrente,25-34,8.6,4,Rápido y amable,24.5,Sí
103536,2026-04-29,4,Abril,18,Miércoles,No,No,08:22,Mañana,Centro,Domicilio,Café caliente,Americano,L,2,6900,5,13100,Tarjeta débito,Fidelizado,25-34,,4,La app funciona bien,24.5,Sí
103532,2026-04-29,4,Abril,18,Miércoles,No,No,08:42,Mañana,Centro,Mostrador,Panadería,Pandebono,,1,2500,0,2500,Billetera digital,Recurrente,25-34,8.8,5,,24.5,Sí
103558,2026-04-29,4,Abril,18,Miércoles,No,No,08:44,Mañana,Ciudad Jardín,Domicilio,Snacks,Empanada,,1,3500,5,3300,Tarjeta crédito,Fidelizado,25-34,,4,Normal,24.5,Sí
103533,2026-04-29,4,Abril,18,Miércoles,No,No,09:08,Mañana,Centro,Mostrador,Panadería,Croissant,,2,6500,0,13000,Efectivo,Recurrente,35-44,4.9,,,24.5,Sí
103537,2026-04-29,4,Abril,18,Miércoles,No,No,09:14,Mañana,Centro,Mostrador,Panadería,Buñuelo,,3,2200,5,6300,Tarjeta débito,Fidelizado,35-44,3.8,,,24.5,Sí
103549,2026-04-29,4,Abril,18,Miércoles,No,No,09:18,Mañana,San Antonio,App,Panadería,Pandebono,,2,2500,15,4200,Tarjeta crédito,Recurrente,35-44,2.9,,,24.5,Sí
103535,2026-04-29,4,Abril,18,Miércoles,No,No,09:25,Mañana,Centro,Mostrador,Café caliente,Americano,M,1,5500,5,5200,Tarjeta débito,Fidelizado,35-44,4.6,4,,24.5,Sí
103545,2026-04-29,4,Abril,18,Miércoles,No,No,09:46,Mañana,Granada,Mostrador,Café caliente,Americano,M,1,5500,0,5500,Tarjeta débito,Recurrente,35-44,3.7,4,,24.5,Sí
103560,2026-04-29,4,Abril,18,Miércoles,No,No,09:46,Mañana,Ciudad Jardín,Mostrador,Café caliente,Latte,M,1,9000,5,8600,Billetera digital,Fidelizado,45-54,2.9,,,24.5,Sí
103563,2026-04-29,4,Abril,18,Miércoles,No,No,10:03,Media mañana,Ciudad Jardín,Mostrador,Snacks,Empanada,,1,3500,5,3300,Efectivo,Fidelizado,45-54,1.1,5,Rápido y amable,24.5,Sí
103551,2026-04-29,4,Abril,18,Miércoles,No,No,11:32,Media mañana,San Antonio,Mostrador,Almuerzo,Wrap de pollo,,3,18500,0,55500,Efectivo,Recurrente,45-54,4.1,,,24.5,Sí
103565,2026-04-29,4,Abril,18,Miércoles,No,No,11:37,Media mañana,El Peñón,Domicilio,Café caliente,Tinto,L,1,4400,0,4400,Tarjeta débito,Nuevo,55 o más,,4,Me encanta el ambiente,24.5,Sí
103554,2026-04-29,4,Abril,18,Miércoles,No,No,12:47,Almuerzo,San Antonio,App,Almuerzo,Ensalada César,,1,19500,15,16600,Tarjeta crédito,Nuevo,18-24,2.3,,,24.5,Sí
103552,2026-04-29,4,Abril,18,Miércoles,No,No,12:49,Almuerzo,San Antonio,Domicilio,Café caliente,Capuchino,S,3,7200,0,21600,Efectivo,Recurrente,25-34,,,,24.5,Sí
103562,2026-04-29,4,Abril,18,Miércoles,No,No,13:00,Almuerzo,Ciudad Jardín,App,Bebida fría,Limonada de coco,L,1,13800,15,11700,Tarjeta débito,Recurrente,25-34,2.7,4,,24.5,Sí
103530,2026-04-29,4,Abril,18,Miércoles,No,No,13:09,Almuerzo,Centro,Domicilio,Almuerzo,Wrap de pollo,,1,18500,5,17600,Billetera digital,Fidelizado,35-44,,,,24.5,Sí
103555,2026-04-29,4,Abril,18,Miércoles,No,No,13:17,Almuerzo,San Antonio,App,Café caliente,Americano,L,2,6900,15,11700,Tarjeta crédito,Recurrente,35-44,3.1,,,24.5,Sí
103556,2026-04-29,4,Abril,18,Miércoles,No,No,13:21,Almuerzo,Ciudad Jardín,Mostrador,Almuerzo,Ensalada César,,2,19500,0,39000,Tarjeta débito,Recurrente,45-54,3.7,3,,24.5,Sí
103541,2026-04-29,4,Abril,18,Miércoles,No,No,13:24,Almuerzo,Centro,Mostrador,Snacks,Empanada,,4,3500,0,14000,Billetera digital,Recurrente,25-34,25.8,,,24.5,Sí
103564,2026-04-29,4,Abril,18,Miércoles,No,No,13:44,Almuerzo,El Peñón,App,Almuerzo,Sándwich cubano,,1,21000,15,17800,Tarjeta crédito,Nuevo,35-44,2.0,,,24.5,Sí
103544,2026-04-29,4,Abril,18,Miércoles,No,No,14:23,Tarde,Granada,Mostrador,Café caliente,Mocaccino,S,3,8100,0,24300,Tarjeta débito,Recurrente,45-54,4.1,4,Rápido y amable,24.5,Sí
103534,2026-04-29,4,Abril,18,Miércoles,No,No,14:27,Tarde,Centro,Mostrador,Café caliente,Tinto,S,1,3000,0,3000,Tarjeta débito,Recurrente,25-34,2.7,3,,24.5,Sí
103550,2026-04-29,4,Abril,18,Miércoles,No,No,14:49,Tarde,San Antonio,Domicilio,Almuerzo,Ensalada César,,1,19500,5,18500,Tarjeta débito,Fidelizado,35-44,,,,24.5,Sí
103531,2026-04-29,4,Abril,18,Miércoles,No,No,15:52,Tarde,Centro,Domicilio,Café caliente,Mocaccino,L,1,11900,0,11900,Tarjeta crédito,Recurrente,25-34,,,,24.5,Sí
103567,2026-04-29,4,Abril,18,Miércoles,No,No,16:48,Tarde,El Peñón,Mostrador,Café caliente,Americano,M,3,5500,0,16500,Tarjeta débito,Nuevo,35-44,6.6,5,El pandebono estaba recién hecho,24.5,Sí
103559,2026-04-29,4,Abril,18,Miércoles,No,No,17:09,Tarde,Ciudad Jardín,Mostrador,Café caliente,Latte,M,2,9000,0,18000,Tarjeta crédito,Recurrente,35-44,2.2,,,24.5,Sí
103561,2026-04-29,4,Abril,18,Miércoles,No,No,17:21,Tarde,Ciudad Jardín,Mostrador,Almuerzo,Wrap de pollo,,2,18500,5,35200,Efectivo,Fidelizado,35-44,1.4,,,24.5,Sí
103539,2026-04-29,4,Abril,18,Miércoles,No,No,17:45,Tarde,Centro,Mostrador,Café caliente,Tinto,L,1,4400,0,4400,Efectivo,Recurrente,25-34,5.8,,,24.5,Sí
103548,2026-04-29,4,Abril,18,Miércoles,No,No,18:47,Noche,San Antonio,Mostrador,Café caliente,Capuchino,L,2,10600,0,21200,Efectivo,Recurrente,35-44,3.9,3,"Bien, pero podría mejorar",24.5,Sí
103542,2026-04-29,4,Abril,18,Miércoles,No,No,18:57,Noche,Granada,Mostrador,Café caliente,Americano,L,1,6900,0,6900,Efectivo,Nuevo,55 o más,2.1,,,24.5,Sí
103557,2026-04-29,4,Abril,18,Miércoles,No,No,19:43,Noche,Ciudad Jardín,Domicilio,Almuerzo,Wrap de pollo,,1,18500,0,18500,Tarjeta débito,Recurrente,25-34,,,,24.5,Sí
103553,2026-04-29,4,Abril,18,Miércoles,No,No,19:50,Noche,San Antonio,Domicilio,Café caliente,Mocaccino,M,1,9500,0,9500,Efectivo,Recurrente,18-24,,,,24.5,Sí
103547,2026-04-29,4,Abril,18,Miércoles,No,No,19:56,Noche,Granada,Mostrador,Café caliente,Chocolate caliente,M,1,8000,0,8000,Efectivo,Nuevo,45-54,2.5,,,24.5,Sí
103540,2026-04-29,4,Abril,18,Miércoles,No,No,20:02,Noche,Centro,Mostrador,Panadería,Pandebono,,4,2500,5,9500,Efectivo,Fidelizado,35-44,2.0,5,Volveré pronto,24.5,Sí
103566,2026-04-29,4,Abril,18,Miércoles,No,No,20:04,Noche,El Peñón,Mostrador,Café caliente,Latte,L,4,11200,0,44800,Tarjeta débito,Nuevo,18-24,5.4,2,Muy caro para lo que es,24.5,Sí
103568,2026-04-29,4,Abril,18,Miércoles,No,No,20:14,Noche,El Peñón,Mostrador,Snacks,Galletas,,1,4500,0,4500,Efectivo,Nuevo,25-34,4.4,,,24.5,Sí
103573,2026-04-30,4,Abril,18,Jueves,No,No,06:20,Mañana,Centro,App,Café caliente,Tinto,S,1,3000,15,2600,Tarjeta débito,Recurrente,18-24,2.6,,,29.1,No
103582,2026-04-30,4,Abril,18,Jueves,No,No,07:19,Mañana,Granada,Mostrador,Bebida fría,Frappé de café,S,1,10600,0,10600,Tarjeta débito,Nuevo,35-44,5.1,4,,29.1,No
103591,2026-04-30,4,Abril,18,Jueves,No,No,07:51,Mañana,Granada,Mostrador,Café caliente,Latte,M,2,9000,5,17100,Billetera digital,Fidelizado,18-24,6.9,,,29.1,No
103579,2026-04-30,4,Abril,18,Jueves,No,No,07:59,Mañana,Centro,App,Bebida fría,Té helado,M,1,7500,15,6400,Tarjeta débito,Nuevo,35-44,4.9,,,29.1,No
103577,2026-04-30,4,Abril,18,Jueves,No,No,08:03,Mañana,Centro,Mostrador,Café caliente,Tinto,L,3,4400,5,12500,Tarjeta débito,Fidelizado,35-44,6.1,5,Excelente atención,29.1,No
103596,2026-04-30,4,Abril,18,Jueves,No,No,08:22,Mañana,Granada,Mostrador,Café caliente,Mocaccino,L,1,11900,5,11300,Tarjeta débito,Fidelizado,18-24,4.4,4,,29.1,No
103599,2026-04-30,4,Abril,18,Jueves,No,No,09:12,Mañana,San Antonio,App,Café caliente,Capuchino,M,1,8500,15,7200,Billetera digital,Nuevo,25-34,1.5,4,,29.1,No
103578,2026-04-30,4,Abril,18,Jueves,No,No,09:20,Mañana,Centro,Mostrador,Panadería,Pandebono,,1,2500,0,2500,Tarjeta débito,Nuevo,25-34,14.2,2,,29.1,No
103594,2026-04-30,4,Abril,18,Jueves,No,No,10:02,Media mañana,Granada,App,Panadería,Pandebono,,2,2500,15,4200,Tarjeta débito,Fidelizado,35-44,2.5,,,29.1,No
103592,2026-04-30,4,Abril,18,Jueves,No,No,11:25,Media mañana,Granada,Mostrador,Bebida fría,Limonada de coco,S,1,9400,0,9400,Efectivo,Nuevo,18-24,2.4,,,29.1,No
103580,2026-04-30,4,Abril,18,Jueves,No,No,11:35,Media mañana,Centro,Mostrador,Café caliente,Latte,M,1,9000,0,9000,Efectivo,Recurrente,25-34,1.7,5,,29.1,No
103585,2026-04-30,4,Abril,18,Jueves,No,No,11:41,Media mañana,Granada,Mostrador,Bebida fría,Cold brew,S,1,8900,5,8500,Billetera digital,Fidelizado,35-44,2.4,,,29.1,No
103587,2026-04-30,4,Abril,18,Jueves,No,No,12:03,Almuerzo,Granada,Domicilio,Café caliente,Tinto,M,4,3500,0,14000,Efectivo,Nuevo,18-24,,2,,29.1,No
103590,2026-04-30,4,Abril,18,Jueves,No,No,12:19,Almuerzo,Granada,Mostrador,Bebida fría,Jugo natural,M,2,8500,0,17000,Tarjeta débito,Recurrente,25-34,10.7,3,Rico pero un poco demorado,29.1,No
103571,2026-04-30,4,Abril,18,Jueves,No,No,12:20,Almuerzo,Centro,Mostrador,Café caliente,Tinto,L,1,4400,0,4400,Tarjeta crédito,Nuevo,25-34,15.3,,,29.1,No
103581,2026-04-30,4,Abril,18,Jueves,No,No,12:37,Almuerzo,Centro,Domicilio,Snacks,Galletas,,1,4500,0,4500,Tarjeta débito,Recurrente,45-54,,,,29.1,No
103574,2026-04-30,4,Abril,18,Jueves,No,No,12:43,Almuerzo,Centro,App,Almuerzo,Wrap de pollo,,1,18500,15,15700,Billetera digital,Recurrente,35-44,2.8,,,29.1,No
103606,2026-04-30,4,Abril,18,Jueves,No,No,12:46,Almuerzo,Ciudad Jardín,Mostrador,Snacks,Papas de paquete,,3,5000,5,14200,Efectivo,Fidelizado,55 o más,6.9,,,29.1,No
103608,2026-04-30,4,Abril,18,Jueves,No,No,12:53,Almuerzo,El Peñón,Domicilio,Bebida fría,Frappé de café,L,1,15600,0,15600,Tarjeta débito,Nuevo,Menos de 18,,,,29.1,No
103604,2026-04-30,4,Abril,18,Jueves,No,No,13:03,Almuerzo,Ciudad Jardín,Mostrador,Snacks,Empanada,,2,3500,0,7000,Efectivo,Nuevo,45-54,5.4,,,29.1,No
103593,2026-04-30,4,Abril,18,Jueves,No,No,13:07,Almuerzo,Granada,Mostrador,Bebida fría,Frappé de café,L,2,15600,5,29600,Billetera digital,Fidelizado,Menos de 18,7.9,,,29.1,No
103575,2026-04-30,4,Abril,18,Jueves,No,No,13:10,Almuerzo,Centro,Mostrador,Almuerzo,Wrap de pollo,,3,18500,0,55500,Efectivo,Recurrente,25-34,17.1,2,,29.1,No
103610,2026-04-30,4,Abril,18,Jueves,No,No,13:48,Almuerzo,El Peñón,Mostrador,Almuerzo,Wrap de pollo,,1,18500,0,18500,Tarjeta crédito,Recurrente,18-24,10.7,4,,29.1,No
103572,2026-04-30,4,Abril,18,Jueves,No,No,13:50,Almuerzo,Centro,Mostrador,Bebida fría,Jugo natural,M,1,8500,0,8500,Efectivo,Nuevo,35-44,17.3,,,29.1,No
103588,2026-04-30,4,Abril,18,Jueves,No,No,14:26,Tarde,Granada,Domicilio,Café caliente,Tinto,S,2,3000,5,5700,Efectivo,Fidelizado,35-44,,5,Rápido y amable,29.1,No
103586,2026-04-30,4,Abril,18,Jueves,No,No,14:40,Tarde,Granada,App,Panadería,Buñuelo,,3,2200,15,5600,Billetera digital,Recurrente,25-34,3.3,,,29.1,No
103605,2026-04-30,4,Abril,18,Jueves,No,No,14:55,Tarde,Ciudad Jardín,Domicilio,Snacks,Empanada,,1,3500,0,3500,Efectivo,Recurrente,18-24,,,,29.1,No
103601,2026-04-30,4,Abril,18,Jueves,No,No,15:05,Tarde,San Antonio,Mostrador,Café caliente,Latte,L,2,11200,5,21300,Billetera digital,Fidelizado,18-24,6.1,,,29.1,No
103609,2026-04-30,4,Abril,18,Jueves,No,No,15:10,Tarde,El Peñón,Mostrador,Bebida fría,Limonada de coco,S,1,9400,0,9400,Billetera digital,Nuevo,35-44,5.4,,,29.1,No
103584,2026-04-30,4,Abril,18,Jueves,No,No,15:16,Tarde,Granada,App,Panadería,Torta de zanahoria,,2,9000,15,15300,Tarjeta crédito,Fidelizado,55 o más,2.4,,,29.1,No
103589,2026-04-30,4,Abril,18,Jueves,No,No,15:22,Tarde,Granada,App,Café caliente,Latte,M,2,9000,15,15300,Tarjeta crédito,Recurrente,25-34,1.1,,,29.1,No
103600,2026-04-30,4,Abril,18,Jueves,No,No,15:23,Tarde,San Antonio,Mostrador,Panadería,Pandebono,,2,2500,0,5000,Efectivo,Recurrente,25-34,3.5,,,29.1,No
103598,2026-04-30,4,Abril,18,Jueves,No,No,15:59,Tarde,San Antonio,Domicilio,Café caliente,Americano,M,1,5500,0,5500,Billetera digital,Nuevo,25-34,,,,29.1,No
103603,2026-04-30,4,Abril,18,Jueves,No,No,17:03,Tarde,Ciudad Jardín,App,Bebida fría,Limonada de coco,L,1,13800,15,11700,Billetera digital,Recurrente,25-34,2.4,5,,29.1,No
103583,2026-04-30,4,Abril,18,Jueves,No,No,17:11,Tarde,Granada,Mostrador,Café caliente,Chocolate caliente,L,2,10000,0,20000,Efectivo,Recurrente,25-34,3.5,,,29.1,No
103602,2026-04-30,4,Abril,18,Jueves,No,No,17:56,Tarde,San Antonio,Mostrador,Panadería,Croissant,,1,6500,0,6500,Efectivo,Recurrente,25-34,1.7,,,29.1,No
103595,2026-04-30,4,Abril,18,Jueves,No,No,18:14,Noche,Granada,App,Panadería,Pandebono,,3,2500,15,6400,Tarjeta crédito,Recurrente,25-34,1.6,,,29.1,No
103576,2026-04-30,4,Abril,18,Jueves,No,No,18:45,Noche,Centro,Mostrador,Panadería,Muffin,,2,7000,0,14000,Tarjeta débito,Recurrente,35-44,5.9,,,29.1,No
103607,2026-04-30,4,Abril,18,Jueves,No,No,20:11,Noche,El Peñón,Mostrador,Panadería,Buñuelo,,1,2200,0,2200,Tarjeta débito,Nuevo,25-34,3.0,,,29.1,No
103597,2026-04-30,4,Abril,18,Jueves,No,No,20:52,Noche,Granada,App,Café caliente,Capuchino,L,2,10600,15,18000,Billetera digital,Recurrente,25-34,2.0,4,"Bien, pero podría mejorar",29.1,No
103617,2026-05-01,5,Mayo,18,Viernes,No,Sí,06:14,Mañana,Granada,Mostrador,Café caliente,Tinto,M,2,3500,0,7000,Billetera digital,Nuevo,25-34,3.6,4,Rico pero un poco demorado,27.7,Sí
103619,2026-05-01,5,Mayo,18,Viernes,No,Sí,06:39,Mañana,Granada,App,Panadería,Pandebono,,2,2500,15,4200,Billetera digital,Fidelizado,35-44,6.7,5,Buen precio por el tamaño,27.7,Sí
103624,2026-05-01,5,Mayo,18,Viernes,No,Sí,07:12,Mañana,Granada,Mostrador,Panadería,Muffin,,2,7000,0,14000,Tarjeta débito,Recurrente,25-34,5.0,,,27.7,Sí
103613,2026-05-01,5,Mayo,18,Viernes,No,Sí,07:21,Mañana,Granada,Mostrador,Panadería,Pandebono,,2,2500,0,5000,Efectivo,Nuevo,25-34,13.6,3,Bueno,27.7,Sí
103616,2026-05-01,5,Mayo,18,Viernes,No,Sí,07:22,Mañana,Granada,Mostrador,Café caliente,Mocaccino,S,1,8100,0,8100,Tarjeta crédito,Nuevo,18-24,5.8,,,27.7,Sí
103611,2026-05-01,5,Mayo,18,Viernes,No,Sí,07:42,Mañana,Granada,Mostrador,Panadería,Pandebono,,1,2500,0,2500,Tarjeta débito,Nuevo,35-44,7.3,,,27.7,Sí
103627,2026-05-01,5,Mayo,18,Viernes,No,Sí,07:54,Mañana,San Antonio,Mostrador,Café caliente,Capuchino,M,3,8500,0,25500,Efectivo,Recurrente,18-24,3.1,,,27.7,Sí
103637,2026-05-01,5,Mayo,18,Viernes,No,Sí,08:08,Mañana,Ciudad Jardín,App,Panadería,Buñuelo,,2,2200,15,3700,Tarjeta crédito,Nuevo,18-24,1.6,,,27.7,Sí
103635,2026-05-01,5,Mayo,18,Viernes,No,Sí,08:29,Mañana,Ciudad Jardín,Mostrador,Panadería,Muffin,,4,7000,5,26600,Billetera digital,Fidelizado,25-34,2.2,,,27.7,Sí
103630,2026-05-01,5,Mayo,18,Viernes,No,Sí,08:44,Mañana,San Antonio,App,Café caliente,Tinto,S,1,3000,15,2600,Billetera digital,Recurrente,18-24,2.3,4,,27.7,Sí
103614,2026-05-01,5,Mayo,18,Viernes,No,Sí,09:28,Mañana,Granada,App,Snacks,Papas de paquete,,1,5000,15,4200,Billetera digital,Recurrente,35-44,1.7,,,27.7,Sí
103638,2026-05-01,5,Mayo,18,Viernes,No,Sí,09:42,Mañana,Ciudad Jardín,Mostrador,Snacks,Empanada,,2,3500,0,7000,Tarjeta débito,Recurrente,45-54,2.3,,,27.7,Sí
103615,2026-05-01,5,Mayo,18,Viernes,No,Sí,10:06,Media mañana,Granada,Domicilio,Snacks,Empanada,,1,3500,5,3300,Tarjeta débito,Fidelizado,25-34,,,,27.7,Sí
103642,2026-05-01,5,Mayo,18,Viernes,No,Sí,10:09,Media mañana,El Peñón,Domicilio,Panadería,Croissant,,2,6500,0,13000,Tarjeta crédito,Recurrente,55 o más,,4,Muy buen café,27.7,Sí
103621,2026-05-01,5,Mayo,18,Viernes,No,Sí,10:33,Media mañana,Granada,Mostrador,Panadería,Pandebono,,1,2500,0,2500,Tarjeta crédito,Recurrente,18-24,4.0,,,27.7,Sí
103622,2026-05-01,5,Mayo,18,Viernes,No,Sí,10:56,Media mañana,Granada,Mostrador,Bebida fría,Cold brew,M,1,10500,0,10500,Tarjeta débito,Recurrente,45-54,6.6,5,,27.7,Sí
103620,2026-05-01,5,Mayo,18,Viernes,No,Sí,11:11,Media mañana,Granada,App,Café caliente,Latte,M,1,9000,15,7600,Tarjeta débito,Recurrente,25-34,3.0,4,,27.7,Sí
103634,2026-05-01,5,Mayo,18,Viernes,No,Sí,11:25,Media mañana,Ciudad Jardín,Domicilio,Snacks,Papas de paquete,,1,5000,0,5000,Tarjeta crédito,Recurrente,45-54,,,,27.7,Sí
103625,2026-05-01,5,Mayo,18,Viernes,No,Sí,11:34,Media mañana,San Antonio,Domicilio,Bebida fría,Cold brew,M,2,10500,0,21000,Efectivo,Recurrente,18-24,,,,27.7,Sí
103632,2026-05-01,5,Mayo,18,Viernes,No,Sí,11:59,Media mañana,San Antonio,Mostrador,Café caliente,Tinto,S,3,3000,5,8600,Tarjeta débito,Fidelizado,25-34,4.5,,,27.7,Sí
103618,2026-05-01,5,Mayo,18,Viernes,No,Sí,12:10,Almuerzo,Granada,App,Almuerzo,Sándwich cubano,,1,21000,15,17800,Tarjeta crédito,Recurrente,35-44,3.5,,,27.7,Sí
103612,2026-05-01,5,Mayo,18,Viernes,No,Sí,12:13,Almuerzo,Granada,Mostrador,Café caliente,Tinto,S,1,3000,0,3000,Efectivo,Recurrente,25-34,7.1,4,,27.7,Sí
103626,2026-05-01,5,Mayo,18,Viernes,No,Sí,13:01,Almuerzo,San Antonio,Mostrador,Café caliente,Latte,S,1,7600,5,7200,Tarjeta débito,Fidelizado,25-34,3.1,,,27.7,Sí
103639,2026-05-01,5,Mayo,18,Viernes,No,Sí,13:03,Almuerzo,Ciudad Jardín,Mostrador,Almuerzo,Ensalada César,,2,19500,0,39000,Tarjeta débito,Nuevo,25-34,14.0,,,27.7,Sí
103623,2026-05-01,5,Mayo,18,Viernes,No,Sí,13:45,Almuerzo,Granada,App,Snacks,Empanada,,2,3500,15,6000,Tarjeta débito,Fidelizado,18-24,2.2,4,,27.7,Sí
103631,2026-05-01,5,Mayo,18,Viernes,No,Sí,14:04,Tarde,San Antonio,Mostrador,Almuerzo,Sándwich cubano,,1,21000,0,21000,Billetera digital,Nuevo,25-34,3.0,,,27.7,Sí
103640,2026-05-01,5,Mayo,18,Viernes,No,Sí,15:33,Tarde,El Peñón,Mostrador,Snacks,Galletas,,2,4500,0,9000,Billetera digital,Nuevo,18-24,1.5,,,27.7,Sí
103633,2026-05-01,5,Mayo,18,Viernes,No,Sí,17:16,Tarde,San Antonio,Domicilio,Almuerzo,Bowl vegetariano,,2,22000,0,44000,Efectivo,Nuevo,35-44,,3,Bueno,27.7,Sí
103636,2026-05-01,5,Mayo,18,Viernes,No,Sí,17:48,Tarde,Ciudad Jardín,Mostrador,Panadería,Buñuelo,,4,2200,0,8800,Billetera digital,Recurrente,55 o más,5.6,,,27.7,Sí
103628,2026-05-01,5,Mayo,18,Viernes,No,Sí,19:34,Noche,San Antonio,Domicilio,Panadería,Croissant,,1,6500,0,6500,Billetera digital,Recurrente,25-34,,,,27.7,Sí
103629,2026-05-01,5,Mayo,18,Viernes,No,Sí,19:52,Noche,San Antonio,Domicilio,Panadería,Torta de zanahoria,,2,9000,0,18000,Tarjeta débito,Nuevo,18-24,,4,,27.7,Sí
103641,2026-05-01,5,Mayo,18,Viernes,No,Sí,20:05,Noche,El Peñón,Mostrador,Snacks,Empanada,,1,3500,5,3300,Tarjeta débito,Fidelizado,18-24,5.0,4,,27.7,Sí
103660,2026-05-02,5,Mayo,18,Sábado,Sí,No,06:15,Mañana,Granada,Mostrador,Snacks,Empanada,,2,3500,0,7000,Tarjeta débito,Recurrente,35-44,5.7,,,27.9,No
103673,2026-05-02,5,Mayo,18,Sábado,Sí,No,07:31,Mañana,Ciudad Jardín,Mostrador,Café caliente,Americano,L,3,6900,5,19700,Efectivo,Fidelizado,35-44,2.5,,,27.9,No
103650,2026-05-02,5,Mayo,18,Sábado,Sí,No,08:18,Mañana,Granada,Mostrador,Panadería,Croissant,,1,6500,0,6500,Tarjeta crédito,Recurrente,55 o más,4.1,,,27.9,No
103652,2026-05-02,5,Mayo,18,Sábado,Sí,No,08:30,Mañana,Granada,Mostrador,Café caliente,Tinto,M,4,3500,0,14000,Efectivo,Recurrente,55 o más,3.2,,,27.9,No
103675,2026-05-02,5,Mayo,18,Sábado,Sí,No,08:56,Mañana,Ciudad Jardín,Mostrador,Panadería,Croissant,,3,6500,0,19500,Tarjeta débito,Nuevo,35-44,1.3,,,27.9,No
103645,2026-05-02,5,Mayo,18,Sábado,Sí,No,08:58,Mañana,Centro,Mostrador,Café caliente,Mocaccino,M,1,9500,5,9000,Tarjeta débito,Fidelizado,45-54,2.9,3,,27.9,No
103682,2026-05-02,5,Mayo,18,Sábado,Sí,No,09:03,Mañana,El Peñón,Mostrador,Panadería,Croissant,,2,6500,0,13000,Efectivo,Nuevo,35-44,3.0,4,,27.9,No
103653,2026-05-02,5,Mayo,18,Sábado,Sí,No,09:58,Mañana,Granada,Mostrador,Café caliente,Tinto,M,1,3500,0,3500,Efectivo,Nuevo,35-44,6.1,,,27.9,No
103679,2026-05-02,5,Mayo,18,Sábado,Sí,No,10:03,Media mañana,El Peñón,Mostrador,Café caliente,Capuchino,M,3,8500,0,25500,Billetera digital,Recurrente,45-54,1.7,5,Excelente atención,27.9,No
103676,2026-05-02,5,Mayo,18,Sábado,Sí,No,10:19,Media mañana,Ciudad Jardín,Mostrador,Snacks,Galletas,,2,4500,5,8600,Efectivo,Fidelizado,35-44,2.3,4,La app funciona bien,27.9,No
103651,2026-05-02,5,Mayo,18,Sábado,Sí,No,10:30,Media mañana,Granada,Mostrador,Café caliente,Tinto,M,1,3500,0,3500,Tarjeta débito,Recurrente,55 o más,2.9,5,,27.9,No
103677,2026-05-02,5,Mayo,18,Sábado,Sí,No,10:30,Media mañana,Ciudad Jardín,Mostrador,Bebida fría,Té helado,S,2,6400,0,12800,Tarjeta crédito,Recurrente,35-44,3.6,,,27.9,No
103670,2026-05-02,5,Mayo,18,Sábado,Sí,No,10:41,Media mañana,Ciudad Jardín,App,Café caliente,Tinto,M,2,3500,15,6000,Tarjeta crédito,Fidelizado,35-44,1.4,5,Buen precio por el tamaño,27.9,No
103661,2026-05-02,5,Mayo,18,Sábado,Sí,No,10:43,Media mañana,Granada,App,Snacks,Galletas,,1,4500,15,3800,Tarjeta crédito,Fidelizado,25-34,1.9,3,,27.9,No
103681,2026-05-02,5,Mayo,18,Sábado,Sí,No,10:56,Media mañana,El Peñón,Mostrador,Panadería,Croissant,,1,6500,0,6500,Tarjeta crédito,Nuevo,25-34,1.1,4,,27.9,No
103659,2026-05-02,5,Mayo,18,Sábado,Sí,No,11:06,Media mañana,Granada,Mostrador,Café caliente,Mocaccino,S,1,8100,5,7700,Efectivo,Fidelizado,25-34,7.1,,,27.9,No
103662,2026-05-02,5,Mayo,18,Sábado,Sí,No,11:12,Media mañana,Granada,Mostrador,Bebida fría,Jugo natural,S,3,7200,5,20500,Efectivo,Fidelizado,45-54,3.5,,,27.9,No
103647,2026-05-02,5,Mayo,18,Sábado,Sí,No,11:19,Media mañana,Centro,Mostrador,Café caliente,Americano,M,1,5500,0,5500,Tarjeta crédito,Recurrente,25-34,4.1,,,27.9,No
103654,2026-05-02,5,Mayo,18,Sábado,Sí,No,11:24,Media mañana,Granada,Domicilio,Café caliente,Tinto,S,1,3000,0,3000,Tarjeta crédito,Recurrente,18-24,,,,27.9,No
103674,2026-05-02,5,Mayo,18,Sábado,Sí,No,11:27,Media mañana,Ciudad Jardín,Mostrador,Bebida fría,Cold brew,M,2,10500,0,21000,Efectivo,Recurrente,25-34,3.1,,,27.9,No
103665,2026-05-02,5,Mayo,18,Sábado,Sí,No,11:33,Media mañana,San Antonio,Mostrador,Café caliente,Capuchino,S,1,7200,0,7200,Efectivo,Nuevo,25-34,1.8,,,27.9,No
103666,2026-05-02,5,Mayo,18,Sábado,Sí,No,12:16,Almuerzo,San Antonio,App,Café caliente,Tinto,M,2,3500,15,6000,Tarjeta débito,Fidelizado,25-34,4.2,4,Rico pero un poco demorado,27.9,No
103658,2026-05-02,5,Mayo,18,Sábado,Sí,No,12:29,Almuerzo,Granada,App,Bebida fría,Limonada de coco,M,2,11000,15,18700,Tarjeta crédito,Recurrente,35-44,1.9,,,27.9,No
103646,2026-05-02,5,Mayo,18,Sábado,Sí,No,12:38,Almuerzo,Centro,Mostrador,Bebida fría,Limonada de coco,M,1,11000,0,11000,Efectivo,Nuevo,18-24,7.2,,,27.9,No
103656,2026-05-02,5,Mayo,18,Sábado,Sí,No,12:42,Almuerzo,Granada,Domicilio,Almuerzo,Bowl vegetariano,,4,22000,0,88000,Efectivo,Recurrente,18-24,,3,,27.9,No
103678,2026-05-02,5,Mayo,18,Sábado,Sí,No,12:50,Almuerzo,El Peñón,Mostrador,Almuerzo,Wrap de pollo,,1,18500,5,17600,Efectivo,Fidelizado,35-44,5.4,,,27.9,No
103643,2026-05-02,5,Mayo,18,Sábado,Sí,No,13:06,Almuerzo,Centro,Mostrador,Café caliente,Mocaccino,M,3,9500,0,28500,Tarjeta débito,Recurrente,18-24,6.6,5,,27.9,No
103672,2026-05-02,5,Mayo,18,Sábado,Sí,No,13:11,Almuerzo,Ciudad Jardín,Mostrador,Bebida fría,Frappé de café,M,1,12500,5,11900,Tarjeta crédito,Fidelizado,45-54,5.3,3,,27.9,No
103663,2026-05-02,5,Mayo,18,Sábado,Sí,No,13:30,Almuerzo,Granada,Mostrador,Almuerzo,Sándwich cubano,,1,21000,0,21000,Efectivo,Recurrente,25-34,6.0,,,27.9,No
103671,2026-05-02,5,Mayo,18,Sábado,Sí,No,13:38,Almuerzo,Ciudad Jardín,App,Almuerzo,Ensalada César,,1,19500,15,16600,Billetera digital,Recurrente,55 o más,2.7,,,27.9,No
103667,2026-05-02,5,Mayo,18,Sábado,Sí,No,13:56,Almuerzo,San Antonio,Domicilio,Almuerzo,Bowl vegetariano,,1,22000,0,22000,Efectivo,Recurrente,18-24,,,,27.9,No
103683,2026-05-02,5,Mayo,18,Sábado,Sí,No,13:56,Almuerzo,El Peñón,Mostrador,Almuerzo,Ensalada César,,1,19500,0,19500,Efectivo,Recurrente,45-54,8.5,,,27.9,No
103648,2026-05-02,5,Mayo,18,Sábado,Sí,No,14:16,Tarde,Centro,Mostrador,Almuerzo,Wrap de pollo,,2,18500,5,35200,Billetera digital,Fidelizado,18-24,4.1,4,,27.9,No
103649,2026-05-02,5,Mayo,18,Sábado,Sí,No,16:07,Tarde,Granada,Mostrador,Panadería,Pandebono,,1,2500,0,2500,Tarjeta crédito,Recurrente,35-44,2.3,5,La app funciona bien,27.9,No
103680,2026-05-02,5,Mayo,18,Sábado,Sí,No,16:47,Tarde,El Peñón,App,Café caliente,Tinto,S,2,3000,15,5100,Tarjeta débito,Fidelizado,25-34,0.7,,,27.9,No
103664,2026-05-02,5,Mayo,18,Sábado,Sí,No,17:04,Tarde,San Antonio,Mostrador,Panadería,Pandebono,,1,2500,0,2500,Billetera digital,Recurrente,35-44,1.5,,,27.9,No
103668,2026-05-02,5,Mayo,18,Sábado,Sí,No,17:29,Tarde,San Antonio,Mostrador,Café caliente,Tinto,S,1,3000,5,2800,Efectivo,Fidelizado,18-24,6.7,,,27.9,No
103644,2026-05-02,5,Mayo,18,Sábado,Sí,No,17:55,Tarde,Centro,App,Panadería,Croissant,,1,6500,15,5500,Billetera digital,Nuevo,45-54,1.3,,,27.9,No
103655,2026-05-02,5,Mayo,18,Sábado,Sí,No,18:26,Noche,Granada,Domicilio,Café caliente,Americano,S,1,4700,0,4700,Tarjeta débito,Recurrente,18-24,,,,27.9,No
103657,2026-05-02,5,Mayo,18,Sábado,Sí,No,18:47,Noche,Granada,Mostrador,Panadería,Pandebono,,1,2500,5,2400,Efectivo,Fidelizado,18-24,4.7,5,,27.9,No
103669,2026-05-02,5,Mayo,18,Sábado,Sí,No,20:59,Noche,San Antonio,App,Panadería,Buñuelo,,1,2200,15,1900,Tarjeta crédito,Fidelizado,25-34,3.6,,,27.9,No
103698,2026-05-03,5,Mayo,18,Domingo,Sí,No,06:06,Mañana,San Antonio,Mostrador,Café caliente,Tinto,M,2,3500,0,7000,Billetera digital,Recurrente,18-24,3.0,,,25.5,Sí
103692,2026-05-03,5,Mayo,18,Domingo,Sí,No,06:27,Mañana,San Antonio,App,Panadería,Buñuelo,,1,2200,15,1900,Tarjeta crédito,Recurrente,25-34,1.2,,,25.5,Sí
103696,2026-05-03,5,Mayo,18,Domingo,Sí,No,06:52,Mañana,San Antonio,Mostrador,Panadería,Buñuelo,,1,2200,0,2200,Tarjeta débito,Recurrente,45-54,2.9,3,,25.5,Sí
103703,2026-05-03,5,Mayo,18,Domingo,Sí,No,07:01,Mañana,Ciudad Jardín,App,Panadería,Muffin,,2,7000,15,11900,Tarjeta crédito,Recurrente,18-24,0.6,,,25.5,Sí
103710,2026-05-03,5,Mayo,18,Domingo,Sí,No,07:05,Mañana,El Peñón,Mostrador,Panadería,Pandebono,,1,2500,0,2500,Tarjeta crédito,Recurrente,35-44,7.6,3,,25.5,Sí
103693,2026-05-03,5,Mayo,18,Domingo,Sí,No,07:11,Mañana,San Antonio,App,Café caliente,Latte,M,1,9000,15,7600,Tarjeta crédito,Fidelizado,25-34,2.8,,,25.5,Sí
103699,2026-05-03,5,Mayo,18,Domingo,Sí,No,08:34,Mañana,San Antonio,Domicilio,Panadería,Croissant,,1,6500,0,6500,Efectivo,Nuevo,25-34,,5,Me encanta el ambiente,25.5,Sí
103702,2026-05-03,5,Mayo,18,Domingo,Sí,No,09:12,Mañana,Ciudad Jardín,Mostrador,Panadería,Pandebono,,1,2500,5,2400,Billetera digital,Fidelizado,35-44,3.3,5,Buen precio por el tamaño,25.5,Sí
103707,2026-05-03,5,Mayo,18,Domingo,Sí,No,09:12,Mañana,El Peñón,App,Café caliente,Chocolate caliente,M,1,8000,15,6800,Tarjeta crédito,Recurrente,18-24,4.1,,,25.5,Sí
103697,2026-05-03,5,Mayo,18,Domingo,Sí,No,09:27,Mañana,San Antonio,Mostrador,Café caliente,Chocolate caliente,M,1,8000,0,8000,Tarjeta crédito,Recurrente,Menos de 18,6.4,,,25.5,Sí
103688,2026-05-03,5,Mayo,18,Domingo,Sí,No,09:49,Mañana,Granada,App,Café caliente,Tinto,L,1,4400,15,3700,Tarjeta crédito,Recurrente,25-34,3.0,,,25.5,Sí
103705,2026-05-03,5,Mayo,18,Domingo,Sí,No,10:00,Media mañana,Ciudad Jardín,Domicilio,Café caliente,Tinto,L,2,4400,5,8400,Tarjeta crédito,Fidelizado,25-34,,4,,25.5,Sí
103689,2026-05-03,5,Mayo,18,Domingo,Sí,No,10:24,Media mañana,Granada,App,Snacks,Galletas,,4,4500,15,15300,Billetera digital,Nuevo,45-54,4.0,5,Volveré pronto,25.5,Sí
103695,2026-05-03,5,Mayo,18,Domingo,Sí,No,10:57,Media mañana,San Antonio,Mostrador,Snacks,Galletas,,2,4500,0,9000,Tarjeta crédito,Recurrente,35-44,1.3,,,25.5,Sí
103686,2026-05-03,5,Mayo,18,Domingo,Sí,No,11:50,Media mañana,Granada,Domicilio,Snacks,Empanada,,1,3500,0,3500,Tarjeta débito,Nuevo,25-34,,3,,25.5,Sí
103687,2026-05-03,5,Mayo,18,Domingo,Sí,No,11:56,Media mañana,Granada,Mostrador,Snacks,Empanada,,2,3500,0,7000,Billetera digital,Recurrente,18-24,4.8,,,25.5,Sí
103704,2026-05-03,5,Mayo,18,Domingo,Sí,No,12:05,Almuerzo,Ciudad Jardín,Domicilio,Almuerzo,Ensalada César,,2,19500,0,39000,Efectivo,Nuevo,45-54,,4,,25.5,Sí
103709,2026-05-03,5,Mayo,18,Domingo,Sí,No,12:51,Almuerzo,El Peñón,Mostrador,Almuerzo,Wrap de pollo,,1,18500,0,18500,Efectivo,Recurrente,25-34,6.0,4,La app funciona bien,25.5,Sí
103700,2026-05-03,5,Mayo,18,Domingo,Sí,No,12:52,Almuerzo,Ciudad Jardín,Mostrador,Snacks,Galletas,,1,4500,5,4300,Tarjeta débito,Fidelizado,18-24,8.4,5,,25.5,Sí
103684,2026-05-03,5,Mayo,18,Domingo,Sí,No,13:01,Almuerzo,Granada,App,Almuerzo,Ensalada César,,1,19500,15,16600,Tarjeta crédito,Recurrente,18-24,3.8,,,25.5,Sí
103691,2026-05-03,5,Mayo,18,Domingo,Sí,No,13:34,Almuerzo,San Antonio,Mostrador,Almuerzo,Wrap de pollo,,4,18500,0,74000,Tarjeta débito,Recurrente,25-34,7.1,,,25.5,Sí
103690,2026-05-03,5,Mayo,18,Domingo,Sí,No,13:46,Almuerzo,Granada,Mostrador,Snacks,Empanada,,1,3500,5,3300,Tarjeta débito,Fidelizado,45-54,3.7,,,25.5,Sí
103708,2026-05-03,5,Mayo,18,Domingo,Sí,No,14:22,Tarde,El Peñón,Domicilio,Café caliente,Tinto,S,2,3000,0,6000,Tarjeta débito,Recurrente,25-34,,5,,25.5,Sí
103706,2026-05-03,5,Mayo,18,Domingo,Sí,No,15:48,Tarde,El Peñón,Mostrador,Snacks,Galletas,,2,4500,0,9000,Tarjeta débito,Nuevo,25-34,4.7,,,25.5,Sí
103701,2026-05-03,5,Mayo,18,Domingo,Sí,No,16:50,Tarde,Ciudad Jardín,Domicilio,Café caliente,Tinto,L,1,4400,5,4200,Tarjeta débito,Fidelizado,45-54,,5,,25.5,Sí
103694,2026-05-03,5,Mayo,18,Domingo,Sí,No,16:55,Tarde,San Antonio,App,Café caliente,Capuchino,S,2,7200,15,12200,Tarjeta débito,Nuevo,25-34,1.2,,,25.5,Sí
103685,2026-05-03,5,Mayo,18,Domingo,Sí,No,20:24,Noche,Granada,App,Panadería,Pandebono,,4,2500,15,8500,Tarjeta crédito,Recurrente,18-24,2.4,,,25.5,Sí
103721,2026-05-04,5,Mayo,19,Lunes,No,No,06:02,Mañana,Centro,Mostrador,Panadería,Buñuelo,,2,2200,5,4200,Tarjeta crédito,Fidelizado,18-24,6.5,,,30.6,No
103743,2026-05-04,5,Mayo,19,Lunes,No,No,06:11,Mañana,Ciudad Jardín,App,Bebida fría,Jugo natural,S,2,7200,15,12200,Tarjeta débito,Fidelizado,35-44,1.7,,,30.6,No
103748,2026-05-04,5,Mayo,19,Lunes,No,No,06:20,Mañana,Ciudad Jardín,Mostrador,Café caliente,Chocolate caliente,S,2,6800,5,12900,Efectivo,Fidelizado,45-54,7.3,,,30.6,No
103725,2026-05-04,5,Mayo,19,Lunes,No,No,06:55,Mañana,Centro,Domicilio,Panadería,Buñuelo,,1,2200,0,2200,Tarjeta crédito,Nuevo,25-34,,,,30.6,No
103740,2026-05-04,5,Mayo,19,Lunes,No,No,07:01,Mañana,San Antonio,Domicilio,Café caliente,Latte,M,1,9000,0,9000,Tarjeta crédito,Nuevo,25-34,,5,,30.6,No
103730,2026-05-04,5,Mayo,19,Lunes,No,No,07:10,Mañana,Granada,Mostrador,Panadería,Buñuelo,,1,2200,5,2100,Tarjeta crédito,Fidelizado,18-24,3.2,,,30.6,No
103713,2026-05-04,5,Mayo,19,Lunes,No,No,07:16,Mañana,Centro,Mostrador,Café caliente,Capuchino,M,4,8500,0,34000,Tarjeta débito,Nuevo,25-34,3.0,,,30.6,No
103716,2026-05-04,5,Mayo,19,Lunes,No,No,07:27,Mañana,Centro,Mostrador,Panadería,Torta de zanahoria,,1,9000,0,9000,Tarjeta débito,Recurrente,35-44,4.5,,,30.6,No
103750,2026-05-04,5,Mayo,19,Lunes,No,No,08:25,Mañana,El Peñón,Mostrador,Panadería,Muffin,,1,7000,0,7000,Tarjeta débito,Recurrente,45-54,5.3,4,,30.6,No
103749,2026-05-04,5,Mayo,19,Lunes,No,No,08:52,Mañana,El Peñón,Mostrador,Snacks,Empanada,,5,3500,5,16600,Tarjeta débito,Fidelizado,18-24,3.2,4,,30.6,No
103736,2026-05-04,5,Mayo,19,Lunes,No,No,09:06,Mañana,Granada,Mostrador,Panadería,Torta de zanahoria,,1,9000,0,9000,Billetera digital,Recurrente,25-34,2.9,,,30.6,No
103734,2026-05-04,5,Mayo,19,Lunes,No,No,09:39,Mañana,Granada,App,Panadería,Muffin,,1,7000,15,6000,Tarjeta crédito,Fidelizado,18-24,3.3,,,30.6,No
103727,2026-05-04,5,Mayo,19,Lunes,No,No,10:34,Media mañana,Granada,Mostrador,Almuerzo,Wrap de pollo,,1,18500,0,18500,Efectivo,Recurrente,Menos de 18,2.6,,,30.6,No
103715,2026-05-04,5,Mayo,19,Lunes,No,No,10:44,Media mañana,Centro,Mostrador,Café caliente,Tinto,S,2,3000,0,6000,Billetera digital,Recurrente,35-44,5.5,5,,30.6,No
103733,2026-05-04,5,Mayo,19,Lunes,No,No,11:00,Media mañana,Granada,Domicilio,Snacks,Galletas,,1,4500,0,4500,Tarjeta débito,Recurrente,35-44,,3,,30.6,No
103741,2026-05-04,5,Mayo,19,Lunes,No,No,11:16,Media mañana,Ciudad Jardín,App,Café caliente,Latte,M,1,9000,15,7600,Billetera digital,Recurrente,45-54,0.6,,,30.6,No
103712,2026-05-04,5,Mayo,19,Lunes,No,No,12:14,Almuerzo,Centro,Domicilio,Almuerzo,Sándwich cubano,,1,21000,0,21000,Billetera digital,Recurrente,18-24,,,,30.6,No
103720,2026-05-04,5,Mayo,19,Lunes,No,No,12:24,Almuerzo,Centro,App,Panadería,Pandebono,,1,2500,15,2100,Billetera digital,Recurrente,25-34,4.6,,,30.6,No
103724,2026-05-04,5,Mayo,19,Lunes,No,No,12:24,Almuerzo,Centro,Domicilio,Almuerzo,Wrap de pollo,,1,18500,0,18500,Efectivo,Nuevo,35-44,,,,30.6,No
103747,2026-05-04,5,Mayo,19,Lunes,No,No,12:37,Almuerzo,Ciudad Jardín,App,Almuerzo,Wrap de pollo,,2,18500,15,31400,Tarjeta débito,Recurrente,25-34,3.5,,,30.6,No
103728,2026-05-04,5,Mayo,19,Lunes,No,No,12:44,Almuerzo,Granada,App,Almuerzo,Sándwich cubano,,1,21000,15,17800,Billetera digital,Fidelizado,18-24,4.7,4,Buen precio por el tamaño,30.6,No
103746,2026-05-04,5,Mayo,19,Lunes,No,No,12:51,Almuerzo,Ciudad Jardín,App,Bebida fría,Jugo natural,L,2,10600,15,18000,Tarjeta crédito,Recurrente,25-34,4.0,,,30.6,No
103723,2026-05-04,5,Mayo,19,Lunes,No,No,13:08,Almuerzo,Centro,Mostrador,Almuerzo,Ensalada César,,1,19500,0,19500,Billetera digital,Nuevo,18-24,5.7,,,30.6,No
103751,2026-05-04,5,Mayo,19,Lunes,No,No,13:16,Almuerzo,El Peñón,Domicilio,Almuerzo,Bowl vegetariano,,1,22000,5,20900,Efectivo,Fidelizado,45-54,,,,30.6,No
103718,2026-05-04,5,Mayo,19,Lunes,No,No,13:21,Almuerzo,Centro,App,Almuerzo,Wrap de pollo,,2,18500,15,31400,Billetera digital,Fidelizado,18-24,9.3,,,30.6,No
103731,2026-05-04,5,Mayo,19,Lunes,No,No,13:24,Almuerzo,Granada,App,Almuerzo,Sándwich cubano,,3,21000,15,53600,Tarjeta crédito,Recurrente,Menos de 18,3.0,,,30.6,No
103722,2026-05-04,5,Mayo,19,Lunes,No,No,13:27,Almuerzo,Centro,Domicilio,Almuerzo,Ensalada César,,1,19500,0,19500,Billetera digital,Nuevo,25-34,,4,,30.6,No
103744,2026-05-04,5,Mayo,19,Lunes,No,No,13:47,Almuerzo,Ciudad Jardín,Domicilio,Bebida fría,Limonada de coco,M,2,11000,0,22000,Billetera digital,Nuevo,25-34,,,,30.6,No
103738,2026-05-04,5,Mayo,19,Lunes,No,No,14:02,Tarde,San Antonio,Domicilio,Panadería,Buñuelo,,4,2200,0,8800,Billetera digital,Recurrente,18-24,,4,,30.6,No
103717,2026-05-04,5,Mayo,19,Lunes,No,No,14:32,Tarde,Centro,Domicilio,Snacks,Papas de paquete,,4,5000,0,20000,Billetera digital,Recurrente,55 o más,,,,30.6,No
103739,2026-05-04,5,Mayo,19,Lunes,No,No,14:38,Tarde,San Antonio,App,Bebida fría,Jugo natural,S,1,7200,15,6100,Tarjeta crédito,Nuevo,25-34,1.3,,,30.6,No
103742,2026-05-04,5,Mayo,19,Lunes,No,No,16:07,Tarde,Ciudad Jardín,App,Panadería,Muffin,,2,7000,15,11900,Tarjeta crédito,Recurrente,35-44,2.0,,,30.6,No
103726,2026-05-04,5,Mayo,19,Lunes,No,No,16:19,Tarde,Granada,Mostrador,Panadería,Muffin,,1,7000,0,7000,Tarjeta débito,Nuevo,25-34,2.6,5,Muy buen café,30.6,No
103719,2026-05-04,5,Mayo,19,Lunes,No,No,17:01,Tarde,Centro,Mostrador,Bebida fría,Jugo natural,L,1,10600,0,10600,Tarjeta crédito,Recurrente,35-44,1.4,,,30.6,No
103735,2026-05-04,5,Mayo,19,Lunes,No,No,17:29,Tarde,Granada,Mostrador,Panadería,Pandebono,,2,2500,0,5000,Efectivo,Nuevo,18-24,3.0,,,30.6,No
103729,2026-05-04,5,Mayo,19,Lunes,No,No,18:02,Noche,Granada,Mostrador,Almuerzo,Wrap de pollo,,1,18500,0,18500,Billetera digital,Recurrente,18-24,1.2,,,30.6,No
103732,2026-05-04,5,Mayo,19,Lunes,No,No,18:05,Noche,Granada,App,Panadería,Muffin,,1,7000,15,6000,Billetera digital,Recurrente,25-34,1.1,,,30.6,No
103714,2026-05-04,5,Mayo,19,Lunes,No,No,18:40,Noche,Centro,Mostrador,Bebida fría,Frappé de café,S,2,10600,0,21200,Efectivo,Recurrente,25-34,3.0,3,Rico pero un poco demorado,30.6,No
103745,2026-05-04,5,Mayo,19,Lunes,No,No,20:06,Noche,Ciudad Jardín,Mostrador,Bebida fría,Limonada de coco,L,2,13800,0,27600,Efectivo,Recurrente,55 o más,1.5,4,,30.6,No
103737,2026-05-04,5,Mayo,19,Lunes,No,No,20:52,Noche,Granada,Mostrador,Panadería,Muffin,,1,7000,0,7000,Efectivo,Recurrente,35-44,3.7,,,30.6,No
103711,2026-05-04,5,Mayo,19,Lunes,No,No,20:57,Noche,Centro,App,Bebida fría,Cold brew,S,3,8900,15,22700,Tarjeta débito,Fidelizado,25-34,1.1,,,30.6,No
103757,2026-05-05,5,Mayo,19,Martes,No,No,06:04,Mañana,Centro,Mostrador,Café caliente,Latte,S,2,7600,0,15200,Billetera digital,Recurrente,25-34,10.9,,,25.7,Sí
103773,2026-05-05,5,Mayo,19,Martes,No,No,06:44,Mañana,San Antonio,Mostrador,Café caliente,Americano,M,1,5500,5,5200,Tarjeta crédito,Fidelizado,25-34,2.1,,,25.7,Sí
103759,2026-05-05,5,Mayo,19,Martes,No,No,08:08,Mañana,Centro,Mostrador,Café caliente,Tinto,S,1,3000,0,3000,Efectivo,Nuevo,45-54,3.4,4,Bueno,25.7,Sí
103781,2026-05-05,5,Mayo,19,Martes,No,No,08:41,Mañana,Ciudad Jardín,Domicilio,Café caliente,Latte,L,1,11200,0,11200,Billetera digital,Recurrente,25-34,,,,25.7,Sí
103765,2026-05-05,5,Mayo,19,Martes,No,No,08:43,Mañana,Granada,App,Bebida fría,Limonada de coco,M,2,11000,15,18700,Tarjeta débito,Recurrente,18-24,1.6,,,25.7,Sí
103756,2026-05-05,5,Mayo,19,Martes,No,No,09:04,Mañana,Centro,Mostrador,Café caliente,Tinto,L,1,4400,5,4200,Efectivo,Fidelizado,35-44,9.5,4,,25.7,Sí
103784,2026-05-05,5,Mayo,19,Martes,No,No,09:57,Mañana,Ciudad Jardín,Mostrador,Panadería,Croissant,,2,6500,5,12400,Tarjeta débito,Fidelizado,35-44,5.3,5,,25.7,Sí
103768,2026-05-05,5,Mayo,19,Martes,No,No,10:00,Media mañana,Granada,Mostrador,Snacks,Papas de paquete,,1,5000,0,5000,Tarjeta crédito,Recurrente,35-44,2.4,4,,25.7,Sí
103775,2026-05-05,5,Mayo,19,Martes,No,No,10:05,Media mañana,San Antonio,Domicilio,Bebida fría,Jugo natural,L,1,10600,0,10600,Efectivo,Recurrente,35-44,,2,,25.7,Sí
103772,2026-05-05,5,Mayo,19,Martes,No,No,10:10,Media mañana,San Antonio,App,Panadería,Torta de zanahoria,,1,9000,15,7600,Billetera digital,Fidelizado,25-34,3.0,5,,25.7,Sí
103782,2026-05-05,5,Mayo,19,Martes,No,No,10:19,Media mañana,Ciudad Jardín,Domicilio,Panadería,Pandebono,,3,2500,5,7100,Tarjeta débito,Fidelizado,55 o más,,,,25.7,Sí
103780,2026-05-05,5,Mayo,19,Martes,No,No,10:51,Media mañana,San Antonio,Mostrador,Café caliente,Latte,S,1,7600,5,7200,Tarjeta débito,Fidelizado,18-24,1.2,,,25.7,Sí
103762,2026-05-05,5,Mayo,19,Martes,No,No,10:57,Media mañana,Centro,Domicilio,Café caliente,Americano,L,3,6900,0,20700,Efectivo,Recurrente,25-34,,,,25.7,Sí
103774,2026-05-05,5,Mayo,19,Martes,No,No,11:02,Media mañana,San Antonio,Mostrador,Panadería,Pandebono,,2,2500,5,4800,Efectivo,Fidelizado,25-34,2.2,4,,25.7,Sí
103785,2026-05-05,5,Mayo,19,Martes,No,No,11:18,Media mañana,El Peñón,Domicilio,Café caliente,Chocolate caliente,M,1,8000,0,8000,Efectivo,Recurrente,35-44,,,,25.7,Sí
105634,2026-05-05,5,Mayo,19,Martes,No,No,11:30,Media mañana,Centro,Domicilio,Almuerzo,Wrap de pollo,,44,18500,10,732600,Tarjeta crédito,Fidelizado,35-44,,,Pedido corporativo,25.7,Sí
103778,2026-05-05,5,Mayo,19,Martes,No,No,11:32,Media mañana,San Antonio,Mostrador,Panadería,Pandebono,,1,2500,5,2400,Billetera digital,Fidelizado,55 o más,4.9,,,25.7,Sí
103753,2026-05-05,5,Mayo,19,Martes,No,No,11:36,Media mañana,Centro,Mostrador,Panadería,Croissant,,1,6500,0,6500,Efectivo,Recurrente,18-24,2.7,,,25.7,Sí
103776,2026-05-05,5,Mayo,19,Martes,No,No,12:13,Almuerzo,San Antonio,Mostrador,Almuerzo,Sándwich cubano,,1,21000,5,20000,Billetera digital,Fidelizado,25-34,3.9,,,25.7,Sí
103764,2026-05-05,5,Mayo,19,Martes,No,No,12:17,Almuerzo,Granada,Mostrador,Bebida fría,Té helado,L,1,9400,0,9400,Efectivo,Nuevo,25-34,4.6,,,25.7,Sí
103763,2026-05-05,5,Mayo,19,Martes,No,No,12:25,Almuerzo,Centro,App,Almuerzo,Wrap de pollo,,2,18500,15,31400,Tarjeta crédito,Recurrente,25-34,4.0,,,25.7,Sí
103786,2026-05-05,5,Mayo,19,Martes,No,No,12:32,Almuerzo,El Peñón,Mostrador,Almuerzo,Wrap de pollo,,2,18500,5,35200,Efectivo,Fidelizado,18-24,5.3,5,Muy buen café,25.7,Sí
103777,2026-05-05,5,Mayo,19,Martes,No,No,12:39,Almuerzo,San Antonio,Domicilio,Almuerzo,Ensalada César,,2,19500,0,39000,Efectivo,Nuevo,25-34,,,,25.7,Sí
103779,2026-05-05,5,Mayo,19,Martes,No,No,12:39,Almuerzo,San Antonio,Mostrador,Almuerzo,Wrap de pollo,,2,18500,5,35200,Tarjeta débito,Fidelizado,45-54,5.9,5,,25.7,Sí
103760,2026-05-05,5,Mayo,19,Martes,No,No,12:46,Almuerzo,Centro,Domicilio,Almuerzo,Bowl vegetariano,,1,22000,0,22000,Efectivo,Recurrente,35-44,,,,25.7,Sí
103783,2026-05-05,5,Mayo,19,Martes,No,No,14:04,Tarde,Ciudad Jardín,Mostrador,Panadería,Muffin,,3,7000,0,21000,Efectivo,Recurrente,45-54,4.1,4,,25.7,Sí
103758,2026-05-05,5,Mayo,19,Martes,No,No,15:02,Tarde,Centro,App,Panadería,Torta de zanahoria,,1,9000,15,7600,Billetera digital,Recurrente,25-34,1.3,4,,25.7,Sí
103767,2026-05-05,5,Mayo,19,Martes,No,No,15:09,Tarde,Granada,Mostrador,Café caliente,Tinto,M,2,3500,0,7000,Efectivo,Nuevo,55 o más,5.6,5,,25.7,Sí
103769,2026-05-05,5,Mayo,19,Martes,No,No,15:09,Tarde,Granada,Domicilio,Café caliente,Americano,M,1,5500,0,5500,Efectivo,Recurrente,25-34,,,,25.7,Sí
103752,2026-05-05,5,Mayo,19,Martes,No,No,15:12,Tarde,Centro,Domicilio,Café caliente,Tinto,M,2,3500,0,7000,Tarjeta crédito,Nuevo,35-44,,,,25.7,Sí
103766,2026-05-05,5,Mayo,19,Martes,No,No,15:12,Tarde,Granada,Mostrador,Panadería,Buñuelo,,1,2200,0,2200,Tarjeta débito,Recurrente,35-44,1.5,,,25.7,Sí
103754,2026-05-05,5,Mayo,19,Martes,No,No,15:40,Tarde,Centro,Mostrador,Café caliente,Capuchino,L,1,10600,0,10600,Tarjeta crédito,Recurrente,35-44,5.7,,,25.7,Sí
103755,2026-05-05,5,Mayo,19,Martes,No,No,16:24,Tarde,Centro,Mostrador,Café caliente,Tinto,S,1,3000,5,2800,Tarjeta débito,Fidelizado,18-24,2.4,,,25.7,Sí
103761,2026-05-05,5,Mayo,19,Martes,No,No,16:37,Tarde,Centro,Mostrador,Panadería,Pandebono,,2,2500,5,4800,Billetera digital,Fidelizado,25-34,2.8,,,25.7,Sí
103770,2026-05-05,5,Mayo,19,Martes,No,No,18:16,Noche,San Antonio,Domicilio,Bebida fría,Frappé de café,M,1,12500,0,12500,Billetera digital,Recurrente,18-24,,3,"Bien, pero podría mejorar",25.7,Sí
103771,2026-05-05,5,Mayo,19,Martes,No,No,18:29,Noche,San Antonio,Mostrador,Panadería,Buñuelo,,1,2200,0,2200,Billetera digital,Recurrente,35-44,4.8,4,,25.7,Sí
103802,2026-05-06,5,Mayo,19,Miércoles,No,No,06:05,Mañana,Granada,Mostrador,Café caliente,Tinto,M,1,3500,5,3300,Billetera digital,Fidelizado,25-34,3.9,4,,25.4,No
103788,2026-05-06,5,Mayo,19,Miércoles,No,No,07:49,Mañana,Centro,Mostrador,Café caliente,Latte,M,1,9000,0,9000,Billetera digital,Recurrente,18-24,3.9,5,Rápido y amable,25.4,No
103794,2026-05-06,5,Mayo,19,Miércoles,No,No,09:09,Mañana,Centro,App,Panadería,Pandebono,,2,2500,15,4200,Tarjeta crédito,Nuevo,55 o más,2.4,,,25.4,No
103810,2026-05-06,5,Mayo,19,Miércoles,No,No,10:22,Media mañana,San Antonio,Domicilio,Panadería,Croissant,,1,6500,0,6500,Billetera digital,Nuevo,35-44,,,,25.4,No
103799,2026-05-06,5,Mayo,19,Miércoles,No,No,10:30,Media mañana,Granada,Mostrador,Café caliente,Tinto,M,3,3500,0,10500,Tarjeta débito,Recurrente,25-34,3.8,,,25.4,No
103818,2026-05-06,5,Mayo,19,Miércoles,No,No,10:41,Media mañana,El Peñón,Mostrador,Café caliente,Capuchino,M,4,8500,0,34000,Billetera digital,Recurrente,25-34,3.5,,,25.4,No
103798,2026-05-06,5,Mayo,19,Miércoles,No,No,10:55,Media mañana,Granada,Mostrador,Panadería,Buñuelo,,4,2200,0,8800,Billetera digital,Recurrente,35-44,5.2,,,25.4,No
103822,2026-05-06,5,Mayo,19,Miércoles,No,No,11:02,Media mañana,El Peñón,App,Panadería,Buñuelo,,1,2200,15,1900,Billetera digital,Fidelizado,25-34,1.1,,,25.4,No
103801,2026-05-06,5,Mayo,19,Miércoles,No,No,11:11,Media mañana,Granada,App,Café caliente,Tinto,M,2,3500,15,6000,Tarjeta débito,Fidelizado,35-44,2.3,,,25.4,No
103814,2026-05-06,5,Mayo,19,Miércoles,No,No,11:16,Media mañana,San Antonio,Mostrador,Bebida fría,Jugo natural,S,1,7200,0,7200,Tarjeta débito,Nuevo,25-34,3.5,5,Buen precio por el tamaño,25.4,No
103790,2026-05-06,5,Mayo,19,Miércoles,No,No,11:20,Media mañana,Centro,Mostrador,Snacks,Empanada,,1,3500,5,3300,Efectivo,Fidelizado,25-34,1.8,4,,25.4,No
103816,2026-05-06,5,Mayo,19,Miércoles,No,No,11:27,Media mañana,Ciudad Jardín,App,Café caliente,Chocolate caliente,M,3,8000,15,20400,Tarjeta débito,Fidelizado,45-54,1.3,,,25.4,No
103803,2026-05-06,5,Mayo,19,Miércoles,No,No,12:28,Almuerzo,Granada,Mostrador,Snacks,Barra de granola,,1,5500,0,5500,Efectivo,Recurrente,18-24,6.5,,,25.4,No
103821,2026-05-06,5,Mayo,19,Miércoles,No,No,12:36,Almuerzo,El Peñón,Domicilio,Snacks,Papas de paquete,,2,5000,0,10000,Tarjeta crédito,Nuevo,25-34,,,,25.4,No
103811,2026-05-06,5,Mayo,19,Miércoles,No,No,13:01,Almuerzo,San Antonio,Domicilio,Almuerzo,Wrap de pollo,,1,18500,0,18500,Billetera digital,Recurrente,25-34,,4,,25.4,No
103791,2026-05-06,5,Mayo,19,Miércoles,No,No,13:07,Almuerzo,Centro,Mostrador,Almuerzo,Bowl vegetariano,,1,22000,0,22000,Efectivo,Recurrente,35-44,7.2,,,25.4,No
103787,2026-05-06,5,Mayo,19,Miércoles,No,No,13:26,Almuerzo,Centro,Mostrador,Almuerzo,Ensalada César,,1,19500,0,19500,Tarjeta débito,Recurrente,18-24,12.0,,,25.4,No
103792,2026-05-06,5,Mayo,19,Miércoles,No,No,13:28,Almuerzo,Centro,App,Snacks,Empanada,,3,3500,15,8900,Tarjeta crédito,Recurrente,35-44,5.9,,,25.4,No
103809,2026-05-06,5,Mayo,19,Miércoles,No,No,13:48,Almuerzo,San Antonio,Mostrador,Almuerzo,Ensalada César,,3,19500,0,58500,Tarjeta débito,Nuevo,25-34,4.9,,,25.4,No
103817,2026-05-06,5,Mayo,19,Miércoles,No,No,15:37,Tarde,Ciudad Jardín,Mostrador,Café caliente,Mocaccino,M,2,9500,5,18000,Efectivo,Fidelizado,45-54,3.0,,,25.4,No
103806,2026-05-06,5,Mayo,19,Miércoles,No,No,15:57,Tarde,Granada,Mostrador,Café caliente,Tinto,L,1,4400,0,4400,Efectivo,Nuevo,35-44,6.4,4,La app funciona bien,25.4,No
103813,2026-05-06,5,Mayo,19,Miércoles,No,No,16:05,Tarde,San Antonio,Mostrador,Café caliente,Tinto,S,4,3000,5,11400,Tarjeta débito,Fidelizado,18-24,1.9,,,25.4,No
103815,2026-05-06,5,Mayo,19,Miércoles,No,No,16:46,Tarde,San Antonio,Mostrador,Bebida fría,Jugo natural,M,2,8500,5,16200,Efectivo,Fidelizado,55 o más,3.2,5,,25.4,No
103795,2026-05-06,5,Mayo,19,Miércoles,No,No,17:33,Tarde,Centro,Mostrador,Café caliente,Tinto,L,1,4400,5,4200,Billetera digital,Fidelizado,18-24,9.2,,,25.4,No
103797,2026-05-06,5,Mayo,19,Miércoles,No,No,18:11,Noche,Granada,Mostrador,Snacks,Empanada,,1,3500,0,3500,Billetera digital,Recurrente,35-44,4.1,,,25.4,No
103819,2026-05-06,5,Mayo,19,Miércoles,No,No,18:34,Noche,El Peñón,App,Café caliente,Tinto,M,2,3500,15,6000,Tarjeta crédito,Recurrente,45-54,1.8,,,25.4,No
103807,2026-05-06,5,Mayo,19,Miércoles,No,No,18:41,Noche,Granada,App,Snacks,Empanada,,2,3500,15,6000,Tarjeta crédito,Recurrente,35-44,0.6,,,25.4,No
103805,2026-05-06,5,Mayo,19,Miércoles,No,No,18:53,Noche,Granada,Mostrador,Snacks,Galletas,,1,4500,5,4300,Tarjeta débito,Fidelizado,45-54,2.3,,,25.4,No
103796,2026-05-06,5,Mayo,19,Miércoles,No,No,18:56,Noche,Granada,Mostrador,Café caliente,Capuchino,M,3,8500,5,24200,Billetera digital,Fidelizado,18-24,2.9,,,25.4,No
103800,2026-05-06,5,Mayo,19,Miércoles,No,No,19:06,Noche,Granada,App,Bebida fría,Jugo natural,L,2,10600,15,18000,Billetera digital,Fidelizado,18-24,0.7,,,25.4,No
103804,2026-05-06,5,Mayo,19,Miércoles,No,No,19:10,Noche,Granada,Mostrador,Snacks,Empanada,,5,3500,5,16600,Tarjeta débito,Fidelizado,25-34,5.0,,,25.4,No
103793,2026-05-06,5,Mayo,19,Miércoles,No,No,19:26,Noche,Centro,Mostrador,Bebida fría,Té helado,M,1,7500,0,7500,Tarjeta débito,Nuevo,18-24,2.7,4,El pandebono estaba recién hecho,25.4,No
103808,2026-05-06,5,Mayo,19,Miércoles,No,No,19:39,Noche,Granada,App,Snacks,Galletas,,1,4500,15,3800,Tarjeta débito,Recurrente,45-54,5.3,4,,25.4,No
103789,2026-05-06,5,Mayo,19,Miércoles,No,No,20:06,Noche,Centro,Mostrador,Café caliente,Capuchino,M,2,8500,0,17000,Billetera digital,Recurrente,45-54,1.9,5,Rápido y amable,25.4,No
103812,2026-05-06,5,Mayo,19,Miércoles,No,No,20:20,Noche,San Antonio,Mostrador,Snacks,Empanada,,1,3500,5,3300,Efectivo,Fidelizado,25-34,1.8,,,25.4,No
103820,2026-05-06,5,Mayo,19,Miércoles,No,No,20:38,Noche,El Peñón,App,Panadería,Pandebono,,1,2500,15,2100,Billetera digital,Nuevo,18-24,2.5,,,25.4,No
103844,2026-05-07,5,Mayo,19,Jueves,No,No,06:01,Mañana,Ciudad Jardín,Mostrador,Panadería,Buñuelo,,1,2200,0,2200,Tarjeta débito,Recurrente,35-44,3.3,5,,26.9,No
103829,2026-05-07,5,Mayo,19,Jueves,No,No,07:53,Mañana,Granada,Mostrador,Bebida fría,Jugo natural,M,1,8500,0,8500,Tarjeta débito,Recurrente,25-34,5.8,,,26.9,No
103837,2026-05-07,5,Mayo,19,Jueves,No,No,08:00,Mañana,San Antonio,Mostrador,Panadería,Buñuelo,,4,2200,5,8400,Efectivo,Fidelizado,Menos de 18,6.7,4,,26.9,No
103827,2026-05-07,5,Mayo,19,Jueves,No,No,08:15,Mañana,Centro,Domicilio,Panadería,Buñuelo,,1,2200,5,2100,Billetera digital,Fidelizado,25-34,,5,,26.9,No
103840,2026-05-07,5,Mayo,19,Jueves,No,No,10:15,Media mañana,San Antonio,Mostrador,Café caliente,Americano,S,2,4700,0,9400,Tarjeta débito,Recurrente,18-24,3.5,,,26.9,No
103828,2026-05-07,5,Mayo,19,Jueves,No,No,10:18,Media mañana,Centro,Mostrador,Panadería,Pandebono,,3,2500,0,7500,Efectivo,Nuevo,35-44,1.4,,,26.9,No
103824,2026-05-07,5,Mayo,19,Jueves,No,No,12:02,Almuerzo,Centro,Domicilio,Almuerzo,Wrap de pollo,,2,18500,5,35200,Billetera digital,Fidelizado,35-44,,,,26.9,No
103831,2026-05-07,5,Mayo,19,Jueves,No,No,12:29,Almuerzo,Granada,Mostrador,Almuerzo,Wrap de pollo,,1,18500,0,18500,Tarjeta crédito,Nuevo,55 o más,8.2,,,26.9,No
103835,2026-05-07,5,Mayo,19,Jueves,No,No,12:50,Almuerzo,Granada,Mostrador,Almuerzo,Ensalada César,,1,19500,0,19500,Tarjeta crédito,Nuevo,45-54,3.3,,,26.9,No
103826,2026-05-07,5,Mayo,19,Jueves,No,No,13:16,Almuerzo,Centro,Mostrador,Panadería,Pandebono,,2,2500,5,4800,Efectivo,Fidelizado,45-54,24.0,,,26.9,No
103843,2026-05-07,5,Mayo,19,Jueves,No,No,13:19,Almuerzo,Ciudad Jardín,Mostrador,Café caliente,Latte,L,1,11200,0,11200,Efectivo,Nuevo,25-34,4.5,,,26.9,No
103823,2026-05-07,5,Mayo,19,Jueves,No,No,13:22,Almuerzo,Centro,Mostrador,Snacks,Empanada,,1,3500,0,3500,Tarjeta débito,Nuevo,18-24,6.2,3,,26.9,No
103849,2026-05-07,5,Mayo,19,Jueves,No,No,13:25,Almuerzo,El Peñón,Mostrador,Almuerzo,Ensalada César,,2,19500,5,37000,Efectivo,Fidelizado,25-34,4.2,,,26.9,No
103842,2026-05-07,5,Mayo,19,Jueves,No,No,13:40,Almuerzo,Ciudad Jardín,Domicilio,Almuerzo,Ensalada César,,2,19500,0,39000,Tarjeta débito,Recurrente,45-54,,,,26.9,No
103851,2026-05-07,5,Mayo,19,Jueves,No,No,13:45,Almuerzo,El Peñón,Mostrador,Almuerzo,Wrap de pollo,,1,18500,0,18500,Billetera digital,Recurrente,18-24,3.1,,,26.9,No
103845,2026-05-07,5,Mayo,19,Jueves,No,No,13:46,Almuerzo,Ciudad Jardín,Mostrador,Almuerzo,Sándwich cubano,,5,21000,5,99800,Efectivo,Fidelizado,18-24,8.4,,,26.9,No
103825,2026-05-07,5,Mayo,19,Jueves,No,No,14:10,Tarde,Centro,Domicilio,Bebida fría,Frappé de café,L,1,15600,0,15600,Billetera digital,Recurrente,18-24,,,,26.9,No
103841,2026-05-07,5,Mayo,19,Jueves,No,No,15:07,Tarde,San Antonio,Mostrador,Bebida fría,Frappé de café,L,2,15600,0,31200,Efectivo,Recurrente,18-24,5.2,,,26.9,No
103847,2026-05-07,5,Mayo,19,Jueves,No,No,15:27,Tarde,Ciudad Jardín,App,Snacks,Empanada,,3,3500,15,8900,Tarjeta débito,Fidelizado,45-54,1.3,,,26.9,No
103839,2026-05-07,5,Mayo,19,Jueves,No,No,16:53,Tarde,San Antonio,App,Snacks,Barra de granola,,1,5500,15,4700,Tarjeta débito,Recurrente,Menos de 18,1.2,5,,26.9,No
103850,2026-05-07,5,Mayo,19,Jueves,No,No,17:32,Tarde,El Peñón,Mostrador,Snacks,Empanada,,1,3500,0,3500,Tarjeta crédito,Nuevo,18-24,8.1,,,26.9,No
103832,2026-05-07,5,Mayo,19,Jueves,No,No,17:40,Tarde,Granada,App,Almuerzo,Wrap de pollo,,1,18500,15,15700,Tarjeta crédito,Fidelizado,45-54,1.9,4,Aceptable,26.9,No
103834,2026-05-07,5,Mayo,19,Jueves,No,No,18:04,Noche,Granada,Mostrador,Café caliente,Tinto,M,1,3500,5,3300,Efectivo,Fidelizado,35-44,2.9,,,26.9,No
103848,2026-05-07,5,Mayo,19,Jueves,No,No,18:25,Noche,Ciudad Jardín,Mostrador,Café caliente,Americano,M,2,5500,5,10400,Efectivo,Fidelizado,45-54,3.1,5,Volveré pronto,26.9,No
103836,2026-05-07,5,Mayo,19,Jueves,No,No,19:31,Noche,Granada,App,Café caliente,Latte,M,1,9000,15,7600,Billetera digital,Fidelizado,25-34,2.3,,,26.9,No
103838,2026-05-07,5,Mayo,19,Jueves,No,No,19:58,Noche,San Antonio,App,Panadería,Croissant,,2,6500,15,11000,Billetera digital,Recurrente,25-34,1.0,5,,26.9,No
103833,2026-05-07,5,Mayo,19,Jueves,No,No,20:02,Noche,Granada,Domicilio,Snacks,Empanada,,2,3500,5,6600,Billetera digital,Fidelizado,25-34,,,,26.9,No
103846,2026-05-07,5,Mayo,19,Jueves,No,No,20:09,Noche,Ciudad Jardín,App,Bebida fría,Frappé de café,M,2,12500,15,21200,Billetera digital,Fidelizado,35-44,1.0,,,26.9,No
103830,2026-05-07,5,Mayo,19,Jueves,No,No,20:28,Noche,Granada,App,Café caliente,Americano,M,2,5500,15,9400,Tarjeta débito,Recurrente,Menos de 18,0.9,,,26.9,No
103873,2026-05-08,5,Mayo,19,Viernes,No,No,06:16,Mañana,San Antonio,Domicilio,Café caliente,Tinto,M,1,3500,0,3500,Tarjeta débito,Recurrente,25-34,,5,Volveré pronto,24.6,Sí
103859,2026-05-08,5,Mayo,19,Viernes,No,No,06:56,Mañana,Granada,Domicilio,Café caliente,Tinto,L,2,4400,0,8800,Billetera digital,Nuevo,25-34,,3,,24.6,Sí
103870,2026-05-08,5,Mayo,19,Viernes,No,No,07:59,Mañana,San Antonio,Mostrador,Café caliente,Americano,L,1,6900,0,6900,Billetera digital,Recurrente,18-24,5.2,,,24.6,Sí
103865,2026-05-08,5,Mayo,19,Viernes,No,No,08:02,Mañana,Granada,Domicilio,Café caliente,Tinto,S,1,3000,0,3000,Efectivo,Nuevo,25-34,,5,,24.6,Sí
103881,2026-05-08,5,Mayo,19,Viernes,No,No,08:16,Mañana,El Peñón,Domicilio,Panadería,Pandebono,,1,2500,5,2400,Efectivo,Fidelizado,25-34,,,,24.6,Sí
103882,2026-05-08,5,Mayo,19,Viernes,No,No,08:48,Mañana,El Peñón,App,Café caliente,Tinto,M,2,3500,15,6000,Billetera digital,Fidelizado,35-44,0.9,,,24.6,Sí
103855,2026-05-08,5,Mayo,19,Viernes,No,No,09:44,Mañana,Centro,App,Snacks,Papas de paquete,,1,5000,15,4200,Billetera digital,Fidelizado,18-24,3.9,,,24.6,Sí
103871,2026-05-08,5,Mayo,19,Viernes,No,No,09:51,Mañana,San Antonio,Mostrador,Panadería,Buñuelo,,1,2200,0,2200,Billetera digital,Recurrente,35-44,5.4,,,24.6,Sí
103879,2026-05-08,5,Mayo,19,Viernes,No,No,10:04,Media mañana,Ciudad Jardín,App,Almuerzo,Wrap de pollo,,2,18500,15,31400,Tarjeta crédito,Recurrente,55 o más,2.4,,,24.6,Sí
103875,2026-05-08,5,Mayo,19,Viernes,No,No,11:17,Media mañana,San Antonio,App,Café caliente,Tinto,M,1,3500,15,3000,Tarjeta crédito,Recurrente,Menos de 18,4.1,,,24.6,Sí
103852,2026-05-08,5,Mayo,19,Viernes,No,No,11:29,Media mañana,Centro,App,Café caliente,Tinto,M,1,3500,15,3000,Tarjeta crédito,Fidelizado,25-34,1.7,5,,24.6,Sí
103869,2026-05-08,5,Mayo,19,Viernes,No,No,11:54,Media mañana,San Antonio,Mostrador,Panadería,Croissant,,1,6500,0,6500,Billetera digital,Recurrente,35-44,2.6,,,24.6,Sí
103883,2026-05-08,5,Mayo,19,Viernes,No,No,12:13,Almuerzo,El Peñón,App,Almuerzo,Sándwich cubano,,2,21000,15,35700,Tarjeta débito,Recurrente,35-44,6.2,4,,24.6,Sí
103858,2026-05-08,5,Mayo,19,Viernes,No,No,12:40,Almuerzo,Centro,Mostrador,Café caliente,Tinto,S,1,3000,0,3000,Efectivo,Recurrente,45-54,14.3,4,,24.6,Sí
103868,2026-05-08,5,Mayo,19,Viernes,No,No,12:48,Almuerzo,San Antonio,Mostrador,Almuerzo,Ensalada César,,3,19500,0,58500,Billetera digital,Recurrente,25-34,4.8,4,,24.6,Sí
103853,2026-05-08,5,Mayo,19,Viernes,No,No,13:44,Almuerzo,Centro,App,Almuerzo,Sándwich cubano,,3,21000,15,53600,Tarjeta débito,Recurrente,25-34,5.1,,,24.6,Sí
103854,2026-05-08,5,Mayo,19,Viernes,No,No,14:38,Tarde,Centro,App,Café caliente,Latte,M,1,9000,15,7600,Tarjeta crédito,Recurrente,25-34,3.1,,,24.6,Sí
103867,2026-05-08,5,Mayo,19,Viernes,No,No,14:53,Tarde,Granada,Mostrador,Bebida fría,Té helado,S,1,6400,5,6100,Efectivo,Fidelizado,18-24,4.9,,,24.6,Sí
103872,2026-05-08,5,Mayo,19,Viernes,No,No,15:00,Tarde,San Antonio,Mostrador,Café caliente,Tinto,S,1,3000,0,3000,Billetera digital,Recurrente,18-24,9.9,,,24.6,Sí
103864,2026-05-08,5,Mayo,19,Viernes,No,No,15:19,Tarde,Granada,Mostrador,Café caliente,Tinto,M,1,3500,0,3500,Billetera digital,Nuevo,25-34,2.2,,,24.6,Sí
103878,2026-05-08,5,Mayo,19,Viernes,No,No,16:02,Tarde,San Antonio,App,Café caliente,Capuchino,S,2,7200,15,12200,Tarjeta débito,Recurrente,18-24,1.5,5,,24.6,Sí
103857,2026-05-08,5,Mayo,19,Viernes,No,No,17:06,Tarde,Centro,App,Snacks,Barra de granola,,1,5500,15,4700,Billetera digital,Recurrente,18-24,1.6,,,24.6,Sí
103863,2026-05-08,5,Mayo,19,Viernes,No,No,18:09,Noche,Granada,Mostrador,Café caliente,Latte,L,1,11200,0,11200,Efectivo,Nuevo,18-24,2.8,,,24.6,Sí
103861,2026-05-08,5,Mayo,19,Viernes,No,No,18:32,Noche,Granada,App,Café caliente,Latte,L,2,11200,15,19000,Billetera digital,Recurrente,45-54,1.7,,,24.6,Sí
103860,2026-05-08,5,Mayo,19,Viernes,No,No,18:36,Noche,Granada,Mostrador,Café caliente,Tinto,L,1,4400,0,4400,Tarjeta crédito,Recurrente,55 o más,5.3,5,,24.6,Sí
103862,2026-05-08,5,Mayo,19,Viernes,No,No,18:45,Noche,Granada,App,Panadería,Pandebono,,1,2500,15,2100,Tarjeta crédito,Nuevo,25-34,2.0,,,24.6,Sí
103866,2026-05-08,5,Mayo,19,Viernes,No,No,19:11,Noche,Granada,App,Café caliente,Tinto,M,1,3500,15,3000,Tarjeta crédito,Fidelizado,18-24,3.7,,,24.6,Sí
103874,2026-05-08,5,Mayo,19,Viernes,No,No,19:17,Noche,San Antonio,App,Snacks,Empanada,,1,3500,15,3000,Tarjeta crédito,Fidelizado,25-34,1.0,,,24.6,Sí
103856,2026-05-08,5,Mayo,19,Viernes,No,No,20:06,Noche,Centro,Mostrador,Café caliente,Tinto,M,1,3500,0,3500,Efectivo,Recurrente,55 o más,0.8,,,24.6,Sí
103876,2026-05-08,5,Mayo,19,Viernes,No,No,20:12,Noche,San Antonio,App,Café caliente,Americano,M,2,5500,15,9400,Tarjeta crédito,Fidelizado,45-54,2.1,,,24.6,Sí
103880,2026-05-08,5,Mayo,19,Viernes,No,No,20:13,Noche,El Peñón,Domicilio,Café caliente,Americano,S,3,4700,0,14100,Efectivo,Recurrente,35-44,,,,24.6,Sí
103877,2026-05-08,5,Mayo,19,Viernes,No,No,20:57,Noche,San Antonio,App,Almuerzo,Wrap de pollo,,1,18500,15,15700,Billetera digital,Fidelizado,25-34,2.9,,,24.6,Sí
103885,2026-05-09,5,Mayo,19,Sábado,Sí,No,06:01,Mañana,Centro,Mostrador,Panadería,Pandebono,,1,2500,0,2500,Tarjeta débito,Recurrente,18-24,3.1,,,28.3,No
103897,2026-05-09,5,Mayo,19,Sábado,Sí,No,06:09,Mañana,Granada,Mostrador,Panadería,Pandebono,,2,2500,5,4800,Tarjeta débito,Fidelizado,35-44,3.4,,,28.3,No
103902,2026-05-09,5,Mayo,19,Sábado,Sí,No,07:07,Mañana,Granada,Domicilio,Café caliente,Latte,M,2,9000,0,18000,Tarjeta crédito,Nuevo,25-34,,,,28.3,No
103913,2026-05-09,5,Mayo,19,Sábado,Sí,No,07:57,Mañana,Ciudad Jardín,App,Panadería,Muffin,,2,7000,15,11900,Tarjeta crédito,Recurrente,35-44,1.4,4,,28.3,No
103916,2026-05-09,5,Mayo,19,Sábado,Sí,No,08:18,Mañana,El Peñón,Mostrador,Café caliente,Capuchino,S,2,7200,0,14400,Tarjeta débito,Recurrente,45-54,3.9,,,28.3,No
103911,2026-05-09,5,Mayo,19,Sábado,Sí,No,08:26,Mañana,Ciudad Jardín,Mostrador,Snacks,Galletas,,2,4500,0,9000,Efectivo,Nuevo,25-34,3.1,,,28.3,No
103890,2026-05-09,5,Mayo,19,Sábado,Sí,No,08:39,Mañana,Granada,Mostrador,Bebida fría,Cold brew,M,3,10500,0,31500,Efectivo,Nuevo,35-44,7.1,4,,28.3,No
103887,2026-05-09,5,Mayo,19,Sábado,Sí,No,08:51,Mañana,Centro,Mostrador,Café caliente,Capuchino,L,2,10600,0,21200,Billetera digital,Nuevo,18-24,5.7,,,28.3,No
103901,2026-05-09,5,Mayo,19,Sábado,Sí,No,09:00,Mañana,Granada,App,Café caliente,Tinto,M,2,3500,15,6000,Billetera digital,Recurrente,18-24,2.8,4,,28.3,No
103891,2026-05-09,5,Mayo,19,Sábado,Sí,No,09:04,Mañana,Granada,App,Bebida fría,Frappé de café,L,1,15600,15,13300,Tarjeta crédito,Recurrente,18-24,1.2,5,La app funciona bien,28.3,No
103894,2026-05-09,5,Mayo,19,Sábado,Sí,No,09:15,Mañana,Granada,Mostrador,Bebida fría,Té helado,M,1,7500,0,7500,Billetera digital,Nuevo,25-34,5.2,,,28.3,No
103909,2026-05-09,5,Mayo,19,Sábado,Sí,No,10:07,Media mañana,Ciudad Jardín,Mostrador,Café caliente,Latte,M,3,9000,5,25600,Efectivo,Fidelizado,45-54,5.3,5,,28.3,No
103915,2026-05-09,5,Mayo,19,Sábado,Sí,No,10:26,Media mañana,El Peñón,Mostrador,Panadería,Muffin,,1,7000,5,6600,Efectivo,Fidelizado,45-54,6.5,5,,28.3,No
103917,2026-05-09,5,Mayo,19,Sábado,Sí,No,10:38,Media mañana,El Peñón,Mostrador,Café caliente,Chocolate caliente,M,2,8000,5,15200,Efectivo,Fidelizado,25-34,5.1,4,,28.3,No
103899,2026-05-09,5,Mayo,19,Sábado,Sí,No,10:40,Media mañana,Granada,Mostrador,Almuerzo,Wrap de pollo,,1,18500,0,18500,Efectivo,Nuevo,25-34,2.5,,,28.3,No
103908,2026-05-09,5,Mayo,19,Sábado,Sí,No,10:49,Media mañana,Ciudad Jardín,Mostrador,Café caliente,Tinto,M,1,3500,0,3500,Billetera digital,Recurrente,35-44,2.5,4,,28.3,No
103895,2026-05-09,5,Mayo,19,Sábado,Sí,No,11:00,Media mañana,Granada,Mostrador,Snacks,Galletas,,3,4500,5,12800,Tarjeta crédito,Fidelizado,55 o más,6.0,,,28.3,No
103888,2026-05-09,5,Mayo,19,Sábado,Sí,No,11:28,Media mañana,Centro,Domicilio,Café caliente,Americano,M,1,5500,0,5500,Tarjeta débito,Nuevo,18-24,,,,28.3,No
103896,2026-05-09,5,Mayo,19,Sábado,Sí,No,11:29,Media mañana,Granada,Mostrador,Panadería,Pandebono,,1,2500,0,2500,Tarjeta débito,Recurrente,45-54,4.0,,,28.3,No
103906,2026-05-09,5,Mayo,19,Sábado,Sí,No,11:32,Media mañana,San Antonio,Domicilio,Snacks,Empanada,,4,3500,5,13300,Efectivo,Fidelizado,Menos de 18,,4,Muy buen café,28.3,No
103907,2026-05-09,5,Mayo,19,Sábado,Sí,No,11:43,Media mañana,San Antonio,App,Snacks,Galletas,,1,4500,15,3800,Tarjeta débito,Nuevo,35-44,2.6,,,28.3,No
103914,2026-05-09,5,Mayo,19,Sábado,Sí,No,11:43,Media mañana,El Peñón,Mostrador,Panadería,Buñuelo,,1,2200,0,2200,Tarjeta débito,Nuevo,45-54,3.0,,,28.3,No
103903,2026-05-09,5,Mayo,19,Sábado,Sí,No,11:57,Media mañana,San Antonio,App,Café caliente,Americano,S,2,4700,15,8000,Tarjeta crédito,Fidelizado,45-54,0.8,4,Muy buen café,28.3,No
103912,2026-05-09,5,Mayo,19,Sábado,Sí,No,12:06,Almuerzo,Ciudad Jardín,Mostrador,Almuerzo,Ensalada César,,1,19500,5,18500,Billetera digital,Fidelizado,35-44,7.9,,,28.3,No
103886,2026-05-09,5,Mayo,19,Sábado,Sí,No,12:35,Almuerzo,Centro,Mostrador,Bebida fría,Frappé de café,S,1,10600,0,10600,Efectivo,Recurrente,25-34,6.5,4,,28.3,No
103910,2026-05-09,5,Mayo,19,Sábado,Sí,No,13:15,Almuerzo,Ciudad Jardín,App,Bebida fría,Frappé de café,M,1,12500,15,10600,Tarjeta crédito,Fidelizado,55 o más,3.2,,,28.3,No
103893,2026-05-09,5,Mayo,19,Sábado,Sí,No,14:33,Tarde,Granada,Mostrador,Café caliente,Capuchino,M,1,8500,0,8500,Efectivo,Nuevo,35-44,3.4,,,28.3,No
103904,2026-05-09,5,Mayo,19,Sábado,Sí,No,15:03,Tarde,San Antonio,App,Bebida fría,Té helado,L,1,9400,15,8000,Tarjeta débito,Recurrente,18-24,2.8,,,28.3,No
103919,2026-05-09,5,Mayo,19,Sábado,Sí,No,15:28,Tarde,El Peñón,Mostrador,Café caliente,Latte,M,1,9000,0,9000,Tarjeta débito,Nuevo,45-54,2.1,,,28.3,No
103898,2026-05-09,5,Mayo,19,Sábado,Sí,No,15:39,Tarde,Granada,Domicilio,Bebida fría,Cold brew,S,1,8900,0,8900,Tarjeta débito,Nuevo,25-34,,4,,28.3,No
103905,2026-05-09,5,Mayo,19,Sábado,Sí,No,16:33,Tarde,San Antonio,Domicilio,Panadería,Croissant,,1,6500,0,6500,Tarjeta débito,Nuevo,25-34,,,,28.3,No
103918,2026-05-09,5,Mayo,19,Sábado,Sí,No,19:14,Noche,El Peñón,Mostrador,Panadería,Buñuelo,,1,2200,0,2200,Efectivo,Nuevo,45-54,2.8,,,28.3,No
103892,2026-05-09,5,Mayo,19,Sábado,Sí,No,19:18,Noche,Granada,Mostrador,Café caliente,Tinto,M,1,3500,0,3500,Tarjeta débito,Nuevo,25-34,4.9,5,,28.3,No
103889,2026-05-09,5,Mayo,19,Sábado,Sí,No,19:28,Noche,Centro,Mostrador,Panadería,Pandebono,,1,2500,5,2400,Efectivo,Fidelizado,25-34,2.7,,,28.3,No
103884,2026-05-09,5,Mayo,19,Sábado,Sí,No,20:21,Noche,Centro,App,Bebida fría,Limonada de coco,L,2,13800,15,23500,Billetera digital,Recurrente,25-34,1.1,,,28.3,No
103900,2026-05-09,5,Mayo,19,Sábado,Sí,No,20:45,Noche,Granada,Mostrador,Almuerzo,Bowl vegetariano,,1,22000,0,22000,Tarjeta crédito,Recurrente,45-54,3.4,5,,28.3,No
103939,2026-05-10,5,Mayo,19,Domingo,Sí,No,06:12,Mañana,Ciudad Jardín,App,Café caliente,Latte,L,1,11200,15,9500,Billetera digital,Fidelizado,55 o más,2.3,,,26.6,No
103931,2026-05-10,5,Mayo,19,Domingo,Sí,No,07:15,Mañana,Granada,Mostrador,Café caliente,Latte,M,2,9000,0,18000,Efectivo,Nuevo,45-54,4.4,,,26.6,No
103930,2026-05-10,5,Mayo,19,Domingo,Sí,No,07:29,Mañana,Granada,Mostrador,Café caliente,Tinto,L,3,4400,5,12500,Tarjeta crédito,Fidelizado,35-44,3.8,5,,26.6,No
103927,2026-05-10,5,Mayo,19,Domingo,Sí,No,08:26,Mañana,Granada,Mostrador,Café caliente,Capuchino,M,1,8500,0,8500,Tarjeta crédito,Recurrente,25-34,5.1,4,,26.6,No
103945,2026-05-10,5,Mayo,19,Domingo,Sí,No,09:04,Mañana,El Peñón,Mostrador,Café caliente,Tinto,M,2,3500,0,7000,Efectivo,Recurrente,45-54,3.3,,,26.6,No
103925,2026-05-10,5,Mayo,19,Domingo,Sí,No,09:40,Mañana,Granada,App,Café caliente,Tinto,L,2,4400,15,7500,Billetera digital,Nuevo,25-34,3.0,5,,26.6,No
103943,2026-05-10,5,Mayo,19,Domingo,Sí,No,09:50,Mañana,Ciudad Jardín,App,Café caliente,Latte,M,2,9000,15,15300,Tarjeta débito,Recurrente,55 o más,3.0,,,26.6,No
103920,2026-05-10,5,Mayo,19,Domingo,Sí,No,10:20,Media mañana,Granada,Mostrador,Café caliente,Tinto,S,1,3000,5,2800,Efectivo,Fidelizado,35-44,5.4,5,,26.6,No
103940,2026-05-10,5,Mayo,19,Domingo,Sí,No,10:24,Media mañana,Ciudad Jardín,Mostrador,Almuerzo,Wrap de pollo,,1,18500,5,17600,Billetera digital,Fidelizado,45-54,2.0,,,26.6,No
103934,2026-05-10,5,Mayo,19,Domingo,Sí,No,10:47,Media mañana,San Antonio,Mostrador,Panadería,Croissant,,2,6500,0,13000,Tarjeta débito,Nuevo,25-34,3.8,,,26.6,No
103923,2026-05-10,5,Mayo,19,Domingo,Sí,No,11:25,Media mañana,Granada,Mostrador,Panadería,Torta de zanahoria,,1,9000,0,9000,Billetera digital,Nuevo,25-34,3.1,,,26.6,No
103942,2026-05-10,5,Mayo,19,Domingo,Sí,No,11:39,Media mañana,Ciudad Jardín,Mostrador,Bebida fría,Frappé de café,M,1,12500,0,12500,Efectivo,Recurrente,35-44,2.7,,,26.6,No
103926,2026-05-10,5,Mayo,19,Domingo,Sí,No,12:15,Almuerzo,Granada,App,Bebida fría,Jugo natural,M,4,8500,15,28900,Billetera digital,Recurrente,25-34,6.3,,,26.6,No
103921,2026-05-10,5,Mayo,19,Domingo,Sí,No,12:24,Almuerzo,Granada,Domicilio,Café caliente,Mocaccino,M,3,9500,5,27100,Tarjeta crédito,Fidelizado,45-54,,3,"Bien, pero podría mejorar",26.6,No
103922,2026-05-10,5,Mayo,19,Domingo,Sí,No,12:36,Almuerzo,Granada,App,Almuerzo,Sándwich cubano,,1,21000,15,17800,Billetera digital,Fidelizado,25-34,3.3,,,26.6,No
103932,2026-05-10,5,Mayo,19,Domingo,Sí,No,12:44,Almuerzo,Granada,Mostrador,Panadería,Torta de zanahoria,,1,9000,0,9000,Efectivo,Recurrente,25-34,1.7,,,26.6,No
103929,2026-05-10,5,Mayo,19,Domingo,Sí,No,13:48,Almuerzo,Granada,Mostrador,Almuerzo,Sándwich cubano,,1,21000,0,21000,Efectivo,Recurrente,25-34,4.1,,,26.6,No
103947,2026-05-10,5,Mayo,19,Domingo,Sí,No,14:12,Tarde,El Peñón,Mostrador,Panadería,Pandebono,,1,2500,0,2500,Tarjeta crédito,Nuevo,35-44,5.0,,,26.6,No
103946,2026-05-10,5,Mayo,19,Domingo,Sí,No,14:28,Tarde,El Peñón,Mostrador,Bebida fría,Cold brew,L,1,13100,0,13100,Billetera digital,Recurrente,25-34,3.8,,,26.6,No
103937,2026-05-10,5,Mayo,19,Domingo,Sí,No,14:56,Tarde,San Antonio,Mostrador,Café caliente,Chocolate caliente,L,1,10000,5,9500,Tarjeta débito,Fidelizado,18-24,1.7,,,26.6,No
103941,2026-05-10,5,Mayo,19,Domingo,Sí,No,14:56,Tarde,Ciudad Jardín,Mostrador,Café caliente,Tinto,M,2,3500,5,6600,Tarjeta crédito,Fidelizado,45-54,1.7,,,26.6,No
103938,2026-05-10,5,Mayo,19,Domingo,Sí,No,15:23,Tarde,Ciudad Jardín,Mostrador,Café caliente,Americano,S,4,4700,0,18800,Efectivo,Recurrente,18-24,7.2,5,Excelente atención,26.6,No
103933,2026-05-10,5,Mayo,19,Domingo,Sí,No,16:53,Tarde,San Antonio,Domicilio,Panadería,Pandebono,,1,2500,0,2500,Billetera digital,Recurrente,18-24,,,,26.6,No
103935,2026-05-10,5,Mayo,19,Domingo,Sí,No,18:30,Noche,San Antonio,Mostrador,Snacks,Papas de paquete,,1,5000,5,4800,Billetera digital,Fidelizado,18-24,2.6,5,,26.6,No
103944,2026-05-10,5,Mayo,19,Domingo,Sí,No,18:34,Noche,Ciudad Jardín,Mostrador,Bebida fría,Cold brew,L,1,13100,0,13100,Efectivo,Recurrente,55 o más,4.7,5,,26.6,No
103924,2026-05-10,5,Mayo,19,Domingo,Sí,No,19:36,Noche,Granada,Mostrador,Panadería,Pandebono,,2,2500,0,5000,Billetera digital,Nuevo,25-34,1.4,,,26.6,No
103928,2026-05-10,5,Mayo,19,Domingo,Sí,No,19:54,Noche,Granada,Mostrador,Bebida fría,Jugo natural,M,1,8500,0,8500,Tarjeta crédito,Recurrente,25-34,5.8,4,,26.6,No
103936,2026-05-10,5,Mayo,19,Domingo,Sí,No,20:44,Noche,San Antonio,Mostrador,Café caliente,Tinto,M,1,3500,0,3500,Efectivo,Nuevo,25-34,3.2,,,26.6,No
103971,2026-05-11,5,Mayo,20,Lunes,No,No,06:18,Mañana,Ciudad Jardín,App,Panadería,Croissant,,3,6500,15,16600,Tarjeta crédito,Nuevo,35-44,1.1,,,27.2,No
103952,2026-05-11,5,Mayo,20,Lunes,No,No,06:22,Mañana,Centro,Mostrador,Snacks,Galletas,,1,4500,0,4500,Efectivo,Nuevo,18-24,8.1,,,27.2,No
103954,2026-05-11,5,Mayo,20,Lunes,No,No,06:40,Mañana,Centro,Mostrador,Café caliente,Chocolate caliente,L,1,10000,0,10000,Efectivo,Recurrente,35-44,6.6,4,,27.2,No
103964,2026-05-11,5,Mayo,20,Lunes,No,No,06:51,Mañana,San Antonio,App,Café caliente,Americano,M,2,5500,15,9400,Tarjeta débito,Fidelizado,25-34,2.7,,,27.2,No
103953,2026-05-11,5,Mayo,20,Lunes,No,No,07:00,Mañana,Centro,Mostrador,Snacks,Galletas,,1,4500,5,4300,Efectivo,Fidelizado,35-44,3.5,5,Rápido y amable,27.2,No
103951,2026-05-11,5,Mayo,20,Lunes,No,No,07:19,Mañana,Centro,App,Panadería,Pandebono,,2,2500,15,4200,Tarjeta crédito,Fidelizado,18-24,3.9,,,27.2,No
103974,2026-05-11,5,Mayo,20,Lunes,No,No,08:28,Mañana,El Peñón,Domicilio,Panadería,Pandebono,,1,2500,0,2500,Tarjeta débito,Nuevo,25-34,,,,27.2,No
103961,2026-05-11,5,Mayo,20,Lunes,No,No,09:41,Mañana,Centro,Domicilio,Café caliente,Tinto,M,1,3500,0,3500,Billetera digital,Nuevo,35-44,,4,,27.2,No
103955,2026-05-11,5,Mayo,20,Lunes,No,No,10:10,Media mañana,Centro,Mostrador,Café caliente,Capuchino,L,1,10600,0,10600,Tarjeta débito,Nuevo,45-54,0.9,4,,27.2,No
103959,2026-05-11,5,Mayo,20,Lunes,No,No,10:40,Media mañana,Centro,Mostrador,Café caliente,Capuchino,M,1,8500,0,8500,Tarjeta crédito,Nuevo,45-54,2.9,4,,27.2,No
103950,2026-05-11,5,Mayo,20,Lunes,No,No,11:00,Media mañana,Centro,App,Café caliente,Americano,M,1,5500,15,4700,Billetera digital,Nuevo,25-34,1.5,5,,27.2,No
103957,2026-05-11,5,Mayo,20,Lunes,No,No,11:35,Media mañana,Centro,Mostrador,Snacks,Galletas,,1,4500,0,4500,Tarjeta débito,Recurrente,25-34,10.4,,,27.2,No
103948,2026-05-11,5,Mayo,20,Lunes,No,No,12:01,Almuerzo,Centro,Mostrador,Almuerzo,Ensalada César,,1,19500,0,19500,Efectivo,Recurrente,45-54,13.3,,,27.2,No
103977,2026-05-11,5,Mayo,20,Lunes,No,No,12:42,Almuerzo,El Peñón,Mostrador,Almuerzo,Sándwich cubano,,1,21000,5,20000,Tarjeta crédito,Fidelizado,25-34,10.5,4,,27.2,No
103968,2026-05-11,5,Mayo,20,Lunes,No,No,12:51,Almuerzo,Ciudad Jardín,Mostrador,Almuerzo,Wrap de pollo,,2,18500,0,37000,Tarjeta débito,Nuevo,25-34,5.4,4,,27.2,No
103949,2026-05-11,5,Mayo,20,Lunes,No,No,12:56,Almuerzo,Centro,App,Almuerzo,Sándwich cubano,,1,21000,15,17800,Tarjeta crédito,Recurrente,25-34,28.2,,,27.2,No
103976,2026-05-11,5,Mayo,20,Lunes,No,No,13:00,Almuerzo,El Peñón,Mostrador,Almuerzo,Sándwich cubano,,1,21000,0,21000,Tarjeta crédito,Recurrente,35-44,7.8,,,27.2,No
103958,2026-05-11,5,Mayo,20,Lunes,No,No,13:06,Almuerzo,Centro,App,Almuerzo,Sándwich cubano,,2,21000,15,35700,Tarjeta débito,Fidelizado,45-54,3.6,,,27.2,No
103969,2026-05-11,5,Mayo,20,Lunes,No,No,13:14,Almuerzo,Ciudad Jardín,Mostrador,Bebida fría,Frappé de café,M,5,12500,0,62500,Efectivo,Recurrente,45-54,2.5,,,27.2,No
103970,2026-05-11,5,Mayo,20,Lunes,No,No,13:43,Almuerzo,Ciudad Jardín,Domicilio,Almuerzo,Wrap de pollo,,1,18500,5,17600,Tarjeta crédito,Fidelizado,25-34,,5,Muy buen café,27.2,No
103960,2026-05-11,5,Mayo,20,Lunes,No,No,14:26,Tarde,Centro,App,Bebida fría,Té helado,S,1,6400,15,5400,Tarjeta crédito,Recurrente,35-44,1.9,5,La app funciona bien,27.2,No
103966,2026-05-11,5,Mayo,20,Lunes,No,No,15:18,Tarde,Ciudad Jardín,Domicilio,Snacks,Papas de paquete,,2,5000,5,9500,Tarjeta débito,Fidelizado,18-24,,,,27.2,No
103962,2026-05-11,5,Mayo,20,Lunes,No,No,16:20,Tarde,San Antonio,Mostrador,Panadería,Pandebono,,2,2500,0,5000,Tarjeta débito,Recurrente,18-24,2.4,,,27.2,No
103965,2026-05-11,5,Mayo,20,Lunes,No,No,17:42,Tarde,San Antonio,Mostrador,Panadería,Pandebono,,2,2500,0,5000,Tarjeta crédito,Recurrente,25-34,2.8,,,27.2,No
103956,2026-05-11,5,Mayo,20,Lunes,No,No,18:14,Noche,Centro,Mostrador,Café caliente,Americano,M,2,5500,0,11000,Billetera digital,Nuevo,18-24,6.0,4,,27.2,No
103975,2026-05-11,5,Mayo,20,Lunes,No,No,18:20,Noche,El Peñón,Mostrador,Almuerzo,Sándwich cubano,,3,21000,5,59800,Efectivo,Fidelizado,25-34,1.5,5,,27.2,No
103967,2026-05-11,5,Mayo,20,Lunes,No,No,18:31,Noche,Ciudad Jardín,Mostrador,Café caliente,Americano,M,2,5500,0,11000,Efectivo,Nuevo,45-54,1.3,,,27.2,No
103973,2026-05-11,5,Mayo,20,Lunes,No,No,19:24,Noche,El Peñón,App,Bebida fría,Limonada de coco,M,1,11000,15,9400,Billetera digital,Recurrente,Menos de 18,1.4,,,27.2,No
103972,2026-05-11,5,Mayo,20,Lunes,No,No,20:18,Noche,El Peñón,App,Café caliente,Latte,L,1,11200,15,9500,Billetera digital,Recurrente,25-34,2.0,,,27.2,No
103978,2026-05-11,5,Mayo,20,Lunes,No,No,20:28,Noche,El Peñón,Mostrador,Café caliente,Tinto,L,2,4400,0,8800,Tarjeta crédito,Recurrente,55 o más,3.9,,,27.2,No
103963,2026-05-11,5,Mayo,20,Lunes,No,No,20:56,Noche,San Antonio,App,Bebida fría,Té helado,M,1,7500,15,6400,Tarjeta débito,Recurrente,35-44,3.4,,,27.2,No
103995,2026-05-12,5,Mayo,20,Martes,No,No,06:11,Mañana,San Antonio,Domicilio,Café caliente,Tinto,L,1,4400,0,4400,Efectivo,Recurrente,25-34,,,,26.0,Sí
104012,2026-05-12,5,Mayo,20,Martes,No,No,09:59,Mañana,El Peñón,Domicilio,Panadería,Pandebono,,1,2500,5,2400,Billetera digital,Fidelizado,35-44,,,,26.0,Sí
104010,2026-05-12,5,Mayo,20,Martes,No,No,10:53,Media mañana,El Peñón,Mostrador,Café caliente,Tinto,M,3,3500,0,10500,Efectivo,Recurrente,55 o más,4.4,,,26.0,Sí
104009,2026-05-12,5,Mayo,20,Martes,No,No,10:54,Media mañana,El Peñón,Mostrador,Café caliente,Capuchino,M,1,8500,5,8100,Efectivo,Fidelizado,35-44,4.1,,,26.0,Sí
103991,2026-05-12,5,Mayo,20,Martes,No,No,11:02,Media mañana,San Antonio,Mostrador,Panadería,Pandebono,,2,2500,0,5000,Tarjeta débito,Recurrente,35-44,6.9,,,26.0,Sí
103980,2026-05-12,5,Mayo,20,Martes,No,No,11:18,Media mañana,Centro,Mostrador,Café caliente,Capuchino,M,1,8500,0,8500,Tarjeta crédito,Nuevo,18-24,2.0,,,26.0,Sí
103986,2026-05-12,5,Mayo,20,Martes,No,No,11:34,Media mañana,San Antonio,Domicilio,Café caliente,Tinto,M,1,3500,0,3500,Efectivo,Nuevo,55 o más,,,,26.0,Sí
103988,2026-05-12,5,Mayo,20,Martes,No,No,11:41,Media mañana,San Antonio,Mostrador,Panadería,Croissant,,3,6500,0,19500,Tarjeta débito,Nuevo,18-24,3.6,5,,26.0,Sí
104007,2026-05-12,5,Mayo,20,Martes,No,No,12:21,Almuerzo,El Peñón,Mostrador,Snacks,Papas de paquete,,2,5000,0,10000,Billetera digital,Nuevo,25-34,4.5,,,26.0,Sí
104001,2026-05-12,5,Mayo,20,Martes,No,No,12:43,Almuerzo,Ciudad Jardín,Domicilio,Almuerzo,Ensalada César,,2,19500,5,37000,Tarjeta crédito,Fidelizado,55 o más,,,,26.0,Sí
103985,2026-05-12,5,Mayo,20,Martes,No,No,12:46,Almuerzo,Centro,Mostrador,Almuerzo,Wrap de pollo,,1,18500,0,18500,Billetera digital,Nuevo,35-44,7.4,,,26.0,Sí
103999,2026-05-12,5,Mayo,20,Martes,No,No,12:47,Almuerzo,Ciudad Jardín,Mostrador,Almuerzo,Sándwich cubano,,2,21000,5,39900,Tarjeta crédito,Fidelizado,45-54,7.7,,,26.0,Sí
103979,2026-05-12,5,Mayo,20,Martes,No,No,12:48,Almuerzo,Centro,Mostrador,Almuerzo,Ensalada César,,1,19500,0,19500,Efectivo,Nuevo,35-44,21.8,,,26.0,Sí
103993,2026-05-12,5,Mayo,20,Martes,No,No,12:50,Almuerzo,San Antonio,Domicilio,Almuerzo,Sándwich cubano,,1,21000,0,21000,Tarjeta crédito,Recurrente,25-34,,,,26.0,Sí
104006,2026-05-12,5,Mayo,20,Martes,No,No,12:54,Almuerzo,El Peñón,App,Almuerzo,Bowl vegetariano,,1,22000,15,18700,Billetera digital,Nuevo,35-44,5.6,4,Rápido y amable,26.0,Sí
103982,2026-05-12,5,Mayo,20,Martes,No,No,13:12,Almuerzo,Centro,App,Café caliente,Americano,M,1,5500,15,4700,Tarjeta débito,Nuevo,35-44,10.4,4,Aceptable,26.0,Sí
103983,2026-05-12,5,Mayo,20,Martes,No,No,13:38,Almuerzo,Centro,Mostrador,Almuerzo,Bowl vegetariano,,3,22000,0,66000,Tarjeta débito,Recurrente,25-34,19.3,3,,26.0,Sí
103984,2026-05-12,5,Mayo,20,Martes,No,No,13:54,Almuerzo,Centro,Domicilio,Almuerzo,Bowl vegetariano,,1,22000,0,22000,Efectivo,Recurrente,25-34,,,,26.0,Sí
104004,2026-05-12,5,Mayo,20,Martes,No,No,14:08,Tarde,Ciudad Jardín,Domicilio,Café caliente,Americano,S,2,4700,5,8900,Efectivo,Fidelizado,35-44,,,,26.0,Sí
103992,2026-05-12,5,Mayo,20,Martes,No,No,14:27,Tarde,San Antonio,Domicilio,Café caliente,Tinto,S,2,3000,0,6000,Tarjeta débito,Recurrente,Menos de 18,,,,26.0,Sí
104008,2026-05-12,5,Mayo,20,Martes,No,No,14:59,Tarde,El Peñón,Mostrador,Panadería,Pandebono,,1,2500,0,2500,Billetera digital,Nuevo,25-34,4.0,,,26.0,Sí
103997,2026-05-12,5,Mayo,20,Martes,No,No,15:06,Tarde,Ciudad Jardín,Mostrador,Café caliente,Tinto,M,2,3500,0,7000,Billetera digital,Recurrente,45-54,2.6,,,26.0,Sí
104011,2026-05-12,5,Mayo,20,Martes,No,No,15:19,Tarde,El Peñón,App,Panadería,Pandebono,,1,2500,15,2100,Tarjeta crédito,Recurrente,55 o más,1.2,,,26.0,Sí
103990,2026-05-12,5,Mayo,20,Martes,No,No,16:20,Tarde,San Antonio,Mostrador,Café caliente,Latte,S,2,7600,5,14400,Tarjeta débito,Fidelizado,25-34,2.4,,,26.0,Sí
103998,2026-05-12,5,Mayo,20,Martes,No,No,16:24,Tarde,Ciudad Jardín,Mostrador,Panadería,Croissant,,1,6500,0,6500,Efectivo,Nuevo,35-44,3.1,,,26.0,Sí
103989,2026-05-12,5,Mayo,20,Martes,No,No,16:28,Tarde,San Antonio,Domicilio,Café caliente,Chocolate caliente,L,2,10000,0,20000,Tarjeta débito,Nuevo,Menos de 18,,3,Bueno,26.0,Sí
103981,2026-05-12,5,Mayo,20,Martes,No,No,16:38,Tarde,Centro,Mostrador,Bebida fría,Frappé de café,L,1,15600,0,15600,Tarjeta débito,Recurrente,35-44,1.2,5,Me encanta el ambiente,26.0,Sí
104002,2026-05-12,5,Mayo,20,Martes,No,No,16:51,Tarde,Ciudad Jardín,App,Snacks,Barra de granola,,1,5500,15,4700,Tarjeta crédito,Fidelizado,55 o más,2.8,,,26.0,Sí
104003,2026-05-12,5,Mayo,20,Martes,No,No,17:03,Tarde,Ciudad Jardín,Mostrador,Panadería,Pandebono,,1,2500,0,2500,Tarjeta crédito,Recurrente,45-54,4.6,,,26.0,Sí
103994,2026-05-12,5,Mayo,20,Martes,No,No,17:07,Tarde,San Antonio,App,Snacks,Galletas,,2,4500,15,7600,Tarjeta débito,Recurrente,18-24,1.1,4,Normal,26.0,Sí
104005,2026-05-12,5,Mayo,20,Martes,No,No,19:51,Noche,El Peñón,Mostrador,Café caliente,Americano,L,1,6900,0,6900,Tarjeta débito,Recurrente,25-34,4.5,,,26.0,Sí
104000,2026-05-12,5,Mayo,20,Martes,No,No,19:53,Noche,Ciudad Jardín,Mostrador,Café caliente,Latte,S,4,7600,5,28900,Billetera digital,Fidelizado,35-44,1.5,,,26.0,Sí
103996,2026-05-12,5,Mayo,20,Martes,No,No,20:01,Noche,Ciudad Jardín,Domicilio,Café caliente,Latte,M,2,9000,0,18000,Billetera digital,Nuevo,55 o más,,,,26.0,Sí
103987,2026-05-12,5,Mayo,20,Martes,No,No,20:47,Noche,San Antonio,Domicilio,Café caliente,Capuchino,M,1,8500,0,8500,Tarjeta débito,Recurrente,18-24,,,,26.0,Sí
104032,2026-05-13,5,Mayo,20,Miércoles,No,No,06:56,Mañana,Ciudad Jardín,Mostrador,Café caliente,Tinto,M,2,3500,5,6600,Tarjeta crédito,Fidelizado,25-34,2.7,5,,28.9,No
104021,2026-05-13,5,Mayo,20,Miércoles,No,No,07:05,Mañana,Centro,App,Panadería,Torta de zanahoria,,3,9000,15,23000,Billetera digital,Fidelizado,45-54,1.9,,,28.9,No
104034,2026-05-13,5,Mayo,20,Miércoles,No,No,07:46,Mañana,El Peñón,App,Café caliente,Mocaccino,M,1,9500,15,8100,Tarjeta débito,Fidelizado,25-34,3.4,,,28.9,No
104026,2026-05-13,5,Mayo,20,Miércoles,No,No,08:08,Mañana,San Antonio,App,Panadería,Torta de zanahoria,,3,9000,15,23000,Tarjeta crédito,Fidelizado,25-34,2.1,,,28.9,No
104040,2026-05-13,5,Mayo,20,Miércoles,No,No,09:00,Mañana,El Peñón,Mostrador,Café caliente,Mocaccino,S,1,8100,0,8100,Tarjeta débito,Nuevo,25-34,3.2,,,28.9,No
104018,2026-05-13,5,Mayo,20,Miércoles,No,No,09:21,Mañana,Centro,Mostrador,Bebida fría,Cold brew,M,1,10500,0,10500,Efectivo,Nuevo,18-24,5.3,,,28.9,No
104016,2026-05-13,5,Mayo,20,Miércoles,No,No,10:02,Media mañana,Centro,App,Café caliente,Latte,M,5,9000,15,38200,Tarjeta crédito,Fidelizado,25-34,1.9,5,,28.9,No
104027,2026-05-13,5,Mayo,20,Miércoles,No,No,10:08,Media mañana,San Antonio,Mostrador,Panadería,Pandebono,,1,2500,0,2500,Efectivo,Recurrente,45-54,1.8,,,28.9,No
104030,2026-05-13,5,Mayo,20,Miércoles,No,No,10:41,Media mañana,Ciudad Jardín,Mostrador,Panadería,Buñuelo,,2,2200,0,4400,Tarjeta débito,Recurrente,45-54,6.2,,,28.9,No
104025,2026-05-13,5,Mayo,20,Miércoles,No,No,10:50,Media mañana,San Antonio,App,Café caliente,Americano,M,1,5500,15,4700,Billetera digital,Recurrente,25-34,1.8,,,28.9,No
104039,2026-05-13,5,Mayo,20,Miércoles,No,No,11:19,Media mañana,El Peñón,App,Bebida fría,Té helado,M,1,7500,15,6400,Billetera digital,Recurrente,45-54,2.1,,,28.9,No
104020,2026-05-13,5,Mayo,20,Miércoles,No,No,11:40,Media mañana,Centro,Domicilio,Panadería,Croissant,,1,6500,0,6500,Efectivo,Recurrente,18-24,,,,28.9,No
104041,2026-05-13,5,Mayo,20,Miércoles,No,No,11:40,Media mañana,El Peñón,Mostrador,Café caliente,Tinto,S,1,3000,0,3000,Tarjeta crédito,Nuevo,45-54,2.5,,,28.9,No
104019,2026-05-13,5,Mayo,20,Miércoles,No,No,12:25,Almuerzo,Centro,App,Almuerzo,Sándwich cubano,,1,21000,15,17800,Tarjeta crédito,Fidelizado,35-44,6.5,5,,28.9,No
104028,2026-05-13,5,Mayo,20,Miércoles,No,No,12:39,Almuerzo,San Antonio,App,Almuerzo,Ensalada César,,1,19500,15,16600,Billetera digital,Recurrente,Menos de 18,9.9,5,Excelente atención,28.9,No
104024,2026-05-13,5,Mayo,20,Miércoles,No,No,12:43,Almuerzo,San Antonio,App,Almuerzo,Bowl vegetariano,,1,22000,15,18700,Tarjeta crédito,Fidelizado,Menos de 18,2.7,5,,28.9,No
104017,2026-05-13,5,Mayo,20,Miércoles,No,No,12:57,Almuerzo,Centro,Mostrador,Almuerzo,Wrap de pollo,,1,18500,0,18500,Tarjeta débito,Nuevo,25-34,4.8,,,28.9,No
104014,2026-05-13,5,Mayo,20,Miércoles,No,No,12:59,Almuerzo,Centro,Mostrador,Almuerzo,Wrap de pollo,,1,18500,0,18500,Tarjeta débito,Recurrente,55 o más,6.4,,,28.9,No
104013,2026-05-13,5,Mayo,20,Miércoles,No,No,13:51,Almuerzo,Centro,App,Snacks,Galletas,,2,4500,15,7600,Billetera digital,Recurrente,55 o más,3.9,5,,28.9,No
104029,2026-05-13,5,Mayo,20,Miércoles,No,No,14:10,Tarde,Ciudad Jardín,Mostrador,Panadería,Torta de zanahoria,,2,9000,0,18000,Tarjeta crédito,Nuevo,45-54,3.2,,,28.9,No
104023,2026-05-13,5,Mayo,20,Miércoles,No,No,14:53,Tarde,San Antonio,Domicilio,Café caliente,Capuchino,L,2,10600,0,21200,Tarjeta débito,Nuevo,25-34,,,,28.9,No
104033,2026-05-13,5,Mayo,20,Miércoles,No,No,15:15,Tarde,Ciudad Jardín,Mostrador,Café caliente,Tinto,L,3,4400,0,13200,Efectivo,Recurrente,55 o más,2.6,,,28.9,No
104035,2026-05-13,5,Mayo,20,Miércoles,No,No,15:31,Tarde,El Peñón,Mostrador,Panadería,Muffin,,1,7000,0,7000,Efectivo,Nuevo,35-44,1.7,5,Me encanta el ambiente,28.9,No
104038,2026-05-13,5,Mayo,20,Miércoles,No,No,15:41,Tarde,El Peñón,Mostrador,Bebida fría,Frappé de café,M,1,12500,5,11900,Tarjeta crédito,Fidelizado,35-44,2.7,5,,28.9,No
104015,2026-05-13,5,Mayo,20,Miércoles,No,No,16:40,Tarde,Centro,Mostrador,Café caliente,Capuchino,L,2,10600,0,21200,Tarjeta débito,Recurrente,Menos de 18,3.7,5,La app funciona bien,28.9,No
104022,2026-05-13,5,Mayo,20,Miércoles,No,No,16:41,Tarde,San Antonio,Mostrador,Bebida fría,Frappé de café,M,2,12500,5,23800,Efectivo,Fidelizado,25-34,2.5,5,,28.9,No
104036,2026-05-13,5,Mayo,20,Miércoles,No,No,18:42,Noche,El Peñón,App,Snacks,Papas de paquete,,2,5000,15,8500,Billetera digital,Recurrente,25-34,0.7,,,28.9,No
104031,2026-05-13,5,Mayo,20,Miércoles,No,No,19:17,Noche,Ciudad Jardín,App,Café caliente,Tinto,M,1,3500,15,3000,Tarjeta débito,Nuevo,35-44,3.7,,,28.9,No
104037,2026-05-13,5,Mayo,20,Miércoles,No,No,20:25,Noche,El Peñón,Mostrador,Café caliente,Latte,M,1,9000,0,9000,Tarjeta débito,Recurrente,45-54,6.9,,,28.9,No
104053,2026-05-14,5,Mayo,20,Jueves,No,No,06:03,Mañana,San Antonio,Mostrador,Panadería,Torta de zanahoria,,2,9000,5,17100,Billetera digital,Fidelizado,25-34,5.5,,,22.8,Sí
104052,2026-05-14,5,Mayo,20,Jueves,No,No,06:45,Mañana,San Antonio,Domicilio,Café caliente,Capuchino,M,2,8500,0,17000,Tarjeta crédito,Recurrente,35-44,,,,22.8,Sí
104045,2026-05-14,5,Mayo,20,Jueves,No,No,07:36,Mañana,Centro,App,Café caliente,Capuchino,L,1,10600,15,9000,Billetera digital,Recurrente,25-34,7.1,,,22.8,Sí
104059,2026-05-14,5,Mayo,20,Jueves,No,No,07:42,Mañana,Ciudad Jardín,Domicilio,Café caliente,Capuchino,S,1,7200,5,6800,Efectivo,Fidelizado,45-54,,5,,22.8,Sí
104061,2026-05-14,5,Mayo,20,Jueves,No,No,07:44,Mañana,El Peñón,App,Panadería,Pandebono,,1,2500,15,2100,Tarjeta débito,Recurrente,25-34,2.4,5,El pandebono estaba recién hecho,22.8,Sí
104051,2026-05-14,5,Mayo,20,Jueves,No,No,07:55,Mañana,Centro,App,Panadería,Pandebono,,1,2500,15,2100,Tarjeta crédito,Fidelizado,35-44,3.1,,,22.8,Sí
104042,2026-05-14,5,Mayo,20,Jueves,No,No,09:57,Mañana,Centro,App,Café caliente,Americano,L,1,6900,15,5900,Billetera digital,Recurrente,25-34,5.3,3,Aceptable,22.8,Sí
104043,2026-05-14,5,Mayo,20,Jueves,No,No,10:24,Media mañana,Centro,App,Snacks,Empanada,,2,3500,15,6000,Billetera digital,Recurrente,18-24,1.4,5,,22.8,Sí
104060,2026-05-14,5,Mayo,20,Jueves,No,No,11:07,Media mañana,Ciudad Jardín,Mostrador,Café caliente,Capuchino,M,2,8500,0,17000,Tarjeta crédito,Nuevo,25-34,4.6,,,22.8,Sí
104047,2026-05-14,5,Mayo,20,Jueves,No,No,11:28,Media mañana,Centro,Mostrador,Snacks,Papas de paquete,,3,5000,5,14200,Billetera digital,Fidelizado,25-34,3.3,,,22.8,Sí
105635,2026-05-14,5,Mayo,20,Jueves,No,No,11:30,Media mañana,Centro,Domicilio,Almuerzo,Sándwich cubano,,36,21000,10,680400,Tarjeta crédito,Fidelizado,35-44,,,Pedido corporativo,22.8,Sí
104054,2026-05-14,5,Mayo,20,Jueves,No,No,11:42,Media mañana,San Antonio,Mostrador,Snacks,Empanada,,1,3500,0,3500,Efectivo,Nuevo,Menos de 18,2.7,,,22.8,Sí
104048,2026-05-14,5,Mayo,20,Jueves,No,No,12:23,Almuerzo,Centro,Domicilio,Almuerzo,Wrap de pollo,,1,18500,0,18500,Tarjeta crédito,Recurrente,25-34,,,,22.8,Sí
104044,2026-05-14,5,Mayo,20,Jueves,No,No,13:26,Almuerzo,Centro,Mostrador,Café caliente,Latte,M,1,9000,0,9000,Billetera digital,Recurrente,35-44,15.1,,,22.8,Sí
104050,2026-05-14,5,Mayo,20,Jueves,No,No,13:28,Almuerzo,Centro,App,Almuerzo,Bowl vegetariano,,1,22000,15,18700,Tarjeta débito,Recurrente,18-24,6.2,5,,22.8,Sí
104046,2026-05-14,5,Mayo,20,Jueves,No,No,13:42,Almuerzo,Centro,Domicilio,Almuerzo,Wrap de pollo,,2,18500,0,37000,Tarjeta débito,Nuevo,18-24,,5,Muy buen café,22.8,Sí
104049,2026-05-14,5,Mayo,20,Jueves,No,No,13:57,Almuerzo,Centro,App,Bebida fría,Cold brew,S,1,8900,15,7600,Tarjeta crédito,Recurrente,18-24,7.0,,,22.8,Sí
104057,2026-05-14,5,Mayo,20,Jueves,No,No,14:45,Tarde,Ciudad Jardín,App,Panadería,Pandebono,,3,2500,15,6400,Billetera digital,Recurrente,18-24,1.3,,,22.8,Sí
104056,2026-05-14,5,Mayo,20,Jueves,No,No,15:04,Tarde,Ciudad Jardín,App,Café caliente,Latte,S,2,7600,15,12900,Tarjeta débito,Recurrente,18-24,2.9,,,22.8,Sí
104058,2026-05-14,5,Mayo,20,Jueves,No,No,15:11,Tarde,Ciudad Jardín,Mostrador,Bebida fría,Té helado,S,1,6400,5,6100,Efectivo,Fidelizado,55 o más,3.1,,,22.8,Sí
104055,2026-05-14,5,Mayo,20,Jueves,No,No,19:19,Noche,San Antonio,Mostrador,Panadería,Buñuelo,,2,2200,5,4200,Efectivo,Fidelizado,25-34,3.7,5,Excelente atención,22.8,Sí
104062,2026-05-15,5,Mayo,20,Viernes,No,No,06:38,Mañana,Centro,Mostrador,Café caliente,Americano,L,1,6900,0,6900,Billetera digital,Recurrente,35-44,5.6,4,,22.3,Sí
104064,2026-05-15,5,Mayo,20,Viernes,No,No,06:47,Mañana,Centro,Domicilio,Café caliente,Capuchino,L,1,10600,0,10600,Efectivo,Nuevo,35-44,,5,Me encanta el ambiente,22.3,Sí
104071,2026-05-15,5,Mayo,20,Viernes,No,No,07:56,Mañana,San Antonio,Domicilio,Café caliente,Tinto,M,1,3500,0,3500,Efectivo,Recurrente,Menos de 18,,,,22.3,Sí
104074,2026-05-15,5,Mayo,20,Viernes,No,No,09:54,Mañana,Ciudad Jardín,Mostrador,Café caliente,Tinto,M,1,3500,0,3500,Tarjeta débito,Nuevo,25-34,4.3,,,22.3,Sí
104069,2026-05-15,5,Mayo,20,Viernes,No,No,11:16,Media mañana,San Antonio,Domicilio,Café caliente,Latte,S,2,7600,0,15200,Tarjeta débito,Recurrente,35-44,,,,22.3,Sí
104075,2026-05-15,5,Mayo,20,Viernes,No,No,11:19,Media mañana,El Peñón,Mostrador,Snacks,Galletas,,1,4500,0,4500,Efectivo,Recurrente,55 o más,4.4,,,22.3,Sí
104068,2026-05-15,5,Mayo,20,Viernes,No,No,11:44,Media mañana,Centro,App,Café caliente,Latte,M,3,9000,15,23000,Tarjeta crédito,Recurrente,35-44,1.9,4,,22.3,Sí
104078,2026-05-15,5,Mayo,20,Viernes,No,No,12:00,Almuerzo,El Peñón,Domicilio,Almuerzo,Wrap de pollo,,1,18500,0,18500,Tarjeta crédito,Recurrente,18-24,,,,22.3,Sí
104065,2026-05-15,5,Mayo,20,Viernes,No,No,12:03,Almuerzo,Centro,Mostrador,Café caliente,Latte,S,3,7600,0,22800,Tarjeta débito,Nuevo,35-44,21.1,,,22.3,Sí
104076,2026-05-15,5,Mayo,20,Viernes,No,No,13:12,Almuerzo,El Peñón,Mostrador,Snacks,Galletas,,2,4500,0,9000,Billetera digital,Recurrente,35-44,3.9,4,Volveré pronto,22.3,Sí
104066,2026-05-15,5,Mayo,20,Viernes,No,No,13:26,Almuerzo,Centro,Mostrador,Café caliente,Latte,M,3,9000,0,27000,Tarjeta débito,Recurrente,18-24,10.1,,,22.3,Sí
104063,2026-05-15,5,Mayo,20,Viernes,No,No,13:30,Almuerzo,Centro,App,Almuerzo,Wrap de pollo,,1,18500,15,15700,Tarjeta crédito,Recurrente,35-44,5.1,4,La app funciona bien,22.3,Sí
104067,2026-05-15,5,Mayo,20,Viernes,No,No,13:48,Almuerzo,Centro,Mostrador,Café caliente,Tinto,S,2,3000,0,6000,Tarjeta débito,Nuevo,35-44,4.7,5,,22.3,Sí
104073,2026-05-15,5,Mayo,20,Viernes,No,No,15:36,Tarde,San Antonio,Domicilio,Café caliente,Tinto,M,1,3500,5,3300,Tarjeta débito,Fidelizado,35-44,,,,22.3,Sí
104070,2026-05-15,5,Mayo,20,Viernes,No,No,15:37,Tarde,San Antonio,Mostrador,Café caliente,Tinto,S,1,3000,5,2800,Billetera digital,Fidelizado,18-24,1.4,,,22.3,Sí
104072,2026-05-15,5,Mayo,20,Viernes,No,No,19:32,Noche,San Antonio,App,Panadería,Muffin,,3,7000,15,17800,Tarjeta crédito,Recurrente,35-44,3.5,5,,22.3,Sí
104077,2026-05-15,5,Mayo,20,Viernes,No,No,19:46,Noche,El Peñón,App,Café caliente,Tinto,L,2,4400,15,7500,Billetera digital,Recurrente,18-24,1.3,4,,22.3,Sí
104087,2026-05-16,5,Mayo,20,Sábado,Sí,No,06:13,Mañana,Centro,Domicilio,Panadería,Torta de zanahoria,,1,9000,0,9000,Tarjeta crédito,Recurrente,25-34,,,,25.7,Sí
104094,2026-05-16,5,Mayo,20,Sábado,Sí,No,06:40,Mañana,Ciudad Jardín,App,Café caliente,Tinto,M,1,3500,15,3000,Billetera digital,Recurrente,45-54,3.7,,,25.7,Sí
104080,2026-05-16,5,Mayo,20,Sábado,Sí,No,07:05,Mañana,Centro,App,Panadería,Pandebono,,1,2500,15,2100,Billetera digital,Fidelizado,35-44,1.4,5,,25.7,Sí
104099,2026-05-16,5,Mayo,20,Sábado,Sí,No,07:40,Mañana,El Peñón,Mostrador,Café caliente,Tinto,S,1,3000,5,2800,Efectivo,Fidelizado,18-24,4.2,,,25.7,Sí
104089,2026-05-16,5,Mayo,20,Sábado,Sí,No,08:09,Mañana,San Antonio,App,Café caliente,Mocaccino,M,1,9500,15,8100,Tarjeta crédito,Fidelizado,18-24,1.4,5,,25.7,Sí
104098,2026-05-16,5,Mayo,20,Sábado,Sí,No,08:17,Mañana,El Peñón,Domicilio,Café caliente,Latte,L,2,11200,0,22400,Efectivo,Recurrente,25-34,,,,25.7,Sí
104085,2026-05-16,5,Mayo,20,Sábado,Sí,No,08:23,Mañana,Centro,Mostrador,Panadería,Pandebono,,1,2500,0,2500,Tarjeta débito,Nuevo,25-34,4.3,,,25.7,Sí
104079,2026-05-16,5,Mayo,20,Sábado,Sí,No,08:24,Mañana,Centro,App,Café caliente,Tinto,S,1,3000,15,2600,Billetera digital,Fidelizado,18-24,1.1,,,25.7,Sí
104092,2026-05-16,5,Mayo,20,Sábado,Sí,No,08:35,Mañana,San Antonio,Mostrador,Panadería,Pandebono,,1,2500,5,2400,Tarjeta débito,Fidelizado,35-44,3.0,5,El pandebono estaba recién hecho,25.7,Sí
104088,2026-05-16,5,Mayo,20,Sábado,Sí,No,10:05,Media mañana,San Antonio,App,Café caliente,Americano,M,1,5500,15,4700,Billetera digital,Recurrente,55 o más,1.2,,,25.7,Sí
104096,2026-05-16,5,Mayo,20,Sábado,Sí,No,10:57,Media mañana,El Peñón,Mostrador,Café caliente,Mocaccino,L,1,11900,0,11900,Tarjeta débito,Nuevo,35-44,4.0,3,Rico pero un poco demorado,25.7,Sí
104081,2026-05-16,5,Mayo,20,Sábado,Sí,No,11:02,Media mañana,Centro,App,Café caliente,Tinto,L,3,4400,15,11200,Billetera digital,Recurrente,18-24,2.3,,,25.7,Sí
104095,2026-05-16,5,Mayo,20,Sábado,Sí,No,11:31,Media mañana,El Peñón,Mostrador,Café caliente,Chocolate caliente,M,3,8000,0,24000,Tarjeta débito,Recurrente,45-54,4.0,5,,25.7,Sí
104093,2026-05-16,5,Mayo,20,Sábado,Sí,No,11:40,Media mañana,San Antonio,Mostrador,Panadería,Pandebono,,1,2500,0,2500,Billetera digital,Nuevo,18-24,6.1,4,Bueno,25.7,Sí
104086,2026-05-16,5,Mayo,20,Sábado,Sí,No,11:47,Media mañana,Centro,Domicilio,Café caliente,Chocolate caliente,M,4,8000,0,32000,Tarjeta débito,Recurrente,45-54,,,,25.7,Sí
104102,2026-05-16,5,Mayo,20,Sábado,Sí,No,12:54,Almuerzo,El Peñón,App,Snacks,Papas de paquete,,3,5000,15,12800,Billetera digital,Nuevo,25-34,4.0,5,,25.7,Sí
104084,2026-05-16,5,Mayo,20,Sábado,Sí,No,13:14,Almuerzo,Centro,Mostrador,Almuerzo,Sándwich cubano,,1,21000,0,21000,Tarjeta débito,Nuevo,55 o más,6.7,3,,25.7,Sí
104083,2026-05-16,5,Mayo,20,Sábado,Sí,No,13:35,Almuerzo,Centro,Mostrador,Panadería,Pandebono,,2,2500,0,5000,Tarjeta débito,Recurrente,25-34,10.3,4,,25.7,Sí
104097,2026-05-16,5,Mayo,20,Sábado,Sí,No,13:38,Almuerzo,El Peñón,App,Almuerzo,Ensalada César,,1,19500,15,16600,Billetera digital,Recurrente,18-24,5.4,,,25.7,Sí
104101,2026-05-16,5,Mayo,20,Sábado,Sí,No,14:39,Tarde,El Peñón,App,Café caliente,Capuchino,L,1,10600,15,9000,Tarjeta débito,Recurrente,55 o más,1.7,,,25.7,Sí
104082,2026-05-16,5,Mayo,20,Sábado,Sí,No,14:52,Tarde,Centro,Mostrador,Panadería,Buñuelo,,1,2200,0,2200,Efectivo,Recurrente,55 o más,3.8,4,Me encanta el ambiente,25.7,Sí
104091,2026-05-16,5,Mayo,20,Sábado,Sí,No,15:53,Tarde,San Antonio,Mostrador,Snacks,Empanada,,2,3500,0,7000,Billetera digital,Recurrente,45-54,11.6,4,,25.7,Sí
104103,2026-05-16,5,Mayo,20,Sábado,Sí,No,18:02,Noche,El Peñón,Mostrador,Snacks,Empanada,,1,3500,5,3300,Tarjeta crédito,Fidelizado,35-44,2.3,,,25.7,Sí
104090,2026-05-16,5,Mayo,20,Sábado,Sí,No,18:21,Noche,San Antonio,App,Snacks,Papas de paquete,,1,5000,15,4200,Tarjeta crédito,Recurrente,25-34,1.8,,,25.7,Sí
104100,2026-05-16,5,Mayo,20,Sábado,Sí,No,18:50,Noche,El Peñón,Domicilio,Bebida fría,Cold brew,M,2,10500,0,21000,Billetera digital,Recurrente,18-24,,,,25.7,Sí
104119,2026-05-17,5,Mayo,20,Domingo,Sí,No,07:03,Mañana,El Peñón,Mostrador,Snacks,Empanada,,2,3500,5,6600,Tarjeta débito,Fidelizado,35-44,2.0,5,,26.0,No
104106,2026-05-17,5,Mayo,20,Domingo,Sí,No,07:46,Mañana,San Antonio,Mostrador,Snacks,Empanada,,1,3500,5,3300,Tarjeta débito,Fidelizado,25-34,5.2,5,,26.0,No
104113,2026-05-17,5,Mayo,20,Domingo,Sí,No,07:48,Mañana,Ciudad Jardín,App,Café caliente,Americano,L,1,6900,15,5900,Billetera digital,Fidelizado,45-54,1.7,,,26.0,No
104120,2026-05-17,5,Mayo,20,Domingo,Sí,No,09:19,Mañana,El Peñón,Mostrador,Café caliente,Latte,S,1,7600,0,7600,Billetera digital,Recurrente,35-44,3.4,,,26.0,No
104112,2026-05-17,5,Mayo,20,Domingo,Sí,No,09:46,Mañana,Ciudad Jardín,App,Bebida fría,Cold brew,S,2,8900,15,15100,Billetera digital,Recurrente,35-44,2.1,,,26.0,No
104117,2026-05-17,5,Mayo,20,Domingo,Sí,No,09:49,Mañana,El Peñón,App,Café caliente,Tinto,M,1,3500,15,3000,Billetera digital,Recurrente,55 o más,0.8,,,26.0,No
104115,2026-05-17,5,Mayo,20,Domingo,Sí,No,10:26,Media mañana,El Peñón,App,Bebida fría,Frappé de café,M,1,12500,15,10600,Billetera digital,Nuevo,55 o más,1.3,,,26.0,No
104109,2026-05-17,5,Mayo,20,Domingo,Sí,No,10:52,Media mañana,Ciudad Jardín,Mostrador,Snacks,Barra de granola,,2,5500,0,11000,Tarjeta crédito,Recurrente,35-44,2.7,,,26.0,No
104110,2026-05-17,5,Mayo,20,Domingo,Sí,No,11:37,Media mañana,Ciudad Jardín,Mostrador,Panadería,Pandebono,,3,2500,0,7500,Tarjeta débito,Recurrente,25-34,6.8,5,,26.0,No
104116,2026-05-17,5,Mayo,20,Domingo,Sí,No,12:18,Almuerzo,El Peñón,Domicilio,Almuerzo,Wrap de pollo,,2,18500,0,37000,Billetera digital,Nuevo,25-34,,5,,26.0,No
104111,2026-05-17,5,Mayo,20,Domingo,Sí,No,13:52,Almuerzo,Ciudad Jardín,Mostrador,Snacks,Galletas,,1,4500,0,4500,Tarjeta crédito,Nuevo,25-34,7.4,,,26.0,No
104108,2026-05-17,5,Mayo,20,Domingo,Sí,No,13:58,Almuerzo,San Antonio,Mostrador,Almuerzo,Wrap de pollo,,3,18500,0,55500,Efectivo,Nuevo,55 o más,6.2,5,,26.0,No
104121,2026-05-17,5,Mayo,20,Domingo,Sí,No,14:45,Tarde,El Peñón,App,Panadería,Pandebono,,2,2500,15,4200,Billetera digital,Fidelizado,45-54,2.2,,,26.0,No
104107,2026-05-17,5,Mayo,20,Domingo,Sí,No,14:47,Tarde,San Antonio,Mostrador,Panadería,Croissant,,4,6500,5,24700,Tarjeta crédito,Fidelizado,45-54,8.5,,,26.0,No
104105,2026-05-17,5,Mayo,20,Domingo,Sí,No,14:50,Tarde,San Antonio,Mostrador,Café caliente,Chocolate caliente,M,3,8000,0,24000,Efectivo,Recurrente,18-24,3.0,4,,26.0,No
104122,2026-05-17,5,Mayo,20,Domingo,Sí,No,16:57,Tarde,El Peñón,App,Panadería,Pandebono,,1,2500,15,2100,Tarjeta crédito,Recurrente,25-34,1.2,,,26.0,No
104104,2026-05-17,5,Mayo,20,Domingo,Sí,No,17:31,Tarde,San Antonio,Mostrador,Snacks,Papas de paquete,,1,5000,0,5000,Efectivo,Recurrente,Menos de 18,3.0,,,26.0,No
104114,2026-05-17,5,Mayo,20,Domingo,Sí,No,17:43,Tarde,Ciudad Jardín,Mostrador,Panadería,Croissant,,1,6500,0,6500,Tarjeta débito,Nuevo,25-34,3.6,,,26.0,No
104118,2026-05-17,5,Mayo,20,Domingo,Sí,No,19:59,Noche,El Peñón,Mostrador,Café caliente,Tinto,S,1,3000,0,3000,Billetera digital,Recurrente,18-24,4.7,,,26.0,No
104123,2026-05-18,5,Mayo,21,Lunes,No,Sí,06:33,Mañana,Granada,Mostrador,Café caliente,Tinto,S,3,3000,0,9000,Billetera digital,Nuevo,18-24,9.8,,,23.0,Sí
104134,2026-05-18,5,Mayo,21,Lunes,No,Sí,06:46,Mañana,San Antonio,Mostrador,Snacks,Galletas,,2,4500,0,9000,Efectivo,Recurrente,18-24,2.8,5,,23.0,Sí
104139,2026-05-18,5,Mayo,21,Lunes,No,Sí,06:56,Mañana,San Antonio,App,Panadería,Pandebono,,1,2500,15,2100,Billetera digital,Nuevo,25-34,3.8,3,,23.0,Sí
104129,2026-05-18,5,Mayo,21,Lunes,No,Sí,08:13,Mañana,Granada,Mostrador,Café caliente,Latte,S,3,7600,0,22800,Tarjeta débito,Nuevo,18-24,3.3,,,23.0,Sí
104135,2026-05-18,5,Mayo,21,Lunes,No,Sí,08:50,Mañana,San Antonio,Mostrador,Panadería,Croissant,,1,6500,0,6500,Tarjeta débito,Nuevo,18-24,3.0,4,Excelente atención,23.0,Sí
104127,2026-05-18,5,Mayo,21,Lunes,No,Sí,08:52,Mañana,Granada,App,Café caliente,Capuchino,M,2,8500,15,14400,Billetera digital,Fidelizado,18-24,2.9,,,23.0,Sí
104143,2026-05-18,5,Mayo,21,Lunes,No,Sí,09:05,Mañana,Ciudad Jardín,Domicilio,Café caliente,Mocaccino,L,1,11900,0,11900,Efectivo,Nuevo,35-44,,,,23.0,Sí
104149,2026-05-18,5,Mayo,21,Lunes,No,Sí,09:18,Mañana,El Peñón,Mostrador,Bebida fría,Frappé de café,S,3,10600,0,31800,Tarjeta débito,Nuevo,25-34,1.8,,,23.0,Sí
104151,2026-05-18,5,Mayo,21,Lunes,No,Sí,09:58,Mañana,El Peñón,Mostrador,Panadería,Muffin,,1,7000,0,7000,Tarjeta débito,Recurrente,25-34,1.6,,,23.0,Sí
104128,2026-05-18,5,Mayo,21,Lunes,No,Sí,10:06,Media mañana,Granada,Mostrador,Café caliente,Tinto,L,1,4400,5,4200,Tarjeta débito,Fidelizado,25-34,4.1,,,23.0,Sí
104144,2026-05-18,5,Mayo,21,Lunes,No,Sí,10:18,Media mañana,Ciudad Jardín,Domicilio,Bebida fría,Limonada de coco,L,4,13800,0,55200,Efectivo,Recurrente,35-44,,,,23.0,Sí
104154,2026-05-18,5,Mayo,21,Lunes,No,Sí,10:42,Media mañana,El Peñón,Domicilio,Panadería,Croissant,,2,6500,5,12400,Tarjeta débito,Fidelizado,25-34,,5,Excelente atención,23.0,Sí
104145,2026-05-18,5,Mayo,21,Lunes,No,Sí,10:47,Media mañana,Ciudad Jardín,Mostrador,Café caliente,Chocolate caliente,S,1,6800,0,6800,Efectivo,Recurrente,45-54,3.3,,,23.0,Sí
104133,2026-05-18,5,Mayo,21,Lunes,No,Sí,11:23,Media mañana,San Antonio,Domicilio,Almuerzo,Bowl vegetariano,,1,22000,0,22000,Tarjeta débito,Nuevo,25-34,,,,23.0,Sí
104146,2026-05-18,5,Mayo,21,Lunes,No,Sí,11:38,Media mañana,El Peñón,Mostrador,Panadería,Muffin,,1,7000,0,7000,Efectivo,Nuevo,45-54,5.1,,,23.0,Sí
104124,2026-05-18,5,Mayo,21,Lunes,No,Sí,11:57,Media mañana,Granada,Mostrador,Almuerzo,Ensalada César,,1,19500,0,19500,Efectivo,Nuevo,18-24,8.6,,,23.0,Sí
104147,2026-05-18,5,Mayo,21,Lunes,No,Sí,12:03,Almuerzo,El Peñón,Mostrador,Café caliente,Americano,M,1,5500,0,5500,Efectivo,Recurrente,18-24,5.1,4,,23.0,Sí
104136,2026-05-18,5,Mayo,21,Lunes,No,Sí,12:45,Almuerzo,San Antonio,Domicilio,Almuerzo,Wrap de pollo,,3,18500,0,55500,Tarjeta débito,Recurrente,25-34,,,,23.0,Sí
104155,2026-05-18,5,Mayo,21,Lunes,No,Sí,13:11,Almuerzo,El Peñón,Mostrador,Café caliente,Americano,L,1,6900,5,6600,Tarjeta crédito,Fidelizado,25-34,7.5,4,Muy buen café,23.0,Sí
104153,2026-05-18,5,Mayo,21,Lunes,No,Sí,13:16,Almuerzo,El Peñón,Domicilio,Almuerzo,Wrap de pollo,,3,18500,0,55500,Efectivo,Recurrente,25-34,,,,23.0,Sí
104130,2026-05-18,5,Mayo,21,Lunes,No,Sí,13:24,Almuerzo,San Antonio,Domicilio,Almuerzo,Ensalada César,,1,19500,5,18500,Tarjeta crédito,Fidelizado,18-24,,,,23.0,Sí
104126,2026-05-18,5,Mayo,21,Lunes,No,Sí,13:28,Almuerzo,Granada,Domicilio,Café caliente,Tinto,M,1,3500,0,3500,Billetera digital,Recurrente,25-34,,,,23.0,Sí
104131,2026-05-18,5,Mayo,21,Lunes,No,Sí,13:51,Almuerzo,San Antonio,Domicilio,Almuerzo,Bowl vegetariano,,2,22000,5,41800,Billetera digital,Fidelizado,35-44,,4,,23.0,Sí
104137,2026-05-18,5,Mayo,21,Lunes,No,Sí,13:53,Almuerzo,San Antonio,Mostrador,Panadería,Buñuelo,,1,2200,5,2100,Tarjeta débito,Fidelizado,25-34,5.5,5,Buen precio por el tamaño,23.0,Sí
104148,2026-05-18,5,Mayo,21,Lunes,No,Sí,14:53,Tarde,El Peñón,Mostrador,Café caliente,Tinto,M,1,3500,0,3500,Tarjeta débito,Nuevo,45-54,2.7,,,23.0,Sí
104150,2026-05-18,5,Mayo,21,Lunes,No,Sí,16:22,Tarde,El Peñón,App,Café caliente,Capuchino,M,2,8500,15,14400,Tarjeta crédito,Recurrente,55 o más,1.2,,,23.0,Sí
104142,2026-05-18,5,Mayo,21,Lunes,No,Sí,16:36,Tarde,Ciudad Jardín,Mostrador,Almuerzo,Sándwich cubano,,1,21000,0,21000,Tarjeta débito,Recurrente,55 o más,3.0,,,23.0,Sí
104132,2026-05-18,5,Mayo,21,Lunes,No,Sí,16:47,Tarde,San Antonio,Mostrador,Café caliente,Americano,M,2,5500,5,10400,Efectivo,Fidelizado,55 o más,4.6,5,,23.0,Sí
104138,2026-05-18,5,Mayo,21,Lunes,No,Sí,16:49,Tarde,San Antonio,Mostrador,Snacks,Empanada,,1,3500,0,3500,Tarjeta crédito,Nuevo,18-24,4.6,,,23.0,Sí
104141,2026-05-18,5,Mayo,21,Lunes,No,Sí,18:08,Noche,Ciudad Jardín,App,Panadería,Pandebono,,2,2500,15,4200,Tarjeta débito,Fidelizado,45-54,1.8,5,El pandebono estaba recién hecho,23.0,Sí
104125,2026-05-18,5,Mayo,21,Lunes,No,Sí,18:38,Noche,Granada,Domicilio,Café caliente,Americano,S,1,4700,0,4700,Tarjeta crédito,Recurrente,18-24,,,,23.0,Sí
104152,2026-05-18,5,Mayo,21,Lunes,No,Sí,19:23,Noche,El Peñón,Domicilio,Almuerzo,Wrap de pollo,,3,18500,0,55500,Billetera digital,Recurrente,18-24,,5,,23.0,Sí
104140,2026-05-18,5,Mayo,21,Lunes,No,Sí,20:54,Noche,San Antonio,Domicilio,Café caliente,Americano,M,1,5500,0,5500,Billetera digital,Recurrente,35-44,,,,23.0,Sí
104162,2026-05-19,5,Mayo,21,Martes,No,No,06:16,Mañana,Centro,Domicilio,Café caliente,Mocaccino,M,3,9500,0,28500,Tarjeta crédito,Recurrente,45-54,,,,27.0,No
104159,2026-05-19,5,Mayo,21,Martes,No,No,06:37,Mañana,Centro,Mostrador,Panadería,Pandebono,,1,2500,0,2500,Efectivo,Recurrente,45-54,7.4,,,27.0,No
104161,2026-05-19,5,Mayo,21,Martes,No,No,06:50,Mañana,Centro,Mostrador,Panadería,Muffin,,1,7000,5,6600,Tarjeta débito,Fidelizado,18-24,6.4,,,27.0,No
104158,2026-05-19,5,Mayo,21,Martes,No,No,06:51,Mañana,Centro,Mostrador,Panadería,Croissant,,2,6500,0,13000,Billetera digital,Recurrente,25-34,7.7,3,,27.0,No
104180,2026-05-19,5,Mayo,21,Martes,No,No,07:02,Mañana,El Peñón,Mostrador,Café caliente,Chocolate caliente,L,1,10000,5,9500,Tarjeta crédito,Fidelizado,25-34,6.1,3,,27.0,No
104177,2026-05-19,5,Mayo,21,Martes,No,No,07:15,Mañana,El Peñón,Mostrador,Panadería,Croissant,,2,6500,0,13000,Efectivo,Recurrente,35-44,6.4,4,,27.0,No
104160,2026-05-19,5,Mayo,21,Martes,No,No,07:43,Mañana,Centro,App,Bebida fría,Jugo natural,M,2,8500,15,14400,Billetera digital,Nuevo,35-44,3.7,4,,27.0,No
104165,2026-05-19,5,Mayo,21,Martes,No,No,09:48,Mañana,Granada,App,Panadería,Croissant,,1,6500,15,5500,Tarjeta crédito,Fidelizado,25-34,2.1,5,Muy buen café,27.0,No
104178,2026-05-19,5,Mayo,21,Martes,No,No,09:55,Mañana,El Peñón,Mostrador,Café caliente,Mocaccino,S,3,8100,5,23100,Billetera digital,Fidelizado,25-34,2.4,4,,27.0,No
104168,2026-05-19,5,Mayo,21,Martes,No,No,09:56,Mañana,Granada,Mostrador,Café caliente,Americano,M,2,5500,0,11000,Efectivo,Nuevo,18-24,6.0,3,Aceptable,27.0,No
104157,2026-05-19,5,Mayo,21,Martes,No,No,10:17,Media mañana,Centro,Mostrador,Snacks,Empanada,,1,3500,5,3300,Efectivo,Fidelizado,35-44,2.2,4,,27.0,No
104174,2026-05-19,5,Mayo,21,Martes,No,No,10:56,Media mañana,El Peñón,Mostrador,Panadería,Croissant,,1,6500,5,6200,Efectivo,Fidelizado,45-54,2.4,,,27.0,No
104175,2026-05-19,5,Mayo,21,Martes,No,No,11:05,Media mañana,El Peñón,Mostrador,Bebida fría,Limonada de coco,L,3,13800,0,41400,Tarjeta débito,Nuevo,35-44,2.4,,,27.0,No
105636,2026-05-19,5,Mayo,21,Martes,No,No,11:30,Media mañana,Centro,Domicilio,Almuerzo,Ensalada César,,52,19500,10,912600,Tarjeta crédito,Fidelizado,35-44,,,Pedido corporativo,27.0,No
104164,2026-05-19,5,Mayo,21,Martes,No,No,13:43,Almuerzo,Granada,Mostrador,Almuerzo,Wrap de pollo,,3,18500,5,52700,Tarjeta débito,Fidelizado,25-34,7.1,3,,27.0,No
104179,2026-05-19,5,Mayo,21,Martes,No,No,14:07,Tarde,El Peñón,Mostrador,Snacks,Empanada,,1,3500,0,3500,Tarjeta crédito,Nuevo,25-34,6.6,,,27.0,No
104181,2026-05-19,5,Mayo,21,Martes,No,No,15:03,Tarde,El Peñón,Domicilio,Bebida fría,Limonada de coco,L,2,13800,0,27600,Tarjeta débito,Recurrente,18-24,,,,27.0,No
104176,2026-05-19,5,Mayo,21,Martes,No,No,15:09,Tarde,El Peñón,App,Café caliente,Americano,S,2,4700,15,8000,Tarjeta débito,Recurrente,25-34,2.3,,,27.0,No
104156,2026-05-19,5,Mayo,21,Martes,No,No,15:31,Tarde,Centro,App,Panadería,Croissant,,1,6500,15,5500,Tarjeta débito,Recurrente,25-34,1.2,5,Rápido y amable,27.0,No
104171,2026-05-19,5,Mayo,21,Martes,No,No,16:02,Tarde,San Antonio,Mostrador,Café caliente,Tinto,S,2,3000,0,6000,Efectivo,Recurrente,45-54,1.6,,,27.0,No
104167,2026-05-19,5,Mayo,21,Martes,No,No,16:04,Tarde,Granada,App,Bebida fría,Limonada de coco,S,1,9400,15,8000,Tarjeta crédito,Fidelizado,25-34,3.9,4,El pandebono estaba recién hecho,27.0,No
104183,2026-05-19,5,Mayo,21,Martes,No,No,16:40,Tarde,El Peñón,App,Panadería,Torta de zanahoria,,2,9000,15,15300,Billetera digital,Recurrente,35-44,1.5,3,,27.0,No
104169,2026-05-19,5,Mayo,21,Martes,No,No,17:09,Tarde,San Antonio,Mostrador,Panadería,Buñuelo,,2,2200,5,4200,Billetera digital,Fidelizado,25-34,2.4,,,27.0,No
104163,2026-05-19,5,Mayo,21,Martes,No,No,18:08,Noche,Granada,Mostrador,Snacks,Papas de paquete,,1,5000,0,5000,Efectivo,Nuevo,18-24,3.5,4,Buen precio por el tamaño,27.0,No
104182,2026-05-19,5,Mayo,21,Martes,No,No,18:54,Noche,El Peñón,App,Panadería,Buñuelo,,1,2200,15,1900,Billetera digital,Recurrente,25-34,1.0,,,27.0,No
104170,2026-05-19,5,Mayo,21,Martes,No,No,19:18,Noche,San Antonio,Mostrador,Café caliente,Capuchino,L,4,10600,5,40300,Efectivo,Fidelizado,18-24,2.7,4,,27.0,No
104173,2026-05-19,5,Mayo,21,Martes,No,No,19:25,Noche,San Antonio,Mostrador,Café caliente,Latte,S,1,7600,0,7600,Billetera digital,Nuevo,35-44,4.2,,,27.0,No
104166,2026-05-19,5,Mayo,21,Martes,No,No,20:13,Noche,Granada,Mostrador,Panadería,Pandebono,,1,2500,0,2500,Tarjeta débito,Nuevo,Menos de 18,3.0,,,27.0,No
104172,2026-05-19,5,Mayo,21,Martes,No,No,20:15,Noche,San Antonio,App,Bebida fría,Cold brew,L,1,13100,15,11100,Billetera digital,Fidelizado,18-24,1.6,,,27.0,No
104205,2026-05-20,5,Mayo,21,Miércoles,No,No,06:04,Mañana,Granada,App,Café caliente,Tinto,M,1,3500,15,3000,Tarjeta crédito,Recurrente,35-44,2.5,,,29.1,No
104212,2026-05-20,5,Mayo,21,Miércoles,No,No,06:06,Mañana,Ciudad Jardín,App,Café caliente,Tinto,L,2,4400,15,7500,Billetera digital,Fidelizado,55 o más,1.9,,,29.1,No
104190,2026-05-20,5,Mayo,21,Miércoles,No,No,06:10,Mañana,Centro,Mostrador,Panadería,Croissant,,1,6500,0,6500,Tarjeta débito,Recurrente,25-34,11.0,,,29.1,No
104201,2026-05-20,5,Mayo,21,Miércoles,No,No,06:57,Mañana,Granada,Mostrador,Café caliente,Americano,M,1,5500,5,5200,Billetera digital,Fidelizado,35-44,3.8,,,29.1,No
104200,2026-05-20,5,Mayo,21,Miércoles,No,No,06:58,Mañana,Granada,Mostrador,Café caliente,Americano,M,2,5500,5,10400,Billetera digital,Fidelizado,18-24,1.8,,,29.1,No
104196,2026-05-20,5,Mayo,21,Miércoles,No,No,07:15,Mañana,Centro,Mostrador,Café caliente,Tinto,M,2,3500,5,6600,Efectivo,Fidelizado,35-44,6.8,,,29.1,No
104193,2026-05-20,5,Mayo,21,Miércoles,No,No,07:40,Mañana,Centro,App,Café caliente,Tinto,M,1,3500,15,3000,Billetera digital,Recurrente,35-44,2.3,4,Me encanta el ambiente,29.1,No
104188,2026-05-20,5,Mayo,21,Miércoles,No,No,08:17,Mañana,Centro,Mostrador,Café caliente,Mocaccino,L,1,11900,5,11300,Efectivo,Fidelizado,18-24,4.5,5,,29.1,No
104192,2026-05-20,5,Mayo,21,Miércoles,No,No,09:07,Mañana,Centro,Mostrador,Café caliente,Chocolate caliente,L,2,10000,0,20000,Billetera digital,Recurrente,18-24,13.0,,,29.1,No
104213,2026-05-20,5,Mayo,21,Miércoles,No,No,09:28,Mañana,Ciudad Jardín,Mostrador,Panadería,Pandebono,,1,2500,0,2500,Tarjeta débito,Recurrente,45-54,3.2,,,29.1,No
104203,2026-05-20,5,Mayo,21,Miércoles,No,No,09:30,Mañana,Granada,App,Snacks,Galletas,,1,4500,15,3800,Billetera digital,Nuevo,25-34,1.3,,,29.1,No
104208,2026-05-20,5,Mayo,21,Miércoles,No,No,09:41,Mañana,San Antonio,App,Bebida fría,Frappé de café,S,1,10600,15,9000,Tarjeta débito,Recurrente,35-44,1.6,5,,29.1,No
104198,2026-05-20,5,Mayo,21,Miércoles,No,No,10:52,Media mañana,Granada,Mostrador,Café caliente,Chocolate caliente,L,2,10000,5,19000,Efectivo,Fidelizado,35-44,4.2,4,,29.1,No
104199,2026-05-20,5,Mayo,21,Miércoles,No,No,11:13,Media mañana,Granada,App,Snacks,Galletas,,2,4500,15,7600,Billetera digital,Fidelizado,35-44,2.2,,,29.1,No
104197,2026-05-20,5,Mayo,21,Miércoles,No,No,11:27,Media mañana,Centro,App,Café caliente,Capuchino,L,1,10600,15,9000,Tarjeta débito,Recurrente,18-24,1.8,4,,29.1,No
104184,2026-05-20,5,Mayo,21,Miércoles,No,No,11:34,Media mañana,Centro,Domicilio,Café caliente,Tinto,S,1,3000,5,2800,Tarjeta débito,Fidelizado,25-34,,4,,29.1,No
104209,2026-05-20,5,Mayo,21,Miércoles,No,No,12:14,Almuerzo,San Antonio,App,Almuerzo,Sándwich cubano,,4,21000,15,71400,Tarjeta crédito,Recurrente,18-24,1.5,,,29.1,No
104206,2026-05-20,5,Mayo,21,Miércoles,No,No,12:19,Almuerzo,Granada,Mostrador,Bebida fría,Frappé de café,M,4,12500,0,50000,Tarjeta crédito,Nuevo,25-34,4.9,,,29.1,No
104185,2026-05-20,5,Mayo,21,Miércoles,No,No,12:24,Almuerzo,Centro,App,Snacks,Galletas,,1,4500,15,3800,Tarjeta crédito,Recurrente,25-34,5.3,3,Aceptable,29.1,No
104186,2026-05-20,5,Mayo,21,Miércoles,No,No,12:28,Almuerzo,Centro,Mostrador,Café caliente,Capuchino,L,1,10600,0,10600,Efectivo,Recurrente,45-54,10.2,,,29.1,No
104216,2026-05-20,5,Mayo,21,Miércoles,No,No,12:29,Almuerzo,Ciudad Jardín,Mostrador,Café caliente,Tinto,M,2,3500,0,7000,Efectivo,Recurrente,45-54,7.6,,,29.1,No
104194,2026-05-20,5,Mayo,21,Miércoles,No,No,12:32,Almuerzo,Centro,Mostrador,Panadería,Buñuelo,,4,2200,0,8800,Tarjeta débito,Recurrente,35-44,9.3,,,29.1,No
104210,2026-05-20,5,Mayo,21,Miércoles,No,No,13:09,Almuerzo,San Antonio,Mostrador,Almuerzo,Ensalada César,,2,19500,5,37000,Tarjeta crédito,Fidelizado,45-54,4.9,,,29.1,No
104195,2026-05-20,5,Mayo,21,Miércoles,No,No,13:56,Almuerzo,Centro,Mostrador,Almuerzo,Wrap de pollo,,1,18500,0,18500,Tarjeta débito,Nuevo,35-44,11.3,,,29.1,No
104214,2026-05-20,5,Mayo,21,Miércoles,No,No,14:28,Tarde,Ciudad Jardín,App,Bebida fría,Frappé de café,M,2,12500,15,21200,Tarjeta débito,Recurrente,18-24,2.1,4,Volveré pronto,29.1,No
104220,2026-05-20,5,Mayo,21,Miércoles,No,No,14:35,Tarde,El Peñón,App,Bebida fría,Jugo natural,S,1,7200,15,6100,Billetera digital,Nuevo,35-44,0.5,,,29.1,No
104189,2026-05-20,5,Mayo,21,Miércoles,No,No,15:02,Tarde,Centro,Mostrador,Bebida fría,Frappé de café,L,1,15600,0,15600,Efectivo,Recurrente,25-34,8.6,5,,29.1,No
104207,2026-05-20,5,Mayo,21,Miércoles,No,No,15:46,Tarde,Granada,Domicilio,Panadería,Pandebono,,1,2500,0,2500,Tarjeta débito,Recurrente,25-34,,,,29.1,No
104215,2026-05-20,5,Mayo,21,Miércoles,No,No,16:06,Tarde,Ciudad Jardín,Mostrador,Café caliente,Americano,M,4,5500,5,20900,Tarjeta débito,Fidelizado,45-54,3.7,,,29.1,No
104202,2026-05-20,5,Mayo,21,Miércoles,No,No,17:15,Tarde,Granada,Mostrador,Panadería,Pandebono,,1,2500,0,2500,Efectivo,Recurrente,25-34,2.7,5,,29.1,No
104187,2026-05-20,5,Mayo,21,Miércoles,No,No,17:22,Tarde,Centro,App,Café caliente,Americano,S,2,4700,15,8000,Billetera digital,Recurrente,18-24,1.3,,,29.1,No
104204,2026-05-20,5,Mayo,21,Miércoles,No,No,18:58,Noche,Granada,Mostrador,Café caliente,Mocaccino,L,1,11900,0,11900,Billetera digital,Recurrente,25-34,2.4,,,29.1,No
104191,2026-05-20,5,Mayo,21,Miércoles,No,No,19:16,Noche,Centro,App,Almuerzo,Ensalada César,,2,19500,15,33200,Tarjeta crédito,Fidelizado,25-34,2.4,4,,29.1,No
104218,2026-05-20,5,Mayo,21,Miércoles,No,No,20:00,Noche,El Peñón,App,Snacks,Empanada,,3,3500,15,8900,Billetera digital,Fidelizado,18-24,1.0,,,29.1,No
104217,2026-05-20,5,Mayo,21,Miércoles,No,No,20:42,Noche,El Peñón,Mostrador,Café caliente,Tinto,S,1,3000,5,2800,Billetera digital,Fidelizado,18-24,2.9,5,La app funciona bien,29.1,No
104219,2026-05-20,5,Mayo,21,Miércoles,No,No,20:50,Noche,El Peñón,App,Bebida fría,Jugo natural,M,2,8500,15,14400,Billetera digital,Fidelizado,18-24,2.5,,,29.1,No
104211,2026-05-20,5,Mayo,21,Miércoles,No,No,20:57,Noche,San Antonio,Mostrador,Café caliente,Americano,L,1,6900,0,6900,Efectivo,Nuevo,25-34,6.0,,,29.1,No
104233,2026-05-21,5,Mayo,21,Jueves,No,No,06:12,Mañana,Centro,App,Café caliente,Mocaccino,M,2,9500,15,16200,Tarjeta débito,Recurrente,18-24,4.3,4,La app funciona bien,27.7,No
104244,2026-05-21,5,Mayo,21,Jueves,No,No,06:39,Mañana,San Antonio,Mostrador,Café caliente,Latte,M,2,9000,5,17100,Tarjeta débito,Fidelizado,18-24,3.4,,,27.7,No
104232,2026-05-21,5,Mayo,21,Jueves,No,No,06:47,Mañana,Centro,App,Café caliente,Tinto,M,2,3500,15,6000,Tarjeta crédito,Recurrente,18-24,5.6,,,27.7,No
104222,2026-05-21,5,Mayo,21,Jueves,No,No,07:41,Mañana,Centro,Mostrador,Panadería,Torta de zanahoria,,2,9000,0,18000,Efectivo,Recurrente,35-44,10.3,,,27.7,No
104240,2026-05-21,5,Mayo,21,Jueves,No,No,08:43,Mañana,Granada,Mostrador,Café caliente,Americano,M,1,5500,0,5500,Efectivo,Recurrente,35-44,5.3,,,27.7,No
104239,2026-05-21,5,Mayo,21,Jueves,No,No,08:48,Mañana,Granada,App,Snacks,Galletas,,3,4500,15,11500,Tarjeta crédito,Fidelizado,25-34,1.6,,,27.7,No
104237,2026-05-21,5,Mayo,21,Jueves,No,No,09:24,Mañana,Granada,Mostrador,Snacks,Empanada,,1,3500,0,3500,Tarjeta débito,Recurrente,18-24,5.7,,,27.7,No
104254,2026-05-21,5,Mayo,21,Jueves,No,No,10:30,Media mañana,El Peñón,Mostrador,Bebida fría,Frappé de café,M,1,12500,0,12500,Tarjeta crédito,Nuevo,45-54,5.6,,,27.7,No
104226,2026-05-21,5,Mayo,21,Jueves,No,No,10:48,Media mañana,Centro,Mostrador,Panadería,Croissant,,1,6500,0,6500,Tarjeta débito,Nuevo,25-34,1.4,5,,27.7,No
104230,2026-05-21,5,Mayo,21,Jueves,No,No,11:29,Media mañana,Centro,App,Café caliente,Americano,M,1,5500,15,4700,Tarjeta débito,Fidelizado,25-34,3.9,,,27.7,No
104236,2026-05-21,5,Mayo,21,Jueves,No,No,11:32,Media mañana,Granada,Mostrador,Snacks,Empanada,,1,3500,0,3500,Efectivo,Nuevo,45-54,3.2,,,27.7,No
104247,2026-05-21,5,Mayo,21,Jueves,No,No,11:36,Media mañana,San Antonio,App,Panadería,Croissant,,1,6500,15,5500,Tarjeta crédito,Fidelizado,18-24,1.6,,,27.7,No
104253,2026-05-21,5,Mayo,21,Jueves,No,No,11:54,Media mañana,El Peñón,Mostrador,Snacks,Empanada,,1,3500,0,3500,Efectivo,Recurrente,45-54,3.3,,,27.7,No
104224,2026-05-21,5,Mayo,21,Jueves,No,No,12:03,Almuerzo,Centro,Mostrador,Almuerzo,Wrap de pollo,,3,18500,0,55500,Tarjeta débito,Recurrente,18-24,9.2,,,27.7,No
104248,2026-05-21,5,Mayo,21,Jueves,No,No,12:04,Almuerzo,Ciudad Jardín,Mostrador,Almuerzo,Ensalada César,,1,19500,5,18500,Tarjeta crédito,Fidelizado,45-54,8.7,4,,27.7,No
104255,2026-05-21,5,Mayo,21,Jueves,No,No,12:32,Almuerzo,El Peñón,Mostrador,Almuerzo,Ensalada César,,3,19500,0,58500,Efectivo,Nuevo,35-44,3.9,,,27.7,No
104227,2026-05-21,5,Mayo,21,Jueves,No,No,12:35,Almuerzo,Centro,Mostrador,Café caliente,Tinto,M,1,3500,5,3300,Tarjeta crédito,Fidelizado,18-24,16.1,2,,27.7,No
104238,2026-05-21,5,Mayo,21,Jueves,No,No,12:50,Almuerzo,Granada,App,Almuerzo,Wrap de pollo,,4,18500,15,62900,Tarjeta débito,Fidelizado,18-24,3.1,4,,27.7,No
104225,2026-05-21,5,Mayo,21,Jueves,No,No,12:52,Almuerzo,Centro,Domicilio,Almuerzo,Wrap de pollo,,3,18500,0,55500,Efectivo,Recurrente,18-24,,,,27.7,No
104223,2026-05-21,5,Mayo,21,Jueves,No,No,12:58,Almuerzo,Centro,App,Almuerzo,Bowl vegetariano,,3,22000,15,56100,Billetera digital,Nuevo,45-54,9.1,3,,27.7,No
104229,2026-05-21,5,Mayo,21,Jueves,No,No,13:05,Almuerzo,Centro,Mostrador,Almuerzo,Ensalada César,,3,19500,0,58500,Efectivo,Recurrente,55 o más,17.2,,,27.7,No
104245,2026-05-21,5,Mayo,21,Jueves,No,No,13:26,Almuerzo,San Antonio,Mostrador,Snacks,Empanada,,2,3500,5,6600,Tarjeta crédito,Fidelizado,18-24,5.3,,,27.7,No
104252,2026-05-21,5,Mayo,21,Jueves,No,No,13:26,Almuerzo,El Peñón,App,Snacks,Papas de paquete,,2,5000,15,8500,Tarjeta crédito,Fidelizado,25-34,3.4,,,27.7,No
104256,2026-05-21,5,Mayo,21,Jueves,No,No,13:26,Almuerzo,El Peñón,Domicilio,Bebida fría,Frappé de café,S,1,10600,0,10600,Tarjeta crédito,Recurrente,18-24,,,,27.7,No
104234,2026-05-21,5,Mayo,21,Jueves,No,No,14:33,Tarde,Granada,Mostrador,Bebida fría,Jugo natural,L,1,10600,0,10600,Tarjeta débito,Nuevo,45-54,4.6,4,La app funciona bien,27.7,No
104251,2026-05-21,5,Mayo,21,Jueves,No,No,14:46,Tarde,Ciudad Jardín,Mostrador,Café caliente,Tinto,S,2,3000,5,5700,Tarjeta crédito,Fidelizado,35-44,3.1,,,27.7,No
104221,2026-05-21,5,Mayo,21,Jueves,No,No,14:54,Tarde,Centro,Mostrador,Bebida fría,Té helado,L,3,9400,0,28200,Tarjeta crédito,Recurrente,45-54,3.3,5,La app funciona bien,27.7,No
104249,2026-05-21,5,Mayo,21,Jueves,No,No,15:13,Tarde,Ciudad Jardín,Mostrador,Café caliente,Chocolate caliente,M,2,8000,0,16000,Billetera digital,Recurrente,18-24,2.1,5,Volveré pronto,27.7,No
104243,2026-05-21,5,Mayo,21,Jueves,No,No,15:21,Tarde,San Antonio,Mostrador,Panadería,Pandebono,,2,2500,5,4800,Billetera digital,Fidelizado,18-24,3.8,5,,27.7,No
104242,2026-05-21,5,Mayo,21,Jueves,No,No,15:28,Tarde,San Antonio,App,Snacks,Papas de paquete,,2,5000,15,8500,Tarjeta crédito,Fidelizado,18-24,1.6,5,,27.7,No
104246,2026-05-21,5,Mayo,21,Jueves,No,No,16:36,Tarde,San Antonio,Mostrador,Café caliente,Americano,S,3,4700,5,13400,Tarjeta débito,Fidelizado,45-54,3.7,5,,27.7,No
104228,2026-05-21,5,Mayo,21,Jueves,No,No,17:13,Tarde,Centro,App,Café caliente,Tinto,M,2,3500,15,6000,Tarjeta crédito,Recurrente,25-34,1.2,,,27.7,No
104241,2026-05-21,5,Mayo,21,Jueves,No,No,17:35,Tarde,San Antonio,App,Panadería,Pandebono,,2,2500,15,4200,Tarjeta crédito,Recurrente,25-34,1.9,,,27.7,No
104235,2026-05-21,5,Mayo,21,Jueves,No,No,18:18,Noche,Granada,Domicilio,Café caliente,Latte,M,2,9000,0,18000,Tarjeta débito,Nuevo,18-24,,,,27.7,No
104231,2026-05-21,5,Mayo,21,Jueves,No,No,18:59,Noche,Centro,App,Café caliente,Americano,M,2,5500,15,9400,Tarjeta crédito,Recurrente,Menos de 18,1.1,4,,27.7,No
104250,2026-05-21,5,Mayo,21,Jueves,No,No,20:34,Noche,Ciudad Jardín,App,Panadería,Croissant,,2,6500,15,11000,Billetera digital,Fidelizado,35-44,0.9,,,27.7,No
104261,2026-05-22,5,Mayo,21,Viernes,No,No,06:21,Mañana,Centro,Domicilio,Café caliente,Tinto,M,1,3500,0,3500,Efectivo,Recurrente,35-44,,5,,24.1,Sí
104280,2026-05-22,5,Mayo,21,Viernes,No,No,07:57,Mañana,Ciudad Jardín,Domicilio,Snacks,Empanada,,2,3500,0,7000,Billetera digital,Nuevo,25-34,,4,,24.1,Sí
104262,2026-05-22,5,Mayo,21,Viernes,No,No,08:39,Mañana,Centro,Domicilio,Café caliente,Capuchino,M,2,8500,0,17000,Tarjeta débito,Recurrente,55 o más,,,,24.1,Sí
104265,2026-05-22,5,Mayo,21,Viernes,No,No,09:02,Mañana,Centro,Domicilio,Snacks,Empanada,,3,3500,0,10500,Billetera digital,Nuevo,25-34,,,,24.1,Sí
104260,2026-05-22,5,Mayo,21,Viernes,No,No,09:18,Mañana,Centro,Domicilio,Café caliente,Americano,M,2,5500,0,11000,Efectivo,Recurrente,45-54,,4,,24.1,Sí
104287,2026-05-22,5,Mayo,21,Viernes,No,No,09:39,Mañana,El Peñón,App,Panadería,Croissant,,2,6500,15,11000,Billetera digital,Nuevo,25-34,2.2,4,,24.1,Sí
104263,2026-05-22,5,Mayo,21,Viernes,No,No,09:56,Mañana,Centro,Mostrador,Panadería,Pandebono,,1,2500,0,2500,Efectivo,Recurrente,18-24,16.6,3,,24.1,Sí
104258,2026-05-22,5,Mayo,21,Viernes,No,No,10:42,Media mañana,Centro,App,Panadería,Pandebono,,1,2500,15,2100,Tarjeta crédito,Recurrente,35-44,3.3,,,24.1,Sí
104257,2026-05-22,5,Mayo,21,Viernes,No,No,11:12,Media mañana,Centro,Mostrador,Café caliente,Tinto,S,2,3000,0,6000,Efectivo,Nuevo,18-24,2.6,4,Rápido y amable,24.1,Sí
104271,2026-05-22,5,Mayo,21,Viernes,No,No,11:46,Media mañana,San Antonio,Mostrador,Café caliente,Capuchino,M,2,8500,0,17000,Tarjeta crédito,Nuevo,55 o más,2.4,5,Volveré pronto,24.1,Sí
104272,2026-05-22,5,Mayo,21,Viernes,No,No,12:12,Almuerzo,San Antonio,Mostrador,Snacks,Papas de paquete,,4,5000,0,20000,Tarjeta débito,Recurrente,55 o más,10.3,4,,24.1,Sí
104259,2026-05-22,5,Mayo,21,Viernes,No,No,12:16,Almuerzo,Centro,Mostrador,Bebida fría,Jugo natural,M,1,8500,0,8500,Efectivo,Nuevo,25-34,7.2,,,24.1,Sí
104270,2026-05-22,5,Mayo,21,Viernes,No,No,12:27,Almuerzo,San Antonio,Mostrador,Almuerzo,Wrap de pollo,,3,18500,0,55500,Tarjeta crédito,Nuevo,35-44,4.9,,,24.1,Sí
104273,2026-05-22,5,Mayo,21,Viernes,No,No,12:32,Almuerzo,San Antonio,Domicilio,Almuerzo,Ensalada César,,4,19500,5,74100,Billetera digital,Fidelizado,35-44,,,,24.1,Sí
104285,2026-05-22,5,Mayo,21,Viernes,No,No,12:51,Almuerzo,El Peñón,App,Café caliente,Latte,L,4,11200,15,38100,Tarjeta débito,Recurrente,35-44,2.5,5,,24.1,Sí
104276,2026-05-22,5,Mayo,21,Viernes,No,No,13:03,Almuerzo,San Antonio,Mostrador,Almuerzo,Sándwich cubano,,1,21000,0,21000,Tarjeta crédito,Recurrente,18-24,4.5,,,24.1,Sí
104279,2026-05-22,5,Mayo,21,Viernes,No,No,13:23,Almuerzo,Ciudad Jardín,Domicilio,Almuerzo,Ensalada César,,1,19500,0,19500,Tarjeta débito,Nuevo,35-44,,,,24.1,Sí
104278,2026-05-22,5,Mayo,21,Viernes,No,No,13:25,Almuerzo,Ciudad Jardín,Domicilio,Café caliente,Tinto,L,5,4400,0,22000,Billetera digital,Nuevo,35-44,,,,24.1,Sí
104266,2026-05-22,5,Mayo,21,Viernes,No,No,13:36,Almuerzo,Granada,Mostrador,Almuerzo,Ensalada César,,2,19500,5,37000,Efectivo,Fidelizado,35-44,10.4,,,24.1,Sí
104283,2026-05-22,5,Mayo,21,Viernes,No,No,13:39,Almuerzo,El Peñón,Domicilio,Café caliente,Tinto,S,1,3000,0,3000,Tarjeta débito,Nuevo,18-24,,3,,24.1,Sí
104267,2026-05-22,5,Mayo,21,Viernes,No,No,14:22,Tarde,Granada,App,Café caliente,Tinto,L,2,4400,15,7500,Tarjeta crédito,Fidelizado,25-34,1.5,,,24.1,Sí
104286,2026-05-22,5,Mayo,21,Viernes,No,No,15:14,Tarde,El Peñón,Domicilio,Café caliente,Tinto,M,1,3500,0,3500,Efectivo,Nuevo,45-54,,,,24.1,Sí
104281,2026-05-22,5,Mayo,21,Viernes,No,No,15:30,Tarde,El Peñón,Mostrador,Panadería,Buñuelo,,1,2200,0,2200,Tarjeta crédito,Recurrente,35-44,2.6,,,24.1,Sí
104268,2026-05-22,5,Mayo,21,Viernes,No,No,15:34,Tarde,Granada,Mostrador,Snacks,Papas de paquete,,1,5000,0,5000,Tarjeta débito,Recurrente,Menos de 18,1.7,,,24.1,Sí
104284,2026-05-22,5,Mayo,21,Viernes,No,No,17:12,Tarde,El Peñón,Mostrador,Panadería,Pandebono,,1,2500,0,2500,Tarjeta débito,Recurrente,25-34,3.9,,,24.1,Sí
104277,2026-05-22,5,Mayo,21,Viernes,No,No,17:16,Tarde,San Antonio,Domicilio,Snacks,Empanada,,1,3500,5,3300,Billetera digital,Fidelizado,18-24,,3,,24.1,Sí
104269,2026-05-22,5,Mayo,21,Viernes,No,No,17:31,Tarde,Granada,App,Snacks,Papas de paquete,,1,5000,15,4200,Tarjeta crédito,Recurrente,25-34,1.5,,,24.1,Sí
104282,2026-05-22,5,Mayo,21,Viernes,No,No,17:41,Tarde,El Peñón,Domicilio,Panadería,Muffin,,2,7000,5,13300,Efectivo,Fidelizado,55 o más,,,,24.1,Sí
104274,2026-05-22,5,Mayo,21,Viernes,No,No,17:54,Tarde,San Antonio,Domicilio,Café caliente,Americano,M,4,5500,5,20900,Tarjeta crédito,Fidelizado,18-24,,,,24.1,Sí
104264,2026-05-22,5,Mayo,21,Viernes,No,No,18:16,Noche,Centro,Mostrador,Panadería,Torta de zanahoria,,1,9000,0,9000,Tarjeta crédito,Recurrente,35-44,3.9,,,24.1,Sí
104275,2026-05-22,5,Mayo,21,Viernes,No,No,19:31,Noche,San Antonio,Domicilio,Almuerzo,Wrap de pollo,,4,18500,5,70300,Tarjeta débito,Fidelizado,25-34,,5,La app funciona bien,24.1,Sí
104304,2026-05-23,5,Mayo,21,Sábado,Sí,No,07:01,Mañana,Granada,Mostrador,Café caliente,Capuchino,M,2,8500,0,17000,Billetera digital,Recurrente,35-44,11.7,,,28.3,No
104312,2026-05-23,5,Mayo,21,Sábado,Sí,No,07:07,Mañana,Ciudad Jardín,Mostrador,Café caliente,Tinto,M,3,3500,5,10000,Tarjeta crédito,Fidelizado,35-44,4.4,5,El pandebono estaba recién hecho,28.3,No
104298,2026-05-23,5,Mayo,21,Sábado,Sí,No,07:28,Mañana,Granada,Mostrador,Snacks,Papas de paquete,,3,5000,5,14200,Tarjeta débito,Fidelizado,25-34,1.7,,,28.3,No
104325,2026-05-23,5,Mayo,21,Sábado,Sí,No,07:37,Mañana,El Peñón,App,Café caliente,Mocaccino,M,2,9500,15,16200,Billetera digital,Recurrente,25-34,1.6,,,28.3,No
104311,2026-05-23,5,Mayo,21,Sábado,Sí,No,08:01,Mañana,Ciudad Jardín,Mostrador,Café caliente,Latte,S,2,7600,0,15200,Tarjeta débito,Nuevo,25-34,2.4,5,,28.3,No
104288,2026-05-23,5,Mayo,21,Sábado,Sí,No,08:03,Mañana,Centro,App,Snacks,Empanada,,1,3500,15,3000,Tarjeta débito,Fidelizado,25-34,1.3,,,28.3,No
104320,2026-05-23,5,Mayo,21,Sábado,Sí,No,08:05,Mañana,El Peñón,Mostrador,Café caliente,Capuchino,M,1,8500,0,8500,Tarjeta débito,Recurrente,45-54,3.8,,,28.3,No
104319,2026-05-23,5,Mayo,21,Sábado,Sí,No,08:22,Mañana,El Peñón,Mostrador,Café caliente,Tinto,S,3,3000,0,9000,Tarjeta crédito,Recurrente,18-24,2.5,,,28.3,No
104327,2026-05-23,5,Mayo,21,Sábado,Sí,No,08:24,Mañana,El Peñón,App,Café caliente,Tinto,M,2,3500,15,6000,Tarjeta crédito,Fidelizado,18-24,2.0,5,,28.3,No
104315,2026-05-23,5,Mayo,21,Sábado,Sí,No,09:01,Mañana,Ciudad Jardín,Mostrador,Bebida fría,Jugo natural,S,2,7200,0,14400,Tarjeta débito,Recurrente,35-44,5.8,,,28.3,No
104309,2026-05-23,5,Mayo,21,Sábado,Sí,No,09:20,Mañana,San Antonio,Mostrador,Café caliente,Capuchino,M,1,8500,0,8500,Efectivo,Recurrente,35-44,7.2,,,28.3,No
104307,2026-05-23,5,Mayo,21,Sábado,Sí,No,09:25,Mañana,San Antonio,Domicilio,Panadería,Buñuelo,,3,2200,0,6600,Billetera digital,Nuevo,18-24,,,,28.3,No
104317,2026-05-23,5,Mayo,21,Sábado,Sí,No,09:34,Mañana,Ciudad Jardín,Mostrador,Bebida fría,Cold brew,M,4,10500,0,42000,Tarjeta débito,Nuevo,55 o más,2.4,,,28.3,No
104297,2026-05-23,5,Mayo,21,Sábado,Sí,No,09:36,Mañana,Granada,Mostrador,Café caliente,Latte,L,3,11200,0,33600,Tarjeta crédito,Recurrente,18-24,6.4,,,28.3,No
104302,2026-05-23,5,Mayo,21,Sábado,Sí,No,10:14,Media mañana,Granada,App,Panadería,Buñuelo,,2,2200,15,3700,Billetera digital,Nuevo,35-44,1.4,4,,28.3,No
104326,2026-05-23,5,Mayo,21,Sábado,Sí,No,10:32,Media mañana,El Peñón,Domicilio,Snacks,Barra de granola,,1,5500,0,5500,Tarjeta débito,Nuevo,35-44,,,,28.3,No
104308,2026-05-23,5,Mayo,21,Sábado,Sí,No,10:55,Media mañana,San Antonio,Mostrador,Café caliente,Tinto,M,1,3500,0,3500,Tarjeta débito,Recurrente,25-34,2.2,4,,28.3,No
104303,2026-05-23,5,Mayo,21,Sábado,Sí,No,11:06,Media mañana,Granada,Domicilio,Café caliente,Americano,S,3,4700,5,13400,Tarjeta débito,Fidelizado,Menos de 18,,4,,28.3,No
104299,2026-05-23,5,Mayo,21,Sábado,Sí,No,11:24,Media mañana,Granada,App,Panadería,Muffin,,1,7000,15,6000,Tarjeta débito,Recurrente,25-34,2.3,,,28.3,No
104300,2026-05-23,5,Mayo,21,Sábado,Sí,No,11:32,Media mañana,Granada,Mostrador,Snacks,Empanada,,2,3500,5,6600,Efectivo,Fidelizado,45-54,4.0,4,Rápido y amable,28.3,No
104296,2026-05-23,5,Mayo,21,Sábado,Sí,No,11:34,Media mañana,Granada,Mostrador,Panadería,Pandebono,,3,2500,0,7500,Efectivo,Recurrente,25-34,4.5,,,28.3,No
104291,2026-05-23,5,Mayo,21,Sábado,Sí,No,11:45,Media mañana,Granada,Mostrador,Café caliente,Capuchino,M,1,8500,0,8500,Tarjeta débito,Recurrente,55 o más,9.7,,,28.3,No
104305,2026-05-23,5,Mayo,21,Sábado,Sí,No,12:26,Almuerzo,Granada,Mostrador,Panadería,Torta de zanahoria,,1,9000,0,9000,Billetera digital,Recurrente,35-44,4.4,5,Volveré pronto,28.3,No
104290,2026-05-23,5,Mayo,21,Sábado,Sí,No,12:40,Almuerzo,Centro,App,Bebida fría,Frappé de café,S,3,10600,15,27000,Tarjeta débito,Fidelizado,25-34,4.4,,,28.3,No
104313,2026-05-23,5,Mayo,21,Sábado,Sí,No,12:54,Almuerzo,Ciudad Jardín,Mostrador,Almuerzo,Sándwich cubano,,1,21000,0,21000,Efectivo,Recurrente,45-54,5.7,5,Muy buen café,28.3,No
104316,2026-05-23,5,Mayo,21,Sábado,Sí,No,12:56,Almuerzo,Ciudad Jardín,Mostrador,Almuerzo,Wrap de pollo,,2,18500,0,37000,Billetera digital,Nuevo,45-54,1.2,5,,28.3,No
104301,2026-05-23,5,Mayo,21,Sábado,Sí,No,13:04,Almuerzo,Granada,Mostrador,Panadería,Buñuelo,,2,2200,0,4400,Tarjeta crédito,Recurrente,25-34,3.1,4,Muy buen café,28.3,No
104293,2026-05-23,5,Mayo,21,Sábado,Sí,No,13:08,Almuerzo,Granada,Mostrador,Café caliente,Mocaccino,L,4,11900,0,47600,Billetera digital,Nuevo,25-34,6.3,,,28.3,No
104314,2026-05-23,5,Mayo,21,Sábado,Sí,No,13:13,Almuerzo,Ciudad Jardín,App,Panadería,Pandebono,,2,2500,15,4200,Tarjeta crédito,Recurrente,35-44,1.7,,,28.3,No
104321,2026-05-23,5,Mayo,21,Sábado,Sí,No,13:16,Almuerzo,El Peñón,Mostrador,Café caliente,Latte,L,2,11200,5,21300,Tarjeta crédito,Fidelizado,25-34,14.6,,,28.3,No
104306,2026-05-23,5,Mayo,21,Sábado,Sí,No,14:21,Tarde,San Antonio,Domicilio,Bebida fría,Jugo natural,L,3,10600,0,31800,Billetera digital,Nuevo,25-34,,,,28.3,No
104294,2026-05-23,5,Mayo,21,Sábado,Sí,No,15:19,Tarde,Granada,App,Bebida fría,Jugo natural,L,2,10600,15,18000,Tarjeta crédito,Nuevo,25-34,3.8,,,28.3,No
104295,2026-05-23,5,Mayo,21,Sábado,Sí,No,15:45,Tarde,Granada,App,Panadería,Muffin,,1,7000,15,6000,Billetera digital,Recurrente,18-24,1.2,,,28.3,No
104318,2026-05-23,5,Mayo,21,Sábado,Sí,No,15:47,Tarde,Ciudad Jardín,Mostrador,Bebida fría,Frappé de café,M,1,12500,0,12500,Efectivo,Recurrente,55 o más,7.3,,,28.3,No
104289,2026-05-23,5,Mayo,21,Sábado,Sí,No,15:59,Tarde,Centro,App,Bebida fría,Té helado,L,1,9400,15,8000,Billetera digital,Recurrente,25-34,2.2,,,28.3,No
104324,2026-05-23,5,Mayo,21,Sábado,Sí,No,16:39,Tarde,El Peñón,Mostrador,Panadería,Croissant,,1,6500,0,6500,Billetera digital,Recurrente,Menos de 18,2.8,,,28.3,No
104323,2026-05-23,5,Mayo,21,Sábado,Sí,No,19:37,Noche,El Peñón,Mostrador,Panadería,Pandebono,,1,2500,0,2500,Tarjeta débito,Nuevo,18-24,4.0,5,,28.3,No
104322,2026-05-23,5,Mayo,21,Sábado,Sí,No,19:39,Noche,El Peñón,App,Snacks,Papas de paquete,,1,5000,15,4200,Tarjeta crédito,Recurrente,18-24,2.6,,,28.3,No
104310,2026-05-23,5,Mayo,21,Sábado,Sí,No,20:25,Noche,San Antonio,Domicilio,Bebida fría,Frappé de café,M,1,12500,0,12500,Efectivo,Nuevo,25-34,,,,28.3,No
104292,2026-05-23,5,Mayo,21,Sábado,Sí,No,20:38,Noche,Granada,Mostrador,Bebida fría,Limonada de coco,L,1,13800,0,13800,Tarjeta crédito,Recurrente,18-24,2.2,,,28.3,No
104338,2026-05-24,5,Mayo,21,Domingo,Sí,No,06:02,Mañana,Granada,Mostrador,Café caliente,Mocaccino,S,1,8100,5,7700,Billetera digital,Fidelizado,25-34,2.7,,,28.6,No
104335,2026-05-24,5,Mayo,21,Domingo,Sí,No,06:20,Mañana,Granada,Mostrador,Café caliente,Tinto,M,2,3500,0,7000,Tarjeta crédito,Recurrente,35-44,5.4,,,28.6,No
104328,2026-05-24,5,Mayo,21,Domingo,Sí,No,06:58,Mañana,Granada,Mostrador,Panadería,Pandebono,,2,2500,5,4800,Efectivo,Fidelizado,35-44,5.8,,,28.6,No
104344,2026-05-24,5,Mayo,21,Domingo,Sí,No,07:51,Mañana,San Antonio,Domicilio,Café caliente,Americano,S,1,4700,5,4500,Billetera digital,Fidelizado,25-34,,5,,28.6,No
104349,2026-05-24,5,Mayo,21,Domingo,Sí,No,07:51,Mañana,San Antonio,Mostrador,Snacks,Empanada,,2,3500,0,7000,Tarjeta débito,Nuevo,35-44,3.2,,,28.6,No
104342,2026-05-24,5,Mayo,21,Domingo,Sí,No,07:53,Mañana,San Antonio,Mostrador,Café caliente,Chocolate caliente,S,1,6800,0,6800,Tarjeta crédito,Recurrente,18-24,5.2,,,28.6,No
104347,2026-05-24,5,Mayo,21,Domingo,Sí,No,08:38,Mañana,San Antonio,Mostrador,Panadería,Croissant,,1,6500,5,6200,Billetera digital,Fidelizado,18-24,7.4,4,,28.6,No
104330,2026-05-24,5,Mayo,21,Domingo,Sí,No,09:00,Mañana,Granada,App,Café caliente,Americano,M,2,5500,15,9400,Tarjeta débito,Fidelizado,25-34,2.4,5,Volveré pronto,28.6,No
104343,2026-05-24,5,Mayo,21,Domingo,Sí,No,09:06,Mañana,San Antonio,Mostrador,Café caliente,Capuchino,M,1,8500,0,8500,Billetera digital,Nuevo,25-34,5.3,,,28.6,No
104351,2026-05-24,5,Mayo,21,Domingo,Sí,No,10:08,Media mañana,Ciudad Jardín,Mostrador,Panadería,Pandebono,,2,2500,5,4800,Efectivo,Fidelizado,25-34,4.6,,,28.6,No
104345,2026-05-24,5,Mayo,21,Domingo,Sí,No,10:21,Media mañana,San Antonio,Domicilio,Panadería,Pandebono,,1,2500,0,2500,Tarjeta débito,Recurrente,35-44,,,,28.6,No
104337,2026-05-24,5,Mayo,21,Domingo,Sí,No,11:13,Media mañana,Granada,Mostrador,Bebida fría,Limonada de coco,L,2,13800,0,27600,Tarjeta débito,Recurrente,55 o más,7.4,,,28.6,No
104352,2026-05-24,5,Mayo,21,Domingo,Sí,No,11:27,Media mañana,Ciudad Jardín,Mostrador,Panadería,Buñuelo,,2,2200,0,4400,Efectivo,Recurrente,45-54,6.2,,,28.6,No
104339,2026-05-24,5,Mayo,21,Domingo,Sí,No,11:43,Media mañana,Granada,Domicilio,Panadería,Muffin,,4,7000,5,26600,Tarjeta débito,Fidelizado,35-44,,5,,28.6,No
104336,2026-05-24,5,Mayo,21,Domingo,Sí,No,11:49,Media mañana,Granada,Mostrador,Bebida fría,Cold brew,M,1,10500,0,10500,Tarjeta débito,Recurrente,25-34,6.3,,,28.6,No
104341,2026-05-24,5,Mayo,21,Domingo,Sí,No,12:09,Almuerzo,San Antonio,App,Panadería,Croissant,,1,6500,15,5500,Tarjeta débito,Recurrente,55 o más,3.7,,,28.6,No
104331,2026-05-24,5,Mayo,21,Domingo,Sí,No,12:14,Almuerzo,Granada,Domicilio,Bebida fría,Frappé de café,M,3,12500,0,37500,Tarjeta débito,Recurrente,25-34,,,,28.6,No
104353,2026-05-24,5,Mayo,21,Domingo,Sí,No,12:15,Almuerzo,Ciudad Jardín,Mostrador,Almuerzo,Wrap de pollo,,2,18500,0,37000,Tarjeta débito,Nuevo,35-44,7.0,4,,28.6,No
104329,2026-05-24,5,Mayo,21,Domingo,Sí,No,12:30,Almuerzo,Granada,Mostrador,Bebida fría,Cold brew,M,3,10500,0,31500,Tarjeta débito,Recurrente,18-24,4.8,,,28.6,No
104350,2026-05-24,5,Mayo,21,Domingo,Sí,No,13:32,Almuerzo,Ciudad Jardín,Domicilio,Almuerzo,Sándwich cubano,,3,21000,0,63000,Efectivo,Nuevo,25-34,,4,Aceptable,28.6,No
104348,2026-05-24,5,Mayo,21,Domingo,Sí,No,14:21,Tarde,San Antonio,App,Panadería,Buñuelo,,1,2200,15,1900,Billetera digital,Fidelizado,25-34,0.8,,,28.6,No
104354,2026-05-24,5,Mayo,21,Domingo,Sí,No,14:31,Tarde,El Peñón,Mostrador,Bebida fría,Cold brew,M,1,10500,0,10500,Tarjeta débito,Nuevo,18-24,3.4,,,28.6,No
104340,2026-05-24,5,Mayo,21,Domingo,Sí,No,14:52,Tarde,Granada,Mostrador,Panadería,Pandebono,,1,2500,0,2500,Tarjeta débito,Recurrente,35-44,5.0,,,28.6,No
104356,2026-05-24,5,Mayo,21,Domingo,Sí,No,16:01,Tarde,El Peñón,App,Panadería,Buñuelo,,1,2200,15,1900,Tarjeta crédito,Fidelizado,25-34,3.0,,,28.6,No
104357,2026-05-24,5,Mayo,21,Domingo,Sí,No,16:09,Tarde,El Peñón,App,Café caliente,Mocaccino,M,1,9500,15,8100,Billetera digital,Recurrente,45-54,1.5,,,28.6,No
104334,2026-05-24,5,Mayo,21,Domingo,Sí,No,16:33,Tarde,Granada,Mostrador,Café caliente,Capuchino,S,1,7200,0,7200,Tarjeta débito,Nuevo,18-24,3.6,4,,28.6,No
104333,2026-05-24,5,Mayo,21,Domingo,Sí,No,17:17,Tarde,Granada,Mostrador,Café caliente,Tinto,S,3,3000,0,9000,Billetera digital,Nuevo,18-24,1.5,4,,28.6,No
104346,2026-05-24,5,Mayo,21,Domingo,Sí,No,17:49,Tarde,San Antonio,Mostrador,Snacks,Barra de granola,,1,5500,0,5500,Efectivo,Nuevo,35-44,1.6,,,28.6,No
104355,2026-05-24,5,Mayo,21,Domingo,Sí,No,18:42,Noche,El Peñón,Mostrador,Café caliente,Tinto,M,1,3500,0,3500,Billetera digital,Nuevo,18-24,3.0,5,,28.6,No
104332,2026-05-24,5,Mayo,21,Domingo,Sí,No,18:47,Noche,Granada,App,Snacks,Papas de paquete,,2,5000,15,8500,Billetera digital,Recurrente,18-24,1.7,,,28.6,No
104360,2026-05-25,5,Mayo,22,Lunes,No,No,06:51,Mañana,Centro,Domicilio,Café caliente,Tinto,M,3,3500,0,10500,Tarjeta crédito,Recurrente,25-34,,4,,24.9,Sí
104365,2026-05-25,5,Mayo,22,Lunes,No,No,07:03,Mañana,Centro,Mostrador,Café caliente,Latte,M,1,9000,0,9000,Efectivo,Nuevo,25-34,9.2,,,24.9,Sí
104386,2026-05-25,5,Mayo,22,Lunes,No,No,07:11,Mañana,Ciudad Jardín,Domicilio,Snacks,Empanada,,1,3500,0,3500,Efectivo,Nuevo,Menos de 18,,,,24.9,Sí
104374,2026-05-25,5,Mayo,22,Lunes,No,No,07:31,Mañana,Granada,Domicilio,Café caliente,Capuchino,S,1,7200,5,6800,Tarjeta débito,Fidelizado,35-44,,,,24.9,Sí
104380,2026-05-25,5,Mayo,22,Lunes,No,No,08:42,Mañana,San Antonio,Domicilio,Snacks,Empanada,,1,3500,0,3500,Billetera digital,Nuevo,18-24,,5,,24.9,Sí
104382,2026-05-25,5,Mayo,22,Lunes,No,No,09:11,Mañana,San Antonio,Domicilio,Café caliente,Americano,M,1,5500,0,5500,Tarjeta débito,Nuevo,45-54,,,,24.9,Sí
104381,2026-05-25,5,Mayo,22,Lunes,No,No,09:30,Mañana,San Antonio,Mostrador,Café caliente,Capuchino,S,1,7200,5,6800,Efectivo,Fidelizado,25-34,7.1,,,24.9,Sí
104363,2026-05-25,5,Mayo,22,Lunes,No,No,09:44,Mañana,Centro,Mostrador,Panadería,Muffin,,1,7000,0,7000,Tarjeta crédito,Nuevo,25-34,14.9,2,,24.9,Sí
104358,2026-05-25,5,Mayo,22,Lunes,No,No,09:49,Mañana,Centro,Domicilio,Café caliente,Capuchino,M,2,8500,5,16200,Tarjeta débito,Fidelizado,35-44,,,,24.9,Sí
104383,2026-05-25,5,Mayo,22,Lunes,No,No,09:59,Mañana,San Antonio,App,Café caliente,Mocaccino,M,2,9500,15,16200,Billetera digital,Recurrente,25-34,2.2,5,Volveré pronto,24.9,Sí
104384,2026-05-25,5,Mayo,22,Lunes,No,No,10:48,Media mañana,San Antonio,Mostrador,Panadería,Pandebono,,1,2500,0,2500,Billetera digital,Recurrente,25-34,7.2,,,24.9,Sí
104368,2026-05-25,5,Mayo,22,Lunes,No,No,10:49,Media mañana,Granada,Mostrador,Panadería,Torta de zanahoria,,1,9000,0,9000,Billetera digital,Nuevo,18-24,4.1,,,24.9,Sí
104388,2026-05-25,5,Mayo,22,Lunes,No,No,11:31,Media mañana,El Peñón,Mostrador,Café caliente,Latte,M,1,9000,0,9000,Efectivo,Recurrente,45-54,2.5,,,24.9,Sí
104377,2026-05-25,5,Mayo,22,Lunes,No,No,11:40,Media mañana,San Antonio,App,Café caliente,Americano,L,2,6900,15,11700,Billetera digital,Fidelizado,18-24,1.3,,,24.9,Sí
104378,2026-05-25,5,Mayo,22,Lunes,No,No,11:42,Media mañana,San Antonio,App,Café caliente,Capuchino,M,2,8500,15,14400,Tarjeta crédito,Recurrente,25-34,4.4,5,Rápido y amable,24.9,Sí
104364,2026-05-25,5,Mayo,22,Lunes,No,No,12:06,Almuerzo,Centro,App,Bebida fría,Frappé de café,M,2,12500,15,21200,Tarjeta crédito,Recurrente,25-34,8.3,3,Rico pero un poco demorado,24.9,Sí
104390,2026-05-25,5,Mayo,22,Lunes,No,No,12:20,Almuerzo,El Peñón,Domicilio,Almuerzo,Wrap de pollo,,4,18500,0,74000,Billetera digital,Recurrente,25-34,,,,24.9,Sí
104385,2026-05-25,5,Mayo,22,Lunes,No,No,12:22,Almuerzo,Ciudad Jardín,Mostrador,Almuerzo,Sándwich cubano,,2,21000,0,42000,Efectivo,Recurrente,35-44,8.2,4,,24.9,Sí
104362,2026-05-25,5,Mayo,22,Lunes,No,No,13:34,Almuerzo,Centro,Domicilio,Almuerzo,Sándwich cubano,,1,21000,0,21000,Billetera digital,Recurrente,Menos de 18,,,,24.9,Sí
104366,2026-05-25,5,Mayo,22,Lunes,No,No,13:48,Almuerzo,Centro,Mostrador,Almuerzo,Wrap de pollo,,2,18500,0,37000,Tarjeta crédito,Nuevo,25-34,20.3,,,24.9,Sí
104389,2026-05-25,5,Mayo,22,Lunes,No,No,13:52,Almuerzo,El Peñón,Mostrador,Café caliente,Capuchino,L,1,10600,0,10600,Efectivo,Nuevo,25-34,7.8,,,24.9,Sí
104371,2026-05-25,5,Mayo,22,Lunes,No,No,14:00,Tarde,Granada,Mostrador,Café caliente,Capuchino,M,2,8500,0,17000,Efectivo,Nuevo,35-44,2.7,,,24.9,Sí
104376,2026-05-25,5,Mayo,22,Lunes,No,No,15:21,Tarde,Granada,App,Panadería,Pandebono,,1,2500,15,2100,Billetera digital,Fidelizado,25-34,2.7,,,24.9,Sí
104387,2026-05-25,5,Mayo,22,Lunes,No,No,15:21,Tarde,Ciudad Jardín,Domicilio,Almuerzo,Sándwich cubano,,2,21000,0,42000,Tarjeta débito,Nuevo,35-44,,3,,24.9,Sí
104367,2026-05-25,5,Mayo,22,Lunes,No,No,15:37,Tarde,Centro,Domicilio,Almuerzo,Sándwich cubano,,1,21000,0,21000,Efectivo,Recurrente,25-34,,,,24.9,Sí
104372,2026-05-25,5,Mayo,22,Lunes,No,No,16:46,Tarde,Granada,Mostrador,Café caliente,Tinto,L,1,4400,0,4400,Billetera digital,Nuevo,45-54,4.8,4,,24.9,Sí
104379,2026-05-25,5,Mayo,22,Lunes,No,No,17:07,Tarde,San Antonio,App,Café caliente,Americano,S,1,4700,15,4000,Tarjeta débito,Recurrente,Menos de 18,1.1,,,24.9,Sí
104361,2026-05-25,5,Mayo,22,Lunes,No,No,17:21,Tarde,Centro,Domicilio,Café caliente,Tinto,M,1,3500,0,3500,Billetera digital,Recurrente,55 o más,,,,24.9,Sí
104370,2026-05-25,5,Mayo,22,Lunes,No,No,17:21,Tarde,Granada,Mostrador,Snacks,Empanada,,1,3500,0,3500,Tarjeta crédito,Nuevo,25-34,2.1,,,24.9,Sí
104359,2026-05-25,5,Mayo,22,Lunes,No,No,17:25,Tarde,Centro,Mostrador,Café caliente,Latte,L,1,11200,0,11200,Tarjeta débito,Nuevo,25-34,3.3,,,24.9,Sí
104375,2026-05-25,5,Mayo,22,Lunes,No,No,17:38,Tarde,Granada,App,Panadería,Croissant,,1,6500,15,5500,Tarjeta débito,Recurrente,25-34,2.4,4,,24.9,Sí
104369,2026-05-25,5,Mayo,22,Lunes,No,No,18:08,Noche,Granada,Mostrador,Almuerzo,Ensalada César,,1,19500,5,18500,Tarjeta débito,Fidelizado,18-24,3.7,,,24.9,Sí
104373,2026-05-25,5,Mayo,22,Lunes,No,No,18:26,Noche,Granada,Mostrador,Café caliente,Capuchino,S,2,7200,5,13700,Efectivo,Fidelizado,25-34,3.1,,,24.9,Sí
104393,2026-05-26,5,Mayo,22,Martes,No,No,07:00,Mañana,Centro,App,Café caliente,Tinto,L,2,4400,15,7500,Billetera digital,Fidelizado,35-44,3.2,,,25.0,No
104399,2026-05-26,5,Mayo,22,Martes,No,No,07:05,Mañana,Granada,Mostrador,Snacks,Galletas,,1,4500,0,4500,Efectivo,Recurrente,25-34,3.9,,,25.0,No
104392,2026-05-26,5,Mayo,22,Martes,No,No,07:16,Mañana,Centro,App,Café caliente,Latte,M,1,9000,15,7600,Billetera digital,Recurrente,18-24,2.0,,,25.0,No
104416,2026-05-26,5,Mayo,22,Martes,No,No,07:27,Mañana,Ciudad Jardín,Mostrador,Café caliente,Latte,M,3,9000,0,27000,Efectivo,Recurrente,45-54,8.9,,,25.0,No
104408,2026-05-26,5,Mayo,22,Martes,No,No,07:57,Mañana,San Antonio,Domicilio,Café caliente,Americano,L,1,6900,0,6900,Billetera digital,Nuevo,55 o más,,4,,25.0,No
104419,2026-05-26,5,Mayo,22,Martes,No,No,08:01,Mañana,El Peñón,Mostrador,Snacks,Papas de paquete,,2,5000,5,9500,Efectivo,Fidelizado,55 o más,5.2,,,25.0,No
104395,2026-05-26,5,Mayo,22,Martes,No,No,08:28,Mañana,Centro,App,Café caliente,Americano,M,1,5500,15,4700,Billetera digital,Fidelizado,18-24,4.2,,,25.0,No
104402,2026-05-26,5,Mayo,22,Martes,No,No,08:34,Mañana,Granada,Mostrador,Café caliente,Capuchino,S,1,7200,5,6800,Efectivo,Fidelizado,45-54,1.6,4,,25.0,No
104397,2026-05-26,5,Mayo,22,Martes,No,No,08:35,Mañana,Centro,App,Café caliente,Mocaccino,L,2,11900,15,20200,Billetera digital,Recurrente,18-24,6.2,,,25.0,No
104420,2026-05-26,5,Mayo,22,Martes,No,No,08:49,Mañana,El Peñón,Mostrador,Panadería,Pandebono,,1,2500,0,2500,Billetera digital,Recurrente,35-44,8.3,,,25.0,No
104409,2026-05-26,5,Mayo,22,Martes,No,No,08:57,Mañana,San Antonio,App,Café caliente,Tinto,L,1,4400,15,3700,Billetera digital,Recurrente,25-34,2.3,5,,25.0,No
104401,2026-05-26,5,Mayo,22,Martes,No,No,09:02,Mañana,Granada,Mostrador,Café caliente,Tinto,L,2,4400,0,8800,Tarjeta crédito,Recurrente,25-34,6.5,5,,25.0,No
104407,2026-05-26,5,Mayo,22,Martes,No,No,10:42,Media mañana,San Antonio,Mostrador,Almuerzo,Sándwich cubano,,1,21000,5,20000,Tarjeta crédito,Fidelizado,18-24,3.5,4,,25.0,No
104411,2026-05-26,5,Mayo,22,Martes,No,No,11:06,Media mañana,Ciudad Jardín,App,Café caliente,Americano,S,2,4700,15,8000,Billetera digital,Recurrente,45-54,2.7,,,25.0,No
104415,2026-05-26,5,Mayo,22,Martes,No,No,11:19,Media mañana,Ciudad Jardín,Mostrador,Café caliente,Latte,L,2,11200,0,22400,Efectivo,Recurrente,55 o más,5.0,,,25.0,No
104412,2026-05-26,5,Mayo,22,Martes,No,No,11:56,Media mañana,Ciudad Jardín,Mostrador,Café caliente,Tinto,M,4,3500,5,13300,Tarjeta débito,Fidelizado,35-44,3.9,5,,25.0,No
104403,2026-05-26,5,Mayo,22,Martes,No,No,12:13,Almuerzo,Granada,Mostrador,Almuerzo,Sándwich cubano,,2,21000,0,42000,Efectivo,Recurrente,45-54,6.3,,,25.0,No
104394,2026-05-26,5,Mayo,22,Martes,No,No,12:17,Almuerzo,Centro,Mostrador,Almuerzo,Ensalada César,,1,19500,0,19500,Efectivo,Recurrente,25-34,11.2,,,25.0,No
104391,2026-05-26,5,Mayo,22,Martes,No,No,12:38,Almuerzo,Centro,Mostrador,Café caliente,Capuchino,L,1,10600,5,10100,Tarjeta débito,Fidelizado,25-34,21.0,,,25.0,No
104418,2026-05-26,5,Mayo,22,Martes,No,No,12:49,Almuerzo,El Peñón,App,Almuerzo,Ensalada César,,1,19500,15,16600,Tarjeta débito,Fidelizado,35-44,5.9,,,25.0,No
104417,2026-05-26,5,Mayo,22,Martes,No,No,13:06,Almuerzo,Ciudad Jardín,App,Café caliente,Latte,M,2,9000,15,15300,Tarjeta crédito,Fidelizado,25-34,4.1,,,25.0,No
104413,2026-05-26,5,Mayo,22,Martes,No,No,13:08,Almuerzo,Ciudad Jardín,Mostrador,Café caliente,Americano,M,3,5500,5,15700,Tarjeta débito,Fidelizado,55 o más,5.7,4,,25.0,No
104398,2026-05-26,5,Mayo,22,Martes,No,No,13:37,Almuerzo,Centro,Domicilio,Bebida fría,Jugo natural,L,1,10600,0,10600,Tarjeta débito,Recurrente,35-44,,3,,25.0,No
104405,2026-05-26,5,Mayo,22,Martes,No,No,15:39,Tarde,San Antonio,App,Snacks,Empanada,,1,3500,15,3000,Billetera digital,Nuevo,25-34,5.0,,,25.0,No
104410,2026-05-26,5,Mayo,22,Martes,No,No,15:48,Tarde,San Antonio,Mostrador,Café caliente,Capuchino,M,1,8500,0,8500,Efectivo,Nuevo,45-54,1.8,5,La app funciona bien,25.0,No
104404,2026-05-26,5,Mayo,22,Martes,No,No,16:41,Tarde,San Antonio,App,Café caliente,Capuchino,L,1,10600,15,9000,Billetera digital,Fidelizado,18-24,1.0,,,25.0,No
104406,2026-05-26,5,Mayo,22,Martes,No,No,16:56,Tarde,San Antonio,Mostrador,Snacks,Empanada,,2,3500,5,6600,Billetera digital,Fidelizado,25-34,3.2,4,Me encanta el ambiente,25.0,No
104400,2026-05-26,5,Mayo,22,Martes,No,No,17:57,Tarde,Granada,App,Snacks,Papas de paquete,,1,5000,15,4200,Tarjeta débito,Fidelizado,18-24,0.9,,,25.0,No
104396,2026-05-26,5,Mayo,22,Martes,No,No,18:01,Noche,Centro,Mostrador,Café caliente,Tinto,M,1,3500,5,3300,Tarjeta crédito,Fidelizado,35-44,4.1,,,25.0,No
104414,2026-05-26,5,Mayo,22,Martes,No,No,18:52,Noche,Ciudad Jardín,Mostrador,Café caliente,Capuchino,S,3,7200,5,20500,Billetera digital,Fidelizado,18-24,2.9,5,Rápido y amable,25.0,No
104421,2026-05-26,5,Mayo,22,Martes,No,No,20:08,Noche,El Peñón,App,Café caliente,Tinto,L,2,4400,15,7500,Tarjeta débito,Fidelizado,18-24,2.9,,,25.0,No
104433,2026-05-27,5,Mayo,22,Miércoles,No,No,06:48,Mañana,Centro,App,Panadería,Muffin,,2,7000,15,11900,Billetera digital,Recurrente,25-34,1.4,5,Me encanta el ambiente,28.4,No
104427,2026-05-27,5,Mayo,22,Miércoles,No,No,06:58,Mañana,Centro,Mostrador,Café caliente,Tinto,L,1,4400,0,4400,Billetera digital,Recurrente,25-34,12.0,3,Bueno,28.4,No
104432,2026-05-27,5,Mayo,22,Miércoles,No,No,07:11,Mañana,Centro,Mostrador,Café caliente,Chocolate caliente,M,4,8000,0,32000,Tarjeta crédito,Recurrente,45-54,12.3,,,28.4,No
104430,2026-05-27,5,Mayo,22,Miércoles,No,No,08:38,Mañana,Centro,Mostrador,Panadería,Pandebono,,4,2500,0,10000,Billetera digital,Recurrente,18-24,6.5,3,Rico pero un poco demorado,28.4,No
104422,2026-05-27,5,Mayo,22,Miércoles,No,No,09:27,Mañana,Centro,Mostrador,Panadería,Muffin,,2,7000,0,14000,Billetera digital,Recurrente,25-34,9.5,3,Aceptable,28.4,No
104428,2026-05-27,5,Mayo,22,Miércoles,No,No,09:49,Mañana,Centro,App,Bebida fría,Cold brew,L,2,13100,15,22300,Billetera digital,Recurrente,35-44,3.6,,,28.4,No
104424,2026-05-27,5,Mayo,22,Miércoles,No,No,09:50,Mañana,Centro,App,Café caliente,Chocolate caliente,M,1,8000,15,6800,Tarjeta crédito,Recurrente,25-34,2.5,,,28.4,No
104438,2026-05-27,5,Mayo,22,Miércoles,No,No,10:30,Media mañana,Granada,Mostrador,Snacks,Barra de granola,,1,5500,0,5500,Efectivo,Nuevo,18-24,3.8,,,28.4,No
104435,2026-05-27,5,Mayo,22,Miércoles,No,No,10:34,Media mañana,Centro,Mostrador,Café caliente,Latte,M,2,9000,0,18000,Efectivo,Recurrente,Menos de 18,3.7,4,,28.4,No
104431,2026-05-27,5,Mayo,22,Miércoles,No,No,10:39,Media mañana,Centro,App,Café caliente,Tinto,L,3,4400,15,11200,Billetera digital,Recurrente,18-24,3.3,,,28.4,No
104442,2026-05-27,5,Mayo,22,Miércoles,No,No,11:05,Media mañana,San Antonio,Domicilio,Panadería,Pandebono,,3,2500,5,7100,Tarjeta débito,Fidelizado,25-34,,,,28.4,No
104454,2026-05-27,5,Mayo,22,Miércoles,No,No,12:01,Almuerzo,El Peñón,Mostrador,Almuerzo,Wrap de pollo,,2,18500,5,35200,Tarjeta débito,Fidelizado,18-24,7.5,,,28.4,No
104439,2026-05-27,5,Mayo,22,Miércoles,No,No,12:03,Almuerzo,Granada,Mostrador,Almuerzo,Ensalada César,,1,19500,0,19500,Tarjeta débito,Nuevo,18-24,7.1,5,,28.4,No
104448,2026-05-27,5,Mayo,22,Miércoles,No,No,12:04,Almuerzo,Ciudad Jardín,Mostrador,Almuerzo,Ensalada César,,2,19500,0,39000,Efectivo,Recurrente,55 o más,4.6,,,28.4,No
104441,2026-05-27,5,Mayo,22,Miércoles,No,No,12:05,Almuerzo,Granada,Mostrador,Almuerzo,Wrap de pollo,,2,18500,0,37000,Efectivo,Nuevo,55 o más,6.7,,,28.4,No
104437,2026-05-27,5,Mayo,22,Miércoles,No,No,12:17,Almuerzo,Granada,Domicilio,Almuerzo,Ensalada César,,1,19500,0,19500,Billetera digital,Recurrente,35-44,,,,28.4,No
104434,2026-05-27,5,Mayo,22,Miércoles,No,No,12:34,Almuerzo,Centro,Mostrador,Snacks,Empanada,,2,3500,5,6600,Billetera digital,Fidelizado,25-34,11.7,,,28.4,No
104452,2026-05-27,5,Mayo,22,Miércoles,No,No,12:35,Almuerzo,El Peñón,Domicilio,Snacks,Empanada,,1,3500,0,3500,Efectivo,Nuevo,45-54,,4,,28.4,No
104429,2026-05-27,5,Mayo,22,Miércoles,No,No,12:47,Almuerzo,Centro,Mostrador,Café caliente,Tinto,S,1,3000,5,2800,Efectivo,Fidelizado,35-44,16.0,,,28.4,No
104425,2026-05-27,5,Mayo,22,Miércoles,No,No,13:14,Almuerzo,Centro,Domicilio,Almuerzo,Sándwich cubano,,3,21000,0,63000,Efectivo,Recurrente,18-24,,,,28.4,No
104426,2026-05-27,5,Mayo,22,Miércoles,No,No,13:21,Almuerzo,Centro,Mostrador,Almuerzo,Ensalada César,,2,19500,5,37000,Tarjeta débito,Fidelizado,45-54,11.4,,,28.4,No
104436,2026-05-27,5,Mayo,22,Miércoles,No,No,13:24,Almuerzo,Granada,App,Almuerzo,Ensalada César,,1,19500,15,16600,Billetera digital,Recurrente,25-34,2.6,,,28.4,No
104455,2026-05-27,5,Mayo,22,Miércoles,No,No,13:48,Almuerzo,El Peñón,Mostrador,Almuerzo,Wrap de pollo,,1,18500,0,18500,Efectivo,Nuevo,55 o más,12.9,2,,28.4,No
104423,2026-05-27,5,Mayo,22,Miércoles,No,No,14:29,Tarde,Centro,Mostrador,Bebida fría,Frappé de café,M,2,12500,0,25000,Tarjeta débito,Recurrente,35-44,2.9,,,28.4,No
104453,2026-05-27,5,Mayo,22,Miércoles,No,No,15:12,Tarde,El Peñón,Mostrador,Bebida fría,Frappé de café,M,1,12500,0,12500,Tarjeta débito,Nuevo,18-24,4.9,,,28.4,No
104446,2026-05-27,5,Mayo,22,Miércoles,No,No,16:00,Tarde,San Antonio,Mostrador,Café caliente,Chocolate caliente,S,1,6800,5,6500,Billetera digital,Fidelizado,45-54,3.2,,,28.4,No
104451,2026-05-27,5,Mayo,22,Miércoles,No,No,16:36,Tarde,El Peñón,Mostrador,Café caliente,Tinto,M,2,3500,0,7000,Tarjeta débito,Nuevo,35-44,1.6,,,28.4,No
104450,2026-05-27,5,Mayo,22,Miércoles,No,No,16:38,Tarde,El Peñón,Domicilio,Almuerzo,Wrap de pollo,,3,18500,0,55500,Tarjeta débito,Recurrente,25-34,,4,Buen precio por el tamaño,28.4,No
104444,2026-05-27,5,Mayo,22,Miércoles,No,No,17:20,Tarde,San Antonio,App,Panadería,Pandebono,,2,2500,15,4200,Tarjeta crédito,Recurrente,25-34,3.3,4,,28.4,No
104447,2026-05-27,5,Mayo,22,Miércoles,No,No,17:21,Tarde,Ciudad Jardín,Mostrador,Café caliente,Americano,L,2,6900,5,13100,Billetera digital,Fidelizado,25-34,3.8,,,28.4,No
104440,2026-05-27,5,Mayo,22,Miércoles,No,No,19:12,Noche,Granada,Mostrador,Café caliente,Capuchino,M,1,8500,0,8500,Billetera digital,Recurrente,25-34,3.0,,,28.4,No
104449,2026-05-27,5,Mayo,22,Miércoles,No,No,20:04,Noche,El Peñón,Mostrador,Panadería,Croissant,,1,6500,0,6500,Efectivo,Recurrente,45-54,1.3,5,Muy buen café,28.4,No
104445,2026-05-27,5,Mayo,22,Miércoles,No,No,20:17,Noche,San Antonio,Mostrador,Bebida fría,Frappé de café,L,3,15600,5,44500,Tarjeta crédito,Fidelizado,25-34,3.9,,,28.4,No
104443,2026-05-27,5,Mayo,22,Miércoles,No,No,20:27,Noche,San Antonio,Mostrador,Café caliente,Americano,L,1,6900,5,6600,Tarjeta crédito,Fidelizado,25-34,3.8,4,"Bien, pero podría mejorar",28.4,No
104471,2026-05-28,5,Mayo,22,Jueves,No,No,07:17,Mañana,Granada,Mostrador,Snacks,Empanada,,2,3500,5,6600,Efectivo,Fidelizado,25-34,3.1,,,24.9,Sí
104469,2026-05-28,5,Mayo,22,Jueves,No,No,07:34,Mañana,Granada,Mostrador,Café caliente,Tinto,M,1,3500,5,3300,Efectivo,Fidelizado,18-24,4.0,4,,24.9,Sí
104461,2026-05-28,5,Mayo,22,Jueves,No,No,08:29,Mañana,Centro,Mostrador,Café caliente,Americano,M,1,5500,0,5500,Efectivo,Nuevo,55 o más,5.4,,,24.9,Sí
104460,2026-05-28,5,Mayo,22,Jueves,No,No,09:02,Mañana,Centro,Domicilio,Café caliente,Tinto,S,3,3000,5,8600,Efectivo,Fidelizado,25-34,,5,,24.9,Sí
104480,2026-05-28,5,Mayo,22,Jueves,No,No,10:05,Media mañana,El Peñón,Mostrador,Panadería,Croissant,,1,6500,0,6500,Billetera digital,Recurrente,18-24,2.1,,,24.9,Sí
104464,2026-05-28,5,Mayo,22,Jueves,No,No,10:18,Media mañana,Centro,Mostrador,Panadería,Croissant,,2,6500,5,12400,Efectivo,Fidelizado,25-34,4.4,5,Excelente atención,24.9,Sí
104463,2026-05-28,5,Mayo,22,Jueves,No,No,10:28,Media mañana,Centro,Mostrador,Café caliente,Americano,L,2,6900,0,13800,Tarjeta crédito,Recurrente,25-34,3.4,5,,24.9,Sí
104477,2026-05-28,5,Mayo,22,Jueves,No,No,11:11,Media mañana,San Antonio,Mostrador,Café caliente,Mocaccino,L,1,11900,0,11900,Efectivo,Recurrente,55 o más,6.9,,,24.9,Sí
104456,2026-05-28,5,Mayo,22,Jueves,No,No,11:36,Media mañana,Centro,Mostrador,Panadería,Muffin,,1,7000,5,6600,Tarjeta débito,Fidelizado,25-34,3.1,5,,24.9,Sí
104467,2026-05-28,5,Mayo,22,Jueves,No,No,11:50,Media mañana,Granada,Mostrador,Café caliente,Americano,M,2,5500,0,11000,Tarjeta débito,Nuevo,25-34,3.9,5,,24.9,Sí
104462,2026-05-28,5,Mayo,22,Jueves,No,No,12:07,Almuerzo,Centro,Mostrador,Bebida fría,Frappé de café,M,4,12500,0,50000,Efectivo,Nuevo,35-44,12.9,,,24.9,Sí
104481,2026-05-28,5,Mayo,22,Jueves,No,No,12:08,Almuerzo,El Peñón,Domicilio,Almuerzo,Bowl vegetariano,,1,22000,0,22000,Tarjeta débito,Nuevo,35-44,,4,,24.9,Sí
104457,2026-05-28,5,Mayo,22,Jueves,No,No,12:23,Almuerzo,Centro,Domicilio,Café caliente,Mocaccino,M,3,9500,0,28500,Billetera digital,Recurrente,35-44,,5,,24.9,Sí
104478,2026-05-28,5,Mayo,22,Jueves,No,No,12:57,Almuerzo,Ciudad Jardín,Mostrador,Almuerzo,Sándwich cubano,,3,21000,0,63000,Tarjeta crédito,Nuevo,55 o más,8.7,4,,24.9,Sí
104474,2026-05-28,5,Mayo,22,Jueves,No,No,13:19,Almuerzo,San Antonio,Domicilio,Almuerzo,Ensalada César,,2,19500,0,39000,Billetera digital,Recurrente,25-34,,,,24.9,Sí
104458,2026-05-28,5,Mayo,22,Jueves,No,No,16:11,Tarde,Centro,Mostrador,Café caliente,Latte,M,2,9000,0,18000,Tarjeta crédito,Recurrente,18-24,2.2,,,24.9,Sí
104476,2026-05-28,5,Mayo,22,Jueves,No,No,16:13,Tarde,San Antonio,Domicilio,Café caliente,Capuchino,M,2,8500,0,17000,Efectivo,Recurrente,45-54,,,,24.9,Sí
104468,2026-05-28,5,Mayo,22,Jueves,No,No,16:41,Tarde,Granada,Mostrador,Almuerzo,Ensalada César,,4,19500,5,74100,Tarjeta débito,Fidelizado,18-24,4.9,4,,24.9,Sí
104475,2026-05-28,5,Mayo,22,Jueves,No,No,16:54,Tarde,San Antonio,Mostrador,Panadería,Pandebono,,2,2500,0,5000,Tarjeta débito,Recurrente,25-34,3.8,4,,24.9,Sí
104470,2026-05-28,5,Mayo,22,Jueves,No,No,17:01,Tarde,Granada,Mostrador,Snacks,Galletas,,1,4500,5,4300,Tarjeta débito,Fidelizado,25-34,1.2,,,24.9,Sí
104472,2026-05-28,5,Mayo,22,Jueves,No,No,17:23,Tarde,San Antonio,Mostrador,Café caliente,Tinto,M,1,3500,0,3500,Tarjeta crédito,Recurrente,55 o más,3.3,,,24.9,Sí
104466,2026-05-28,5,Mayo,22,Jueves,No,No,17:36,Tarde,Granada,Mostrador,Café caliente,Capuchino,L,1,10600,0,10600,Tarjeta crédito,Nuevo,25-34,1.6,,,24.9,Sí
104473,2026-05-28,5,Mayo,22,Jueves,No,No,17:54,Tarde,San Antonio,App,Almuerzo,Sándwich cubano,,1,21000,15,17800,Tarjeta débito,Recurrente,45-54,3.3,5,Rápido y amable,24.9,Sí
104482,2026-05-28,5,Mayo,22,Jueves,No,No,17:55,Tarde,El Peñón,Mostrador,Panadería,Pandebono,,1,2500,0,2500,Tarjeta crédito,Recurrente,45-54,3.0,,,24.9,Sí
104483,2026-05-28,5,Mayo,22,Jueves,No,No,18:30,Noche,El Peñón,Mostrador,Snacks,Empanada,,4,3500,0,14000,Tarjeta crédito,Recurrente,18-24,2.0,5,,24.9,Sí
104465,2026-05-28,5,Mayo,22,Jueves,No,No,18:32,Noche,Granada,Mostrador,Café caliente,Tinto,M,1,3500,0,3500,Tarjeta débito,Nuevo,25-34,4.2,,,24.9,Sí
104479,2026-05-28,5,Mayo,22,Jueves,No,No,18:33,Noche,Ciudad Jardín,Mostrador,Café caliente,Capuchino,M,1,8500,0,8500,Tarjeta débito,Recurrente,45-54,3.3,,,24.9,Sí
104459,2026-05-28,5,Mayo,22,Jueves,No,No,19:33,Noche,Centro,Mostrador,Bebida fría,Frappé de café,M,1,12500,0,12500,Billetera digital,Nuevo,35-44,3.5,,,24.9,Sí
104509,2026-05-29,5,Mayo,22,Viernes,No,No,06:20,Mañana,El Peñón,Mostrador,Café caliente,Tinto,M,1,3500,5,3300,Billetera digital,Fidelizado,25-34,3.5,5,,23.9,Sí
104485,2026-05-29,5,Mayo,22,Viernes,No,No,06:42,Mañana,Centro,Mostrador,Snacks,Papas de paquete,,1,5000,0,5000,Tarjeta débito,Recurrente,25-34,4.8,,,23.9,Sí
104500,2026-05-29,5,Mayo,22,Viernes,No,No,09:41,Mañana,Granada,App,Panadería,Torta de zanahoria,,1,9000,15,7600,Billetera digital,Recurrente,25-34,2.8,5,,23.9,Sí
104488,2026-05-29,5,Mayo,22,Viernes,No,No,10:02,Media mañana,Centro,Mostrador,Panadería,Torta de zanahoria,,2,9000,0,18000,Efectivo,Nuevo,25-34,2.7,,,23.9,Sí
104498,2026-05-29,5,Mayo,22,Viernes,No,No,10:13,Media mañana,Granada,Mostrador,Panadería,Pandebono,,1,2500,0,2500,Tarjeta débito,Nuevo,25-34,2.9,,,23.9,Sí
104499,2026-05-29,5,Mayo,22,Viernes,No,No,10:40,Media mañana,Granada,App,Café caliente,Latte,S,2,7600,15,12900,Billetera digital,Recurrente,45-54,2.3,,,23.9,Sí
104502,2026-05-29,5,Mayo,22,Viernes,No,No,10:53,Media mañana,San Antonio,Mostrador,Café caliente,Capuchino,M,1,8500,0,8500,Tarjeta crédito,Recurrente,18-24,4.6,4,,23.9,Sí
104487,2026-05-29,5,Mayo,22,Viernes,No,No,10:59,Media mañana,Centro,App,Almuerzo,Ensalada César,,1,19500,15,16600,Tarjeta crédito,Fidelizado,45-54,0.9,4,Volveré pronto,23.9,Sí
104505,2026-05-29,5,Mayo,22,Viernes,No,No,11:28,Media mañana,Ciudad Jardín,Mostrador,Bebida fría,Jugo natural,S,2,7200,0,14400,Tarjeta débito,Recurrente,Menos de 18,3.1,,,23.9,Sí
104493,2026-05-29,5,Mayo,22,Viernes,No,No,11:46,Media mañana,Centro,App,Panadería,Torta de zanahoria,,2,9000,15,15300,Tarjeta débito,Fidelizado,25-34,2.6,,,23.9,Sí
104490,2026-05-29,5,Mayo,22,Viernes,No,No,12:04,Almuerzo,Centro,App,Almuerzo,Sándwich cubano,,2,21000,15,35700,Tarjeta débito,Fidelizado,25-34,7.2,,,23.9,Sí
104510,2026-05-29,5,Mayo,22,Viernes,No,No,12:39,Almuerzo,El Peñón,Domicilio,Almuerzo,Sándwich cubano,,3,21000,5,59800,Tarjeta crédito,Fidelizado,25-34,,,,23.9,Sí
104489,2026-05-29,5,Mayo,22,Viernes,No,No,12:48,Almuerzo,Centro,Mostrador,Almuerzo,Ensalada César,,2,19500,0,39000,Efectivo,Recurrente,25-34,13.0,2,,23.9,Sí
104494,2026-05-29,5,Mayo,22,Viernes,No,No,13:18,Almuerzo,Centro,Domicilio,Almuerzo,Sándwich cubano,,2,21000,0,42000,Efectivo,Recurrente,18-24,,5,Excelente atención,23.9,Sí
104491,2026-05-29,5,Mayo,22,Viernes,No,No,13:21,Almuerzo,Centro,Mostrador,Snacks,Barra de granola,,2,5500,0,11000,Efectivo,Recurrente,35-44,5.0,3,,23.9,Sí
104511,2026-05-29,5,Mayo,22,Viernes,No,No,13:29,Almuerzo,El Peñón,Domicilio,Almuerzo,Bowl vegetariano,,1,22000,5,20900,Efectivo,Fidelizado,25-34,,5,La app funciona bien,23.9,Sí
104486,2026-05-29,5,Mayo,22,Viernes,No,No,13:34,Almuerzo,Centro,Domicilio,Almuerzo,Sándwich cubano,,1,21000,0,21000,Tarjeta crédito,Recurrente,35-44,,4,,23.9,Sí
104503,2026-05-29,5,Mayo,22,Viernes,No,No,13:45,Almuerzo,San Antonio,Domicilio,Almuerzo,Sándwich cubano,,2,21000,5,39900,Billetera digital,Fidelizado,18-24,,4,,23.9,Sí
104501,2026-05-29,5,Mayo,22,Viernes,No,No,13:48,Almuerzo,Granada,Mostrador,Panadería,Pandebono,,1,2500,0,2500,Tarjeta débito,Recurrente,35-44,5.2,,,23.9,Sí
104496,2026-05-29,5,Mayo,22,Viernes,No,No,14:14,Tarde,Granada,Mostrador,Café caliente,Mocaccino,M,1,9500,0,9500,Efectivo,Recurrente,45-54,2.3,,,23.9,Sí
104492,2026-05-29,5,Mayo,22,Viernes,No,No,14:30,Tarde,Centro,Mostrador,Snacks,Galletas,,2,4500,0,9000,Efectivo,Nuevo,35-44,4.1,4,"Bien, pero podría mejorar",23.9,Sí
104507,2026-05-29,5,Mayo,22,Viernes,No,No,14:39,Tarde,El Peñón,App,Café caliente,Mocaccino,M,1,9500,15,8100,Tarjeta crédito,Recurrente,18-24,3.0,4,Normal,23.9,Sí
104484,2026-05-29,5,Mayo,22,Viernes,No,No,15:47,Tarde,Centro,Mostrador,Café caliente,Mocaccino,S,3,8100,0,24300,Billetera digital,Recurrente,35-44,4.2,4,,23.9,Sí
104495,2026-05-29,5,Mayo,22,Viernes,No,No,16:36,Tarde,Centro,Mostrador,Bebida fría,Cold brew,L,2,13100,0,26200,Tarjeta crédito,Recurrente,18-24,2.2,5,,23.9,Sí
104497,2026-05-29,5,Mayo,22,Viernes,No,No,18:59,Noche,Granada,Domicilio,Snacks,Galletas,,3,4500,0,13500,Tarjeta crédito,Nuevo,18-24,,,,23.9,Sí
104504,2026-05-29,5,Mayo,22,Viernes,No,No,19:50,Noche,Ciudad Jardín,App,Snacks,Empanada,,2,3500,15,6000,Billetera digital,Recurrente,55 o más,1.2,,,23.9,Sí
104508,2026-05-29,5,Mayo,22,Viernes,No,No,19:57,Noche,El Peñón,App,Café caliente,Americano,M,1,5500,15,4700,Tarjeta crédito,Fidelizado,25-34,2.4,,,23.9,Sí
104506,2026-05-29,5,Mayo,22,Viernes,No,No,20:57,Noche,Ciudad Jardín,Domicilio,Panadería,Pandebono,,1,2500,5,2400,Tarjeta crédito,Fidelizado,55 o más,,,,23.9,Sí
104538,2026-05-30,5,Mayo,22,Sábado,Sí,No,06:21,Mañana,El Peñón,Mostrador,Café caliente,Latte,M,3,9000,5,25600,Efectivo,Fidelizado,35-44,3.3,,,23.5,Sí
104512,2026-05-30,5,Mayo,22,Sábado,Sí,No,06:28,Mañana,Centro,Mostrador,Panadería,Buñuelo,,2,2200,0,4400,Efectivo,Nuevo,45-54,4.0,,,23.5,Sí
104518,2026-05-30,5,Mayo,22,Sábado,Sí,No,06:38,Mañana,Granada,Mostrador,Café caliente,Capuchino,M,1,8500,0,8500,Efectivo,Recurrente,55 o más,5.4,,,23.5,Sí
104522,2026-05-30,5,Mayo,22,Sábado,Sí,No,07:07,Mañana,Granada,App,Café caliente,Tinto,M,1,3500,15,3000,Tarjeta crédito,Nuevo,25-34,1.8,,,23.5,Sí
104542,2026-05-30,5,Mayo,22,Sábado,Sí,No,07:20,Mañana,El Peñón,App,Café caliente,Americano,L,1,6900,15,5900,Billetera digital,Fidelizado,25-34,3.8,,,23.5,Sí
104524,2026-05-30,5,Mayo,22,Sábado,Sí,No,07:40,Mañana,Granada,App,Snacks,Galletas,,2,4500,15,7600,Billetera digital,Fidelizado,55 o más,3.7,4,,23.5,Sí
104536,2026-05-30,5,Mayo,22,Sábado,Sí,No,07:40,Mañana,Ciudad Jardín,Domicilio,Snacks,Barra de granola,,4,5500,0,22000,Billetera digital,Recurrente,Menos de 18,,,,23.5,Sí
104515,2026-05-30,5,Mayo,22,Sábado,Sí,No,07:47,Mañana,Centro,Mostrador,Café caliente,Chocolate caliente,S,1,6800,0,6800,Efectivo,Recurrente,25-34,4.1,,,23.5,Sí
104539,2026-05-30,5,Mayo,22,Sábado,Sí,No,08:45,Mañana,El Peñón,Mostrador,Panadería,Muffin,,1,7000,0,7000,Efectivo,Nuevo,45-54,1.5,,,23.5,Sí
104544,2026-05-30,5,Mayo,22,Sábado,Sí,No,08:57,Mañana,El Peñón,Mostrador,Café caliente,Mocaccino,S,3,8100,0,24300,Billetera digital,Recurrente,25-34,1.9,,,23.5,Sí
104514,2026-05-30,5,Mayo,22,Sábado,Sí,No,09:00,Mañana,Centro,App,Café caliente,Capuchino,S,2,7200,15,12200,Tarjeta crédito,Recurrente,35-44,1.2,5,Volveré pronto,23.5,Sí
104517,2026-05-30,5,Mayo,22,Sábado,Sí,No,09:13,Mañana,Granada,Mostrador,Café caliente,Tinto,M,1,3500,0,3500,Tarjeta débito,Recurrente,25-34,8.7,,,23.5,Sí
104527,2026-05-30,5,Mayo,22,Sábado,Sí,No,09:36,Mañana,Granada,App,Café caliente,Americano,M,1,5500,15,4700,Tarjeta débito,Nuevo,25-34,2.3,,,23.5,Sí
104543,2026-05-30,5,Mayo,22,Sábado,Sí,No,09:48,Mañana,El Peñón,Mostrador,Café caliente,Tinto,S,4,3000,0,12000,Tarjeta débito,Recurrente,35-44,5.2,4,,23.5,Sí
104523,2026-05-30,5,Mayo,22,Sábado,Sí,No,09:58,Mañana,Granada,Domicilio,Snacks,Galletas,,1,4500,0,4500,Efectivo,Recurrente,25-34,,,,23.5,Sí
104540,2026-05-30,5,Mayo,22,Sábado,Sí,No,10:01,Media mañana,El Peñón,Domicilio,Café caliente,Tinto,L,1,4400,0,4400,Tarjeta débito,Recurrente,35-44,,,,23.5,Sí
104541,2026-05-30,5,Mayo,22,Sábado,Sí,No,11:00,Media mañana,El Peñón,Domicilio,Café caliente,Tinto,M,1,3500,0,3500,Billetera digital,Recurrente,45-54,,4,Rico pero un poco demorado,23.5,Sí
104531,2026-05-30,5,Mayo,22,Sábado,Sí,No,11:08,Media mañana,San Antonio,App,Café caliente,Mocaccino,M,2,9500,15,16200,Billetera digital,Fidelizado,18-24,2.4,4,,23.5,Sí
104528,2026-05-30,5,Mayo,22,Sábado,Sí,No,11:12,Media mañana,Granada,Mostrador,Café caliente,Americano,S,1,4700,0,4700,Efectivo,Recurrente,25-34,5.1,5,La app funciona bien,23.5,Sí
104530,2026-05-30,5,Mayo,22,Sábado,Sí,No,11:13,Media mañana,San Antonio,Domicilio,Snacks,Empanada,,2,3500,0,7000,Tarjeta débito,Nuevo,25-34,,,,23.5,Sí
104521,2026-05-30,5,Mayo,22,Sábado,Sí,No,11:14,Media mañana,Granada,App,Panadería,Muffin,,1,7000,15,6000,Billetera digital,Fidelizado,35-44,2.0,,,23.5,Sí
104529,2026-05-30,5,Mayo,22,Sábado,Sí,No,11:46,Media mañana,Granada,Domicilio,Almuerzo,Bowl vegetariano,,1,22000,5,20900,Efectivo,Fidelizado,45-54,,,,23.5,Sí
104520,2026-05-30,5,Mayo,22,Sábado,Sí,No,12:26,Almuerzo,Granada,Domicilio,Café caliente,Latte,M,3,9000,5,25600,Tarjeta débito,Fidelizado,35-44,,4,,23.5,Sí
104535,2026-05-30,5,Mayo,22,Sábado,Sí,No,12:55,Almuerzo,Ciudad Jardín,Domicilio,Café caliente,Tinto,M,2,3500,0,7000,Tarjeta débito,Recurrente,35-44,,,,23.5,Sí
104534,2026-05-30,5,Mayo,22,Sábado,Sí,No,13:01,Almuerzo,Ciudad Jardín,Mostrador,Café caliente,Capuchino,M,1,8500,5,8100,Efectivo,Fidelizado,55 o más,8.4,,,23.5,Sí
104513,2026-05-30,5,Mayo,22,Sábado,Sí,No,13:16,Almuerzo,Centro,Mostrador,Bebida fría,Cold brew,L,1,13100,5,12400,Efectivo,Fidelizado,18-24,6.3,,,23.5,Sí
104526,2026-05-30,5,Mayo,22,Sábado,Sí,No,14:57,Tarde,Granada,App,Café caliente,Americano,M,1,5500,15,4700,Tarjeta crédito,Recurrente,18-24,3.7,,,23.5,Sí
104537,2026-05-30,5,Mayo,22,Sábado,Sí,No,15:47,Tarde,El Peñón,Mostrador,Café caliente,Capuchino,M,2,8500,0,17000,Tarjeta crédito,Nuevo,25-34,7.7,,,23.5,Sí
104525,2026-05-30,5,Mayo,22,Sábado,Sí,No,16:46,Tarde,Granada,App,Café caliente,Capuchino,M,2,8500,15,14400,Tarjeta crédito,Fidelizado,Menos de 18,1.0,5,,23.5,Sí
104519,2026-05-30,5,Mayo,22,Sábado,Sí,No,18:40,Noche,Granada,Mostrador,Café caliente,Tinto,L,1,4400,0,4400,Efectivo,Recurrente,25-34,3.6,,,23.5,Sí
104532,2026-05-30,5,Mayo,22,Sábado,Sí,No,19:39,Noche,San Antonio,App,Almuerzo,Sándwich cubano,,2,21000,15,35700,Billetera digital,Nuevo,25-34,1.8,,,23.5,Sí
104516,2026-05-30,5,Mayo,22,Sábado,Sí,No,20:24,Noche,Granada,Mostrador,Café caliente,Capuchino,M,2,8500,0,17000,Billetera digital,Recurrente,45-54,1.9,,,23.5,Sí
104533,2026-05-30,5,Mayo,22,Sábado,Sí,No,20:52,Noche,San Antonio,Mostrador,Panadería,Buñuelo,,1,2200,0,2200,Tarjeta crédito,Nuevo,45-54,4.1,,,23.5,Sí
104548,2026-05-31,5,Mayo,22,Domingo,Sí,No,06:43,Mañana,Granada,App,Café caliente,Capuchino,M,1,8500,15,7200,Tarjeta crédito,Recurrente,25-34,2.8,4,La app funciona bien,23.9,Sí
104552,2026-05-31,5,Mayo,22,Domingo,Sí,No,08:28,Mañana,Granada,Mostrador,Café caliente,Americano,L,1,6900,5,6600,Tarjeta crédito,Fidelizado,35-44,5.7,4,,23.9,Sí
104569,2026-05-31,5,Mayo,22,Domingo,Sí,No,08:31,Mañana,Ciudad Jardín,App,Café caliente,Tinto,M,3,3500,15,8900,Tarjeta crédito,Fidelizado,Menos de 18,4.3,,,23.9,Sí
104571,2026-05-31,5,Mayo,22,Domingo,Sí,No,08:33,Mañana,Ciudad Jardín,App,Panadería,Croissant,,2,6500,15,11000,Tarjeta crédito,Recurrente,Menos de 18,3.5,5,Excelente atención,23.9,Sí
104555,2026-05-31,5,Mayo,22,Domingo,Sí,No,08:36,Mañana,Granada,Mostrador,Panadería,Pandebono,,3,2500,0,7500,Efectivo,Nuevo,25-34,3.6,4,,23.9,Sí
104567,2026-05-31,5,Mayo,22,Domingo,Sí,No,08:48,Mañana,Ciudad Jardín,App,Café caliente,Chocolate caliente,M,2,8000,15,13600,Billetera digital,Fidelizado,25-34,1.0,4,El pandebono estaba recién hecho,23.9,Sí
104550,2026-05-31,5,Mayo,22,Domingo,Sí,No,09:27,Mañana,Granada,Domicilio,Café caliente,Capuchino,L,2,10600,5,20100,Billetera digital,Fidelizado,25-34,,,,23.9,Sí
104549,2026-05-31,5,Mayo,22,Domingo,Sí,No,09:57,Mañana,Granada,App,Panadería,Pandebono,,1,2500,15,2100,Billetera digital,Recurrente,35-44,2.2,,,23.9,Sí
104551,2026-05-31,5,Mayo,22,Domingo,Sí,No,10:03,Media mañana,Granada,Domicilio,Snacks,Empanada,,2,3500,0,7000,Efectivo,Nuevo,25-34,,,,23.9,Sí
104568,2026-05-31,5,Mayo,22,Domingo,Sí,No,10:09,Media mañana,Ciudad Jardín,Mostrador,Panadería,Buñuelo,,3,2200,0,6600,Efectivo,Recurrente,25-34,4.8,,,23.9,Sí
104572,2026-05-31,5,Mayo,22,Domingo,Sí,No,10:17,Media mañana,Ciudad Jardín,Mostrador,Café caliente,Capuchino,S,2,7200,5,13700,Tarjeta débito,Fidelizado,25-34,2.1,5,El pandebono estaba recién hecho,23.9,Sí
104577,2026-05-31,5,Mayo,22,Domingo,Sí,No,10:24,Media mañana,El Peñón,Domicilio,Café caliente,Tinto,L,3,4400,0,13200,Billetera digital,Recurrente,55 o más,,4,,23.9,Sí
104563,2026-05-31,5,Mayo,22,Domingo,Sí,No,10:45,Media mañana,San Antonio,Mostrador,Café caliente,Tinto,M,1,3500,0,3500,Efectivo,Recurrente,35-44,3.9,,,23.9,Sí
104559,2026-05-31,5,Mayo,22,Domingo,Sí,No,11:10,Media mañana,Granada,Domicilio,Panadería,Muffin,,2,7000,0,14000,Tarjeta débito,Nuevo,35-44,,,,23.9,Sí
104556,2026-05-31,5,Mayo,22,Domingo,Sí,No,11:42,Media mañana,Granada,Mostrador,Panadería,Buñuelo,,2,2200,0,4400,Tarjeta débito,Nuevo,18-24,4.0,5,La app funciona bien,23.9,Sí
104553,2026-05-31,5,Mayo,22,Domingo,Sí,No,11:43,Media mañana,Granada,App,Café caliente,Latte,L,1,11200,15,9500,Billetera digital,Recurrente,25-34,4.0,,,23.9,Sí
104574,2026-05-31,5,Mayo,22,Domingo,Sí,No,11:49,Media mañana,Ciudad Jardín,Mostrador,Panadería,Buñuelo,,1,2200,0,2200,Tarjeta débito,Nuevo,25-34,7.5,4,,23.9,Sí
104578,2026-05-31,5,Mayo,22,Domingo,Sí,No,12:18,Almuerzo,El Peñón,App,Almuerzo,Bowl vegetariano,,1,22000,15,18700,Billetera digital,Recurrente,55 o más,2.6,4,,23.9,Sí
104545,2026-05-31,5,Mayo,22,Domingo,Sí,No,12:54,Almuerzo,Granada,App,Café caliente,Tinto,M,2,3500,15,6000,Billetera digital,Fidelizado,25-34,3.2,,,23.9,Sí
104547,2026-05-31,5,Mayo,22,Domingo,Sí,No,12:57,Almuerzo,Granada,App,Almuerzo,Bowl vegetariano,,1,22000,15,18700,Billetera digital,Nuevo,18-24,7.0,,,23.9,Sí
104562,2026-05-31,5,Mayo,22,Domingo,Sí,No,13:18,Almuerzo,San Antonio,Mostrador,Café caliente,Chocolate caliente,L,1,10000,5,9500,Tarjeta débito,Fidelizado,18-24,4.1,4,,23.9,Sí
104575,2026-05-31,5,Mayo,22,Domingo,Sí,No,14:29,Tarde,El Peñón,App,Almuerzo,Ensalada César,,1,19500,15,16600,Tarjeta crédito,Nuevo,25-34,1.0,,,23.9,Sí
104582,2026-05-31,5,Mayo,22,Domingo,Sí,No,14:43,Tarde,El Peñón,App,Café caliente,Mocaccino,L,1,11900,15,10100,Billetera digital,Recurrente,35-44,1.7,4,,23.9,Sí
104580,2026-05-31,5,Mayo,22,Domingo,Sí,No,14:49,Tarde,El Peñón,Mostrador,Café caliente,Capuchino,L,1,10600,0,10600,Billetera digital,Nuevo,25-34,3.5,,,23.9,Sí
104546,2026-05-31,5,Mayo,22,Domingo,Sí,No,14:57,Tarde,Granada,Mostrador,Panadería,Torta de zanahoria,,4,9000,0,36000,Billetera digital,Recurrente,25-34,4.2,,,23.9,Sí
104564,2026-05-31,5,Mayo,22,Domingo,Sí,No,14:59,Tarde,San Antonio,Domicilio,Snacks,Barra de granola,,2,5500,0,11000,Efectivo,Recurrente,18-24,,4,,23.9,Sí
104570,2026-05-31,5,Mayo,22,Domingo,Sí,No,15:39,Tarde,Ciudad Jardín,Mostrador,Snacks,Empanada,,5,3500,5,16600,Efectivo,Fidelizado,45-54,3.3,,,23.9,Sí
104566,2026-05-31,5,Mayo,22,Domingo,Sí,No,16:06,Tarde,San Antonio,Mostrador,Snacks,Galletas,,2,4500,0,9000,Billetera digital,Nuevo,25-34,5.8,,,23.9,Sí
104576,2026-05-31,5,Mayo,22,Domingo,Sí,No,17:26,Tarde,El Peñón,Domicilio,Panadería,Torta de zanahoria,,1,9000,0,9000,Efectivo,Nuevo,35-44,,,,23.9,Sí
104561,2026-05-31,5,Mayo,22,Domingo,Sí,No,17:42,Tarde,San Antonio,Mostrador,Panadería,Pandebono,,1,2500,0,2500,Tarjeta débito,Recurrente,18-24,3.9,,,23.9,Sí
104573,2026-05-31,5,Mayo,22,Domingo,Sí,No,18:09,Noche,Ciudad Jardín,Domicilio,Snacks,Galletas,,2,4500,0,9000,Tarjeta débito,Recurrente,45-54,,,,23.9,Sí
104579,2026-05-31,5,Mayo,22,Domingo,Sí,No,18:43,Noche,El Peñón,App,Café caliente,Tinto,S,1,3000,15,2600,Tarjeta crédito,Recurrente,35-44,3.6,,,23.9,Sí
104581,2026-05-31,5,Mayo,22,Domingo,Sí,No,19:47,Noche,El Peñón,Domicilio,Café caliente,Tinto,L,2,4400,0,8800,Tarjeta débito,Recurrente,25-34,,,,23.9,Sí
104565,2026-05-31,5,Mayo,22,Domingo,Sí,No,20:07,Noche,San Antonio,Domicilio,Panadería,Buñuelo,,1,2200,0,2200,Tarjeta débito,Nuevo,18-24,,,,23.9,Sí
104554,2026-05-31,5,Mayo,22,Domingo,Sí,No,20:14,Noche,Granada,App,Café caliente,Tinto,M,1,3500,15,3000,Tarjeta débito,Nuevo,55 o más,1.1,,,23.9,Sí
104557,2026-05-31,5,Mayo,22,Domingo,Sí,No,20:28,Noche,Granada,App,Bebida fría,Té helado,M,3,7500,15,19100,Tarjeta débito,Fidelizado,35-44,1.1,,,23.9,Sí
104560,2026-05-31,5,Mayo,22,Domingo,Sí,No,20:31,Noche,San Antonio,App,Café caliente,Tinto,S,3,3000,15,7600,Tarjeta débito,Fidelizado,55 o más,0.8,,,23.9,Sí
104558,2026-05-31,5,Mayo,22,Domingo,Sí,No,20:35,Noche,Granada,App,Panadería,Buñuelo,,1,2200,15,1900,Tarjeta crédito,Recurrente,18-24,2.2,,,23.9,Sí
104595,2026-06-01,6,Junio,23,Lunes,No,No,06:00,Mañana,Centro,App,Café caliente,Tinto,L,2,4400,15,7500,Tarjeta crédito,Fidelizado,25-34,1.7,,,27.8,No
104583,2026-06-01,6,Junio,23,Lunes,No,No,06:12,Mañana,Centro,Mostrador,Panadería,Buñuelo,,1,2200,0,2200,Efectivo,Recurrente,25-34,5.3,,,27.8,No
104612,2026-06-01,6,Junio,23,Lunes,No,No,07:22,Mañana,Ciudad Jardín,Mostrador,Panadería,Pandebono,,2,2500,0,5000,Efectivo,Recurrente,45-54,4.5,4,,27.8,No
104606,2026-06-01,6,Junio,23,Lunes,No,No,07:29,Mañana,San Antonio,Mostrador,Café caliente,Latte,M,1,9000,0,9000,Tarjeta débito,Nuevo,25-34,3.9,3,Normal,27.8,No
104614,2026-06-01,6,Junio,23,Lunes,No,No,07:30,Mañana,El Peñón,Mostrador,Bebida fría,Frappé de café,L,2,15600,0,31200,Tarjeta débito,Recurrente,25-34,4.6,,,27.8,No
104613,2026-06-01,6,Junio,23,Lunes,No,No,07:55,Mañana,Ciudad Jardín,Mostrador,Bebida fría,Frappé de café,M,2,12500,0,25000,Tarjeta crédito,Nuevo,35-44,3.5,5,Me encanta el ambiente,27.8,No
104599,2026-06-01,6,Junio,23,Lunes,No,No,09:13,Mañana,Granada,Mostrador,Bebida fría,Cold brew,M,1,10500,0,10500,Tarjeta crédito,Nuevo,25-34,6.0,,,27.8,No
104590,2026-06-01,6,Junio,23,Lunes,No,No,09:34,Mañana,Centro,App,Café caliente,Tinto,M,1,3500,15,3000,Tarjeta débito,Recurrente,25-34,6.2,,,27.8,No
104594,2026-06-01,6,Junio,23,Lunes,No,No,10:12,Media mañana,Centro,Mostrador,Panadería,Croissant,,1,6500,0,6500,Tarjeta débito,Recurrente,18-24,4.9,,,27.8,No
104616,2026-06-01,6,Junio,23,Lunes,No,No,10:49,Media mañana,El Peñón,Mostrador,Bebida fría,Jugo natural,S,1,7200,5,6800,Efectivo,Fidelizado,45-54,7.4,,,27.8,No
104589,2026-06-01,6,Junio,23,Lunes,No,No,12:05,Almuerzo,Centro,App,Almuerzo,Bowl vegetariano,,3,22000,15,56100,Billetera digital,Nuevo,35-44,8.9,,,27.8,No
104585,2026-06-01,6,Junio,23,Lunes,No,No,12:19,Almuerzo,Centro,Mostrador,Almuerzo,Ensalada César,,1,19500,0,19500,Billetera digital,Recurrente,25-34,14.7,,,27.8,No
104615,2026-06-01,6,Junio,23,Lunes,No,No,12:32,Almuerzo,El Peñón,Domicilio,Almuerzo,Sándwich cubano,,2,21000,0,42000,Tarjeta crédito,Recurrente,55 o más,,,,27.8,No
104586,2026-06-01,6,Junio,23,Lunes,No,No,12:45,Almuerzo,Centro,Mostrador,Almuerzo,Ensalada César,,1,19500,0,19500,Tarjeta crédito,Recurrente,35-44,19.3,1,Se demoraron con mi pedido,27.8,No
104597,2026-06-01,6,Junio,23,Lunes,No,No,12:49,Almuerzo,Granada,Mostrador,Bebida fría,Limonada de coco,S,2,9400,0,18800,Tarjeta débito,Recurrente,35-44,7.0,,,27.8,No
104587,2026-06-01,6,Junio,23,Lunes,No,No,13:24,Almuerzo,Centro,Mostrador,Snacks,Empanada,,1,3500,0,3500,Tarjeta débito,Recurrente,45-54,21.1,,,27.8,No
104584,2026-06-01,6,Junio,23,Lunes,No,No,13:30,Almuerzo,Centro,Mostrador,Bebida fría,Frappé de café,L,1,15600,0,15600,Tarjeta débito,Recurrente,25-34,11.6,,,27.8,No
104596,2026-06-01,6,Junio,23,Lunes,No,No,13:34,Almuerzo,Centro,Mostrador,Almuerzo,Wrap de pollo,,1,18500,0,18500,Tarjeta crédito,Recurrente,45-54,20.3,4,Normal,27.8,No
104591,2026-06-01,6,Junio,23,Lunes,No,No,13:57,Almuerzo,Centro,Domicilio,Almuerzo,Sándwich cubano,,4,21000,0,84000,Efectivo,Recurrente,18-24,,3,,27.8,No
104603,2026-06-01,6,Junio,23,Lunes,No,No,13:59,Almuerzo,San Antonio,Mostrador,Almuerzo,Bowl vegetariano,,1,22000,0,22000,Tarjeta débito,Recurrente,45-54,2.3,,,27.8,No
104608,2026-06-01,6,Junio,23,Lunes,No,No,14:18,Tarde,San Antonio,App,Café caliente,Mocaccino,L,1,11900,15,10100,Tarjeta débito,Recurrente,18-24,1.1,,,27.8,No
104610,2026-06-01,6,Junio,23,Lunes,No,No,14:24,Tarde,San Antonio,Mostrador,Panadería,Croissant,,1,6500,0,6500,Efectivo,Nuevo,18-24,2.8,,,27.8,No
104611,2026-06-01,6,Junio,23,Lunes,No,No,14:26,Tarde,San Antonio,Mostrador,Café caliente,Tinto,M,1,3500,0,3500,Tarjeta débito,Recurrente,25-34,1.8,,,27.8,No
104605,2026-06-01,6,Junio,23,Lunes,No,No,15:51,Tarde,San Antonio,Mostrador,Café caliente,Latte,L,2,11200,5,21300,Tarjeta débito,Fidelizado,35-44,4.0,,,27.8,No
104602,2026-06-01,6,Junio,23,Lunes,No,No,16:00,Tarde,San Antonio,App,Panadería,Pandebono,,1,2500,15,2100,Tarjeta crédito,Recurrente,35-44,1.5,,,27.8,No
104601,2026-06-01,6,Junio,23,Lunes,No,No,16:03,Tarde,Granada,App,Panadería,Pandebono,,1,2500,15,2100,Billetera digital,Nuevo,35-44,2.4,,,27.8,No
104618,2026-06-01,6,Junio,23,Lunes,No,No,16:03,Tarde,El Peñón,Mostrador,Café caliente,Tinto,S,2,3000,0,6000,Billetera digital,Recurrente,18-24,2.1,,,27.8,No
104604,2026-06-01,6,Junio,23,Lunes,No,No,16:17,Tarde,San Antonio,Domicilio,Panadería,Pandebono,,1,2500,0,2500,Efectivo,Nuevo,18-24,,4,Rico pero un poco demorado,27.8,No
104609,2026-06-01,6,Junio,23,Lunes,No,No,16:29,Tarde,San Antonio,Mostrador,Bebida fría,Frappé de café,S,2,10600,0,21200,Efectivo,Recurrente,45-54,5.3,,,27.8,No
104607,2026-06-01,6,Junio,23,Lunes,No,No,16:39,Tarde,San Antonio,App,Panadería,Muffin,,2,7000,15,11900,Tarjeta crédito,Recurrente,25-34,2.3,3,Aceptable,27.8,No
104588,2026-06-01,6,Junio,23,Lunes,No,No,17:45,Tarde,Centro,Mostrador,Snacks,Empanada,,2,3500,5,6600,Efectivo,Fidelizado,18-24,2.5,,,27.8,No
104593,2026-06-01,6,Junio,23,Lunes,No,No,18:39,Noche,Centro,Mostrador,Snacks,Barra de granola,,3,5500,0,16500,Efectivo,Recurrente,35-44,2.0,,,27.8,No
104592,2026-06-01,6,Junio,23,Lunes,No,No,19:22,Noche,Centro,App,Snacks,Empanada,,1,3500,15,3000,Billetera digital,Fidelizado,25-34,1.8,5,,27.8,No
104600,2026-06-01,6,Junio,23,Lunes,No,No,19:37,Noche,Granada,Domicilio,Panadería,Pandebono,,2,2500,5,4800,Tarjeta débito,Fidelizado,18-24,,,,27.8,No
104598,2026-06-01,6,Junio,23,Lunes,No,No,19:40,Noche,Granada,Mostrador,Bebida fría,Cold brew,M,3,10500,0,31500,Tarjeta débito,Nuevo,25-34,4.8,5,Buen precio por el tamaño,27.8,No
104617,2026-06-01,6,Junio,23,Lunes,No,No,20:37,Noche,El Peñón,Mostrador,Café caliente,Americano,M,2,5500,0,11000,Billetera digital,Recurrente,25-34,5.4,,,27.8,No
104631,2026-06-02,6,Junio,23,Martes,No,No,06:07,Mañana,Centro,App,Panadería,Croissant,,1,6500,15,5500,Tarjeta crédito,Nuevo,18-24,6.4,,,32.1,No
104639,2026-06-02,6,Junio,23,Martes,No,No,06:26,Mañana,Granada,App,Panadería,Croissant,,1,6500,15,5500,Tarjeta crédito,Recurrente,45-54,1.5,,,32.1,No
104652,2026-06-02,6,Junio,23,Martes,No,No,06:44,Mañana,Ciudad Jardín,App,Café caliente,Americano,M,1,5500,15,4700,Billetera digital,Fidelizado,25-34,9.4,,,32.1,No
104633,2026-06-02,6,Junio,23,Martes,No,No,06:53,Mañana,Centro,Mostrador,Panadería,Croissant,,1,6500,0,6500,Tarjeta débito,Nuevo,18-24,8.8,3,Bueno,32.1,No
104653,2026-06-02,6,Junio,23,Martes,No,No,07:22,Mañana,Ciudad Jardín,App,Snacks,Empanada,,2,3500,15,6000,Tarjeta débito,Recurrente,45-54,2.0,,,32.1,No
104625,2026-06-02,6,Junio,23,Martes,No,No,07:31,Mañana,Centro,App,Café caliente,Tinto,S,1,3000,15,2600,Tarjeta crédito,Recurrente,25-34,8.4,,,32.1,No
104632,2026-06-02,6,Junio,23,Martes,No,No,07:38,Mañana,Centro,Mostrador,Panadería,Croissant,,1,6500,5,6200,Billetera digital,Fidelizado,18-24,3.9,,,32.1,No
104649,2026-06-02,6,Junio,23,Martes,No,No,07:54,Mañana,Ciudad Jardín,Mostrador,Bebida fría,Cold brew,L,1,13100,0,13100,Efectivo,Nuevo,18-24,2.5,4,Me encanta el ambiente,32.1,No
104630,2026-06-02,6,Junio,23,Martes,No,No,08:07,Mañana,Centro,App,Café caliente,Tinto,L,1,4400,15,3700,Billetera digital,Recurrente,35-44,6.5,,,32.1,No
104622,2026-06-02,6,Junio,23,Martes,No,No,08:13,Mañana,Centro,App,Snacks,Galletas,,2,4500,15,7600,Billetera digital,Recurrente,35-44,2.7,,,32.1,No
104658,2026-06-02,6,Junio,23,Martes,No,No,08:54,Mañana,El Peñón,Mostrador,Panadería,Buñuelo,,3,2200,5,6300,Billetera digital,Fidelizado,18-24,2.9,4,Buen precio por el tamaño,32.1,No
104626,2026-06-02,6,Junio,23,Martes,No,No,09:02,Mañana,Centro,Mostrador,Bebida fría,Frappé de café,M,1,12500,0,12500,Efectivo,Nuevo,Menos de 18,2.3,,,32.1,No
104659,2026-06-02,6,Junio,23,Martes,No,No,09:21,Mañana,El Peñón,Mostrador,Panadería,Buñuelo,,3,2200,0,6600,Tarjeta crédito,Recurrente,45-54,1.4,4,Normal,32.1,No
104657,2026-06-02,6,Junio,23,Martes,No,No,09:37,Mañana,El Peñón,Mostrador,Café caliente,Tinto,M,4,3500,0,14000,Tarjeta crédito,Recurrente,18-24,4.3,3,,32.1,No
104654,2026-06-02,6,Junio,23,Martes,No,No,10:00,Media mañana,Ciudad Jardín,Mostrador,Panadería,Pandebono,,2,2500,0,5000,Tarjeta débito,Nuevo,35-44,1.9,,,32.1,No
104645,2026-06-02,6,Junio,23,Martes,No,No,10:39,Media mañana,Granada,Mostrador,Bebida fría,Cold brew,S,2,8900,5,16900,Efectivo,Fidelizado,55 o más,4.3,,,32.1,No
104637,2026-06-02,6,Junio,23,Martes,No,No,10:48,Media mañana,Granada,App,Bebida fría,Cold brew,M,2,10500,15,17800,Tarjeta crédito,Fidelizado,35-44,1.0,,,32.1,No
104627,2026-06-02,6,Junio,23,Martes,No,No,11:13,Media mañana,Centro,Mostrador,Bebida fría,Jugo natural,M,3,8500,0,25500,Tarjeta débito,Recurrente,35-44,1.6,5,,32.1,No
104648,2026-06-02,6,Junio,23,Martes,No,No,11:50,Media mañana,San Antonio,App,Almuerzo,Sándwich cubano,,1,21000,15,17800,Billetera digital,Nuevo,25-34,2.3,4,,32.1,No
104621,2026-06-02,6,Junio,23,Martes,No,No,12:02,Almuerzo,Centro,Mostrador,Almuerzo,Ensalada César,,1,19500,0,19500,Tarjeta débito,Nuevo,35-44,18.0,,,32.1,No
104629,2026-06-02,6,Junio,23,Martes,No,No,12:04,Almuerzo,Centro,Mostrador,Bebida fría,Frappé de café,S,1,10600,5,10100,Efectivo,Fidelizado,18-24,14.7,4,,32.1,No
104620,2026-06-02,6,Junio,23,Martes,No,No,12:40,Almuerzo,Centro,App,Bebida fría,Jugo natural,M,1,8500,15,7200,Tarjeta crédito,Recurrente,25-34,5.0,,,32.1,No
104634,2026-06-02,6,Junio,23,Martes,No,No,12:43,Almuerzo,Granada,Mostrador,Almuerzo,Wrap de pollo,,1,18500,0,18500,Billetera digital,Recurrente,35-44,5.7,5,,32.1,No
104628,2026-06-02,6,Junio,23,Martes,No,No,12:46,Almuerzo,Centro,App,Almuerzo,Wrap de pollo,,2,18500,15,31400,Tarjeta crédito,Fidelizado,18-24,5.4,,,32.1,No
104644,2026-06-02,6,Junio,23,Martes,No,No,12:49,Almuerzo,Granada,Mostrador,Bebida fría,Limonada de coco,S,1,9400,0,9400,Efectivo,Nuevo,35-44,5.4,3,"Bien, pero podría mejorar",32.1,No
104623,2026-06-02,6,Junio,23,Martes,No,No,13:05,Almuerzo,Centro,App,Bebida fría,Cold brew,S,2,8900,15,15100,Billetera digital,Fidelizado,45-54,4.2,,,32.1,No
104642,2026-06-02,6,Junio,23,Martes,No,No,13:28,Almuerzo,Granada,Domicilio,Panadería,Pandebono,,1,2500,0,2500,Tarjeta crédito,Nuevo,35-44,,,,32.1,No
104656,2026-06-02,6,Junio,23,Martes,No,No,13:47,Almuerzo,Ciudad Jardín,App,Bebida fría,Limonada de coco,L,2,13800,15,23500,Tarjeta crédito,Fidelizado,45-54,2.3,,,32.1,No
104650,2026-06-02,6,Junio,23,Martes,No,No,14:47,Tarde,Ciudad Jardín,App,Bebida fría,Cold brew,M,2,10500,15,17800,Tarjeta crédito,Fidelizado,45-54,2.1,,,32.1,No
104660,2026-06-02,6,Junio,23,Martes,No,No,14:48,Tarde,El Peñón,Mostrador,Panadería,Muffin,,4,7000,5,26600,Billetera digital,Fidelizado,25-34,4.5,,,32.1,No
104655,2026-06-02,6,Junio,23,Martes,No,No,14:58,Tarde,Ciudad Jardín,Mostrador,Bebida fría,Jugo natural,M,1,8500,0,8500,Tarjeta débito,Recurrente,25-34,4.2,,,32.1,No
104651,2026-06-02,6,Junio,23,Martes,No,No,15:26,Tarde,Ciudad Jardín,App,Bebida fría,Frappé de café,M,2,12500,15,21200,Tarjeta débito,Fidelizado,35-44,1.5,,,32.1,No
104643,2026-06-02,6,Junio,23,Martes,No,No,15:28,Tarde,Granada,App,Snacks,Empanada,,2,3500,15,6000,Billetera digital,Fidelizado,55 o más,1.9,,,32.1,No
104624,2026-06-02,6,Junio,23,Martes,No,No,16:29,Tarde,Centro,Mostrador,Bebida fría,Limonada de coco,M,3,11000,0,33000,Billetera digital,Nuevo,25-34,2.4,4,Muy buen café,32.1,No
104641,2026-06-02,6,Junio,23,Martes,No,No,16:42,Tarde,Granada,Mostrador,Panadería,Pandebono,,1,2500,0,2500,Tarjeta débito,Nuevo,25-34,4.9,4,,32.1,No
104646,2026-06-02,6,Junio,23,Martes,No,No,17:18,Tarde,San Antonio,Mostrador,Snacks,Empanada,,1,3500,0,3500,Billetera digital,Recurrente,18-24,2.4,,,32.1,No
104640,2026-06-02,6,Junio,23,Martes,No,No,17:39,Tarde,Granada,Domicilio,Bebida fría,Limonada de coco,M,2,11000,5,20900,Efectivo,Fidelizado,18-24,,4,,32.1,No
104638,2026-06-02,6,Junio,23,Martes,No,No,18:35,Noche,Granada,Domicilio,Almuerzo,Sándwich cubano,,1,21000,5,20000,Tarjeta débito,Fidelizado,45-54,,,,32.1,No
104661,2026-06-02,6,Junio,23,Martes,No,No,19:10,Noche,El Peñón,App,Café caliente,Capuchino,M,2,8500,15,14400,Billetera digital,Fidelizado,45-54,1.4,5,,32.1,No
104619,2026-06-02,6,Junio,23,Martes,No,No,19:23,Noche,Centro,Mostrador,Bebida fría,Limonada de coco,M,1,11000,0,11000,Tarjeta crédito,Recurrente,45-54,2.4,,,32.1,No
104636,2026-06-02,6,Junio,23,Martes,No,No,19:25,Noche,Granada,Domicilio,Bebida fría,Limonada de coco,M,2,11000,5,20900,Efectivo,Fidelizado,45-54,,,,32.1,No
104635,2026-06-02,6,Junio,23,Martes,No,No,20:20,Noche,Granada,Mostrador,Panadería,Pandebono,,1,2500,0,2500,Efectivo,Nuevo,18-24,7.7,5,,32.1,No
104647,2026-06-02,6,Junio,23,Martes,No,No,20:51,Noche,San Antonio,Mostrador,Bebida fría,Frappé de café,M,3,12500,0,37500,Tarjeta crédito,Recurrente,25-34,4.4,,,32.1,No
104696,2026-06-03,6,Junio,23,Miércoles,No,No,06:17,Mañana,Ciudad Jardín,Mostrador,Café caliente,Americano,M,2,5500,5,10400,Efectivo,Fidelizado,35-44,6.4,,,26.2,Sí
104692,2026-06-03,6,Junio,23,Miércoles,No,No,06:24,Mañana,San Antonio,Mostrador,Café caliente,Tinto,M,3,3500,0,10500,Tarjeta débito,Nuevo,35-44,10.6,,,26.2,Sí
104668,2026-06-03,6,Junio,23,Miércoles,No,No,06:36,Mañana,Centro,Mostrador,Snacks,Papas de paquete,,2,5000,5,9500,Billetera digital,Fidelizado,35-44,9.0,,,26.2,Sí
104680,2026-06-03,6,Junio,23,Miércoles,No,No,06:51,Mañana,Granada,Mostrador,Café caliente,Capuchino,L,2,10600,0,21200,Billetera digital,Recurrente,25-34,4.2,,,26.2,Sí
104689,2026-06-03,6,Junio,23,Miércoles,No,No,07:02,Mañana,San Antonio,App,Snacks,Barra de granola,,3,5500,15,14000,Tarjeta débito,Fidelizado,25-34,1.8,,,26.2,Sí
104669,2026-06-03,6,Junio,23,Miércoles,No,No,07:08,Mañana,Centro,Mostrador,Café caliente,Americano,M,1,5500,0,5500,Billetera digital,Recurrente,18-24,3.1,,,26.2,Sí
104699,2026-06-03,6,Junio,23,Miércoles,No,No,07:16,Mañana,El Peñón,App,Café caliente,Tinto,S,2,3000,15,5100,Tarjeta crédito,Recurrente,18-24,4.3,,,26.2,Sí
104676,2026-06-03,6,Junio,23,Miércoles,No,No,07:26,Mañana,Centro,Domicilio,Panadería,Pandebono,,3,2500,0,7500,Efectivo,Nuevo,25-34,,,,26.2,Sí
104673,2026-06-03,6,Junio,23,Miércoles,No,No,08:34,Mañana,Centro,Mostrador,Café caliente,Latte,L,1,11200,0,11200,Efectivo,Nuevo,35-44,10.3,,,26.2,Sí
104663,2026-06-03,6,Junio,23,Miércoles,No,No,09:28,Mañana,Centro,App,Café caliente,Mocaccino,M,4,9500,15,32300,Billetera digital,Recurrente,35-44,3.5,,,26.2,Sí
104702,2026-06-03,6,Junio,23,Miércoles,No,No,10:05,Media mañana,El Peñón,Mostrador,Panadería,Pandebono,,2,2500,0,5000,Tarjeta débito,Recurrente,45-54,2.0,,,26.2,Sí
104688,2026-06-03,6,Junio,23,Miércoles,No,No,10:09,Media mañana,San Antonio,Mostrador,Panadería,Buñuelo,,1,2200,5,2100,Billetera digital,Fidelizado,35-44,3.2,,,26.2,Sí
104664,2026-06-03,6,Junio,23,Miércoles,No,No,10:11,Media mañana,Centro,Mostrador,Café caliente,Americano,L,1,6900,0,6900,Efectivo,Recurrente,25-34,1.7,,,26.2,Sí
104687,2026-06-03,6,Junio,23,Miércoles,No,No,10:23,Media mañana,Granada,App,Café caliente,Americano,M,1,5500,15,4700,Billetera digital,Recurrente,25-34,2.8,4,,26.2,Sí
104693,2026-06-03,6,Junio,23,Miércoles,No,No,10:29,Media mañana,San Antonio,Mostrador,Café caliente,Americano,M,3,5500,0,16500,Tarjeta débito,Recurrente,Menos de 18,3.2,,,26.2,Sí
104666,2026-06-03,6,Junio,23,Miércoles,No,No,10:36,Media mañana,Centro,App,Café caliente,Mocaccino,L,1,11900,15,10100,Tarjeta débito,Nuevo,25-34,2.3,5,,26.2,Sí
104679,2026-06-03,6,Junio,23,Miércoles,No,No,10:51,Media mañana,Granada,Mostrador,Almuerzo,Bowl vegetariano,,2,22000,0,44000,Tarjeta débito,Recurrente,18-24,3.0,,,26.2,Sí
104662,2026-06-03,6,Junio,23,Miércoles,No,No,11:02,Media mañana,Centro,Mostrador,Panadería,Buñuelo,,4,2200,5,8400,Billetera digital,Fidelizado,25-34,3.6,,,26.2,Sí
104685,2026-06-03,6,Junio,23,Miércoles,No,No,11:26,Media mañana,Granada,Mostrador,Panadería,Pandebono,,2,2500,0,5000,Efectivo,Nuevo,25-34,6.7,5,,26.2,Sí
104690,2026-06-03,6,Junio,23,Miércoles,No,No,12:03,Almuerzo,San Antonio,App,Snacks,Empanada,,1,3500,15,3000,Tarjeta débito,Recurrente,Menos de 18,5.6,,,26.2,Sí
104672,2026-06-03,6,Junio,23,Miércoles,No,No,12:26,Almuerzo,Centro,App,Snacks,Empanada,,1,3500,15,3000,Tarjeta débito,Recurrente,45-54,6.7,,,26.2,Sí
104678,2026-06-03,6,Junio,23,Miércoles,No,No,12:34,Almuerzo,Granada,Mostrador,Panadería,Pandebono,,1,2500,0,2500,Billetera digital,Recurrente,25-34,5.9,,,26.2,Sí
104703,2026-06-03,6,Junio,23,Miércoles,No,No,12:39,Almuerzo,El Peñón,App,Almuerzo,Sándwich cubano,,1,21000,15,17800,Billetera digital,Nuevo,55 o más,4.7,,,26.2,Sí
104674,2026-06-03,6,Junio,23,Miércoles,No,No,12:50,Almuerzo,Centro,Mostrador,Almuerzo,Ensalada César,,1,19500,0,19500,Billetera digital,Nuevo,25-34,12.7,4,,26.2,Sí
104698,2026-06-03,6,Junio,23,Miércoles,No,No,12:56,Almuerzo,El Peñón,Domicilio,Almuerzo,Wrap de pollo,,2,18500,0,37000,Efectivo,Recurrente,45-54,,,,26.2,Sí
104665,2026-06-03,6,Junio,23,Miércoles,No,No,12:58,Almuerzo,Centro,Domicilio,Panadería,Muffin,,3,7000,5,20000,Tarjeta crédito,Fidelizado,45-54,,,,26.2,Sí
104686,2026-06-03,6,Junio,23,Miércoles,No,No,12:58,Almuerzo,Granada,Mostrador,Panadería,Muffin,,2,7000,0,14000,Efectivo,Recurrente,45-54,5.5,4,,26.2,Sí
104697,2026-06-03,6,Junio,23,Miércoles,No,No,12:58,Almuerzo,El Peñón,Domicilio,Almuerzo,Wrap de pollo,,1,18500,0,18500,Tarjeta crédito,Nuevo,18-24,,,,26.2,Sí
104694,2026-06-03,6,Junio,23,Miércoles,No,No,13:46,Almuerzo,Ciudad Jardín,App,Almuerzo,Sándwich cubano,,2,21000,15,35700,Tarjeta débito,Recurrente,35-44,4.8,,,26.2,Sí
104691,2026-06-03,6,Junio,23,Miércoles,No,No,13:56,Almuerzo,San Antonio,Mostrador,Almuerzo,Bowl vegetariano,,1,22000,0,22000,Tarjeta crédito,Recurrente,45-54,9.1,,,26.2,Sí
104684,2026-06-03,6,Junio,23,Miércoles,No,No,13:58,Almuerzo,Granada,Domicilio,Almuerzo,Wrap de pollo,,2,18500,0,37000,Tarjeta crédito,Recurrente,25-34,,,,26.2,Sí
104682,2026-06-03,6,Junio,23,Miércoles,No,No,14:17,Tarde,Granada,Mostrador,Snacks,Papas de paquete,,1,5000,0,5000,Efectivo,Recurrente,55 o más,1.3,,,26.2,Sí
104695,2026-06-03,6,Junio,23,Miércoles,No,No,14:35,Tarde,Ciudad Jardín,Mostrador,Café caliente,Mocaccino,M,1,9500,0,9500,Tarjeta débito,Recurrente,35-44,2.7,4,Me encanta el ambiente,26.2,Sí
104675,2026-06-03,6,Junio,23,Miércoles,No,No,14:54,Tarde,Centro,Mostrador,Café caliente,Capuchino,M,2,8500,0,17000,Tarjeta crédito,Recurrente,35-44,3.8,,,26.2,Sí
104681,2026-06-03,6,Junio,23,Miércoles,No,No,16:02,Tarde,Granada,App,Café caliente,Latte,L,1,11200,15,9500,Billetera digital,Recurrente,35-44,1.9,3,"Bien, pero podría mejorar",26.2,Sí
104677,2026-06-03,6,Junio,23,Miércoles,No,No,16:06,Tarde,Granada,App,Snacks,Barra de granola,,2,5500,15,9400,Billetera digital,Recurrente,18-24,1.1,4,,26.2,Sí
104683,2026-06-03,6,Junio,23,Miércoles,No,No,16:11,Tarde,Granada,Mostrador,Panadería,Pandebono,,1,2500,5,2400,Efectivo,Fidelizado,55 o más,3.3,4,Normal,26.2,Sí
104670,2026-06-03,6,Junio,23,Miércoles,No,No,16:52,Tarde,Centro,App,Bebida fría,Jugo natural,M,4,8500,15,28900,Tarjeta crédito,Recurrente,55 o más,1.1,,,26.2,Sí
104671,2026-06-03,6,Junio,23,Miércoles,No,No,17:09,Tarde,Centro,Mostrador,Café caliente,Tinto,M,2,3500,5,6600,Tarjeta débito,Fidelizado,25-34,2.2,4,Normal,26.2,Sí
104667,2026-06-03,6,Junio,23,Miércoles,No,No,18:31,Noche,Centro,Mostrador,Panadería,Croissant,,1,6500,0,6500,Efectivo,Recurrente,25-34,2.6,,,26.2,Sí
104700,2026-06-03,6,Junio,23,Miércoles,No,No,19:01,Noche,El Peñón,App,Café caliente,Americano,S,3,4700,15,12000,Billetera digital,Recurrente,18-24,1.9,4,,26.2,Sí
104704,2026-06-03,6,Junio,23,Miércoles,No,No,19:08,Noche,El Peñón,Mostrador,Panadería,Muffin,,1,7000,5,6600,Tarjeta crédito,Fidelizado,Menos de 18,3.1,5,Volveré pronto,26.2,Sí
104705,2026-06-03,6,Junio,23,Miércoles,No,No,19:15,Noche,El Peñón,App,Almuerzo,Sándwich cubano,,1,21000,15,17800,Tarjeta débito,Recurrente,25-34,3.0,4,,26.2,Sí
104701,2026-06-03,6,Junio,23,Miércoles,No,No,19:17,Noche,El Peñón,App,Almuerzo,Wrap de pollo,,1,18500,15,15700,Billetera digital,Nuevo,25-34,2.2,5,Rápido y amable,26.2,Sí
104713,2026-06-04,6,Junio,23,Jueves,No,No,06:01,Mañana,Centro,App,Panadería,Croissant,,1,6500,15,5500,Tarjeta crédito,Recurrente,25-34,4.3,4,Rico pero un poco demorado,27.1,No
104720,2026-06-04,6,Junio,23,Jueves,No,No,06:33,Mañana,Granada,App,Snacks,Papas de paquete,,1,5000,15,4200,Tarjeta crédito,Recurrente,18-24,4.0,3,Aceptable,27.1,No
104730,2026-06-04,6,Junio,23,Jueves,No,No,06:38,Mañana,Ciudad Jardín,Domicilio,Panadería,Torta de zanahoria,,2,9000,5,17100,Tarjeta débito,Fidelizado,25-34,,,,27.1,No
104729,2026-06-04,6,Junio,23,Jueves,No,No,06:56,Mañana,Ciudad Jardín,Mostrador,Café caliente,Chocolate caliente,S,3,6800,0,20400,Efectivo,Recurrente,25-34,4.4,4,,27.1,No
104709,2026-06-04,6,Junio,23,Jueves,No,No,07:01,Mañana,Centro,App,Snacks,Barra de granola,,3,5500,15,14000,Billetera digital,Recurrente,55 o más,2.5,,,27.1,No
104715,2026-06-04,6,Junio,23,Jueves,No,No,07:05,Mañana,Centro,App,Bebida fría,Frappé de café,S,1,10600,15,9000,Tarjeta crédito,Recurrente,45-54,3.0,5,Buen precio por el tamaño,27.1,No
104714,2026-06-04,6,Junio,23,Jueves,No,No,07:10,Mañana,Centro,Mostrador,Café caliente,Mocaccino,M,1,9500,0,9500,Tarjeta débito,Recurrente,25-34,2.4,5,,27.1,No
104716,2026-06-04,6,Junio,23,Jueves,No,No,07:29,Mañana,Centro,App,Café caliente,Capuchino,S,4,7200,15,24500,Tarjeta débito,Recurrente,25-34,3.5,5,,27.1,No
104708,2026-06-04,6,Junio,23,Jueves,No,No,07:37,Mañana,Centro,Mostrador,Café caliente,Tinto,M,4,3500,0,14000,Tarjeta débito,Recurrente,45-54,12.1,,,27.1,No
104722,2026-06-04,6,Junio,23,Jueves,No,No,07:38,Mañana,San Antonio,App,Café caliente,Capuchino,M,1,8500,15,7200,Billetera digital,Recurrente,25-34,1.9,,,27.1,No
104734,2026-06-04,6,Junio,23,Jueves,No,No,07:40,Mañana,El Peñón,Mostrador,Café caliente,Americano,L,5,6900,5,32800,Tarjeta débito,Fidelizado,25-34,3.9,,,27.1,No
104735,2026-06-04,6,Junio,23,Jueves,No,No,07:40,Mañana,El Peñón,Domicilio,Café caliente,Tinto,M,1,3500,0,3500,Efectivo,Recurrente,45-54,,,,27.1,No
104707,2026-06-04,6,Junio,23,Jueves,No,No,07:42,Mañana,Centro,Mostrador,Café caliente,Chocolate caliente,S,3,6800,5,19400,Tarjeta crédito,Fidelizado,18-24,10.5,,,27.1,No
104723,2026-06-04,6,Junio,23,Jueves,No,No,08:03,Mañana,San Antonio,Mostrador,Bebida fría,Cold brew,M,1,10500,0,10500,Tarjeta débito,Nuevo,35-44,5.4,,,27.1,No
104725,2026-06-04,6,Junio,23,Jueves,No,No,08:47,Mañana,San Antonio,Mostrador,Café caliente,Tinto,S,1,3000,0,3000,Tarjeta débito,Recurrente,18-24,5.6,4,,27.1,No
104739,2026-06-04,6,Junio,23,Jueves,No,No,08:47,Mañana,El Peñón,Mostrador,Café caliente,Latte,M,2,9000,5,17100,Billetera digital,Fidelizado,25-34,2.7,,,27.1,No
104737,2026-06-04,6,Junio,23,Jueves,No,No,08:51,Mañana,El Peñón,Mostrador,Panadería,Pandebono,,1,2500,0,2500,Tarjeta débito,Recurrente,25-34,5.9,,,27.1,No
104736,2026-06-04,6,Junio,23,Jueves,No,No,09:17,Mañana,El Peñón,Mostrador,Café caliente,Tinto,L,1,4400,0,4400,Tarjeta débito,Nuevo,45-54,3.1,,,27.1,No
104712,2026-06-04,6,Junio,23,Jueves,No,No,09:53,Mañana,Centro,Mostrador,Snacks,Barra de granola,,1,5500,0,5500,Billetera digital,Nuevo,25-34,7.2,,,27.1,No
104740,2026-06-04,6,Junio,23,Jueves,No,No,10:25,Media mañana,El Peñón,Mostrador,Café caliente,Latte,M,1,9000,0,9000,Tarjeta crédito,Recurrente,Menos de 18,3.0,,,27.1,No
104731,2026-06-04,6,Junio,23,Jueves,No,No,10:44,Media mañana,Ciudad Jardín,Mostrador,Panadería,Buñuelo,,2,2200,0,4400,Tarjeta débito,Nuevo,25-34,2.0,4,,27.1,No
104719,2026-06-04,6,Junio,23,Jueves,No,No,11:14,Media mañana,Granada,Mostrador,Panadería,Croissant,,2,6500,0,13000,Efectivo,Nuevo,45-54,2.1,4,Normal,27.1,No
104724,2026-06-04,6,Junio,23,Jueves,No,No,11:24,Media mañana,San Antonio,App,Bebida fría,Limonada de coco,M,3,11000,15,28000,Tarjeta crédito,Fidelizado,18-24,1.5,5,Me encanta el ambiente,27.1,No
104718,2026-06-04,6,Junio,23,Jueves,No,No,12:09,Almuerzo,Granada,App,Almuerzo,Ensalada César,,1,19500,15,16600,Tarjeta crédito,Recurrente,45-54,9.2,,,27.1,No
104710,2026-06-04,6,Junio,23,Jueves,No,No,12:16,Almuerzo,Centro,Domicilio,Bebida fría,Cold brew,S,4,8900,0,35600,Tarjeta débito,Recurrente,18-24,,4,,27.1,No
104711,2026-06-04,6,Junio,23,Jueves,No,No,12:47,Almuerzo,Centro,Mostrador,Almuerzo,Wrap de pollo,,3,18500,5,52700,Efectivo,Fidelizado,18-24,20.2,1,Me tocó esperar mucho,27.1,No
104733,2026-06-04,6,Junio,23,Jueves,No,No,13:11,Almuerzo,Ciudad Jardín,Domicilio,Snacks,Empanada,,1,3500,5,3300,Tarjeta débito,Fidelizado,55 o más,,,,27.1,No
104717,2026-06-04,6,Junio,23,Jueves,No,No,13:14,Almuerzo,Centro,Mostrador,Almuerzo,Sándwich cubano,,1,21000,0,21000,Efectivo,Recurrente,35-44,10.4,,,27.1,No
104706,2026-06-04,6,Junio,23,Jueves,No,No,13:27,Almuerzo,Centro,App,Café caliente,Tinto,S,2,3000,15,5100,Tarjeta débito,Fidelizado,45-54,6.6,4,El pandebono estaba recién hecho,27.1,No
104726,2026-06-04,6,Junio,23,Jueves,No,No,13:37,Almuerzo,San Antonio,Mostrador,Almuerzo,Sándwich cubano,,1,21000,0,21000,Billetera digital,Nuevo,25-34,7.1,,,27.1,No
104721,2026-06-04,6,Junio,23,Jueves,No,No,17:15,Tarde,Granada,App,Café caliente,Tinto,S,2,3000,15,5100,Tarjeta crédito,Recurrente,25-34,1.1,,,27.1,No
104728,2026-06-04,6,Junio,23,Jueves,No,No,17:16,Tarde,Ciudad Jardín,Mostrador,Almuerzo,Sándwich cubano,,1,21000,5,20000,Efectivo,Fidelizado,35-44,3.9,,,27.1,No
104732,2026-06-04,6,Junio,23,Jueves,No,No,17:30,Tarde,Ciudad Jardín,Domicilio,Café caliente,Tinto,S,2,3000,0,6000,Tarjeta débito,Recurrente,35-44,,,,27.1,No
104738,2026-06-04,6,Junio,23,Jueves,No,No,18:25,Noche,El Peñón,Mostrador,Café caliente,Tinto,M,1,3500,0,3500,Tarjeta crédito,Recurrente,18-24,3.8,,,27.1,No
104727,2026-06-04,6,Junio,23,Jueves,No,No,18:42,Noche,San Antonio,Mostrador,Café caliente,Capuchino,M,1,8500,5,8100,Tarjeta débito,Fidelizado,Menos de 18,2.5,5,El pandebono estaba recién hecho,27.1,No
104754,2026-06-05,6,Junio,23,Viernes,No,No,06:03,Mañana,Granada,Mostrador,Panadería,Croissant,,3,6500,0,19500,Tarjeta débito,Recurrente,35-44,2.2,3,,27.3,Sí
104752,2026-06-05,6,Junio,23,Viernes,No,No,06:17,Mañana,Granada,App,Café caliente,Latte,M,2,9000,15,15300,Billetera digital,Recurrente,35-44,3.0,,,27.3,Sí
104741,2026-06-05,6,Junio,23,Viernes,No,No,06:56,Mañana,Centro,App,Snacks,Galletas,,1,4500,15,3800,Billetera digital,Recurrente,35-44,3.7,,,27.3,Sí
104761,2026-06-05,6,Junio,23,Viernes,No,No,07:21,Mañana,El Peñón,Domicilio,Bebida fría,Frappé de café,S,2,10600,0,21200,Tarjeta crédito,Nuevo,45-54,,3,,27.3,Sí
104760,2026-06-05,6,Junio,23,Viernes,No,No,07:41,Mañana,El Peñón,Domicilio,Café caliente,Tinto,S,2,3000,0,6000,Tarjeta débito,Nuevo,18-24,,,,27.3,Sí
104749,2026-06-05,6,Junio,23,Viernes,No,No,09:57,Mañana,Centro,Mostrador,Panadería,Muffin,,4,7000,0,28000,Tarjeta débito,Recurrente,18-24,4.9,,,27.3,Sí
104757,2026-06-05,6,Junio,23,Viernes,No,No,11:05,Media mañana,San Antonio,Mostrador,Panadería,Croissant,,1,6500,0,6500,Tarjeta débito,Nuevo,Menos de 18,3.0,5,,27.3,Sí
104753,2026-06-05,6,Junio,23,Viernes,No,No,11:10,Media mañana,Granada,Domicilio,Café caliente,Tinto,M,1,3500,5,3300,Billetera digital,Fidelizado,25-34,,,,27.3,Sí
105637,2026-06-05,6,Junio,23,Viernes,No,No,11:30,Media mañana,Centro,Domicilio,Almuerzo,Sándwich cubano,,43,21000,10,812700,Tarjeta crédito,Fidelizado,35-44,,,Pedido corporativo,27.3,Sí
104751,2026-06-05,6,Junio,23,Viernes,No,No,11:34,Media mañana,Granada,Mostrador,Snacks,Papas de paquete,,1,5000,0,5000,Tarjeta débito,Nuevo,45-54,3.8,,,27.3,Sí
104747,2026-06-05,6,Junio,23,Viernes,No,No,11:59,Media mañana,Centro,Domicilio,Snacks,Galletas,,2,4500,0,9000,Efectivo,Recurrente,35-44,,,,27.3,Sí
104746,2026-06-05,6,Junio,23,Viernes,No,No,12:09,Almuerzo,Centro,Mostrador,Café caliente,Chocolate caliente,S,1,6800,0,6800,Tarjeta crédito,Recurrente,18-24,5.2,3,,27.3,Sí
104744,2026-06-05,6,Junio,23,Viernes,No,No,12:16,Almuerzo,Centro,App,Almuerzo,Bowl vegetariano,,1,22000,15,18700,Tarjeta crédito,Recurrente,45-54,6.6,4,"Bien, pero podría mejorar",27.3,Sí
104756,2026-06-05,6,Junio,23,Viernes,No,No,12:31,Almuerzo,San Antonio,Mostrador,Panadería,Pandebono,,1,2500,0,2500,Billetera digital,Nuevo,18-24,7.2,,,27.3,Sí
104750,2026-06-05,6,Junio,23,Viernes,No,No,13:05,Almuerzo,Centro,App,Almuerzo,Sándwich cubano,,1,21000,15,17800,Billetera digital,Nuevo,18-24,12.3,,,27.3,Sí
104748,2026-06-05,6,Junio,23,Viernes,No,No,13:36,Almuerzo,Centro,Mostrador,Almuerzo,Sándwich cubano,,1,21000,0,21000,Billetera digital,Nuevo,35-44,18.0,,,27.3,Sí
104742,2026-06-05,6,Junio,23,Viernes,No,No,13:52,Almuerzo,Centro,App,Bebida fría,Jugo natural,M,1,8500,15,7200,Tarjeta crédito,Recurrente,25-34,9.5,,,27.3,Sí
104758,2026-06-05,6,Junio,23,Viernes,No,No,14:09,Tarde,Ciudad Jardín,Mostrador,Snacks,Galletas,,1,4500,0,4500,Tarjeta débito,Recurrente,35-44,7.0,,,27.3,Sí
104755,2026-06-05,6,Junio,23,Viernes,No,No,14:30,Tarde,San Antonio,App,Café caliente,Capuchino,M,2,8500,15,14400,Tarjeta débito,Recurrente,45-54,1.4,,,27.3,Sí
104745,2026-06-05,6,Junio,23,Viernes,No,No,16:07,Tarde,Centro,Domicilio,Café caliente,Tinto,M,3,3500,0,10500,Tarjeta crédito,Nuevo,25-34,,,,27.3,Sí
104759,2026-06-05,6,Junio,23,Viernes,No,No,18:52,Noche,El Peñón,Mostrador,Panadería,Muffin,,2,7000,5,13300,Billetera digital,Fidelizado,18-24,5.4,4,,27.3,Sí
104743,2026-06-05,6,Junio,23,Viernes,No,No,19:25,Noche,Centro,App,Bebida fría,Cold brew,L,2,13100,15,22300,Billetera digital,Recurrente,Menos de 18,3.5,,,27.3,Sí
104794,2026-06-06,6,Junio,23,Sábado,Sí,No,06:11,Mañana,San Antonio,Mostrador,Panadería,Pandebono,,1,2500,0,2500,Tarjeta débito,Nuevo,18-24,3.9,4,El pandebono estaba recién hecho,28.1,No
104779,2026-06-06,6,Junio,23,Sábado,Sí,No,06:48,Mañana,Granada,App,Café caliente,Tinto,L,1,4400,15,3700,Tarjeta débito,Recurrente,18-24,4.1,,,28.1,No
104790,2026-06-06,6,Junio,23,Sábado,Sí,No,06:48,Mañana,San Antonio,Domicilio,Panadería,Buñuelo,,2,2200,0,4400,Efectivo,Nuevo,18-24,,,,28.1,No
104773,2026-06-06,6,Junio,23,Sábado,Sí,No,06:50,Mañana,Granada,Mostrador,Café caliente,Capuchino,M,1,8500,0,8500,Billetera digital,Nuevo,25-34,7.6,,,28.1,No
104765,2026-06-06,6,Junio,23,Sábado,Sí,No,06:51,Mañana,Centro,App,Panadería,Buñuelo,,1,2200,15,1900,Tarjeta débito,Recurrente,35-44,0.7,,,28.1,No
104769,2026-06-06,6,Junio,23,Sábado,Sí,No,07:16,Mañana,Granada,App,Panadería,Buñuelo,,1,2200,15,1900,Tarjeta crédito,Recurrente,25-34,3.9,4,,28.1,No
104786,2026-06-06,6,Junio,23,Sábado,Sí,No,07:53,Mañana,Granada,Domicilio,Café caliente,Capuchino,S,2,7200,0,14400,Efectivo,Nuevo,25-34,,,,28.1,No
104784,2026-06-06,6,Junio,23,Sábado,Sí,No,08:19,Mañana,Granada,Mostrador,Café caliente,Latte,S,1,7600,0,7600,Billetera digital,Recurrente,18-24,2.9,,,28.1,No
104768,2026-06-06,6,Junio,23,Sábado,Sí,No,08:38,Mañana,Granada,Domicilio,Snacks,Galletas,,2,4500,5,8600,Efectivo,Fidelizado,18-24,,5,,28.1,No
104795,2026-06-06,6,Junio,23,Sábado,Sí,No,08:45,Mañana,San Antonio,Mostrador,Panadería,Croissant,,2,6500,5,12400,Efectivo,Fidelizado,18-24,3.8,4,Aceptable,28.1,No
104789,2026-06-06,6,Junio,23,Sábado,Sí,No,08:46,Mañana,San Antonio,App,Café caliente,Tinto,M,1,3500,15,3000,Tarjeta crédito,Recurrente,25-34,1.1,5,El pandebono estaba recién hecho,28.1,No
104800,2026-06-06,6,Junio,23,Sábado,Sí,No,10:02,Media mañana,Ciudad Jardín,Mostrador,Panadería,Pandebono,,1,2500,0,2500,Billetera digital,Recurrente,25-34,1.7,,,28.1,No
104782,2026-06-06,6,Junio,23,Sábado,Sí,No,10:23,Media mañana,Granada,Mostrador,Bebida fría,Jugo natural,L,1,10600,0,10600,Efectivo,Recurrente,25-34,4.9,4,,28.1,No
104777,2026-06-06,6,Junio,23,Sábado,Sí,No,10:24,Media mañana,Granada,App,Bebida fría,Jugo natural,S,4,7200,15,24500,Tarjeta débito,Fidelizado,25-34,1.3,,,28.1,No
104778,2026-06-06,6,Junio,23,Sábado,Sí,No,10:27,Media mañana,Granada,Mostrador,Café caliente,Americano,M,2,5500,0,11000,Billetera digital,Recurrente,25-34,7.4,,,28.1,No
104763,2026-06-06,6,Junio,23,Sábado,Sí,No,10:44,Media mañana,Centro,Mostrador,Almuerzo,Ensalada César,,3,19500,5,55600,Tarjeta débito,Fidelizado,35-44,5.5,,,28.1,No
104772,2026-06-06,6,Junio,23,Sábado,Sí,No,12:17,Almuerzo,Granada,App,Panadería,Croissant,,3,6500,15,16600,Billetera digital,Recurrente,25-34,1.1,,,28.1,No
104783,2026-06-06,6,Junio,23,Sábado,Sí,No,13:11,Almuerzo,Granada,Mostrador,Almuerzo,Bowl vegetariano,,1,22000,5,20900,Efectivo,Fidelizado,25-34,3.6,,,28.1,No
104792,2026-06-06,6,Junio,23,Sábado,Sí,No,13:29,Almuerzo,San Antonio,App,Almuerzo,Sándwich cubano,,1,21000,15,17800,Billetera digital,Fidelizado,25-34,3.2,,,28.1,No
104801,2026-06-06,6,Junio,23,Sábado,Sí,No,13:34,Almuerzo,El Peñón,Mostrador,Café caliente,Latte,M,2,9000,0,18000,Efectivo,Nuevo,25-34,11.2,,,28.1,No
104803,2026-06-06,6,Junio,23,Sábado,Sí,No,13:39,Almuerzo,El Peñón,Mostrador,Almuerzo,Wrap de pollo,,4,18500,0,74000,Billetera digital,Recurrente,25-34,4.4,,,28.1,No
104797,2026-06-06,6,Junio,23,Sábado,Sí,No,13:58,Almuerzo,Ciudad Jardín,Domicilio,Almuerzo,Sándwich cubano,,4,21000,0,84000,Efectivo,Recurrente,25-34,,,,28.1,No
104802,2026-06-06,6,Junio,23,Sábado,Sí,No,14:00,Tarde,El Peñón,Mostrador,Café caliente,Tinto,M,3,3500,5,10000,Efectivo,Fidelizado,45-54,1.5,,,28.1,No
104775,2026-06-06,6,Junio,23,Sábado,Sí,No,15:22,Tarde,Granada,App,Café caliente,Tinto,M,3,3500,15,8900,Tarjeta crédito,Recurrente,18-24,3.9,,,28.1,No
104796,2026-06-06,6,Junio,23,Sábado,Sí,No,15:24,Tarde,San Antonio,Domicilio,Bebida fría,Cold brew,S,2,8900,5,16900,Efectivo,Fidelizado,18-24,,4,,28.1,No
104776,2026-06-06,6,Junio,23,Sábado,Sí,No,15:45,Tarde,Granada,App,Snacks,Empanada,,2,3500,15,6000,Billetera digital,Nuevo,55 o más,0.9,,,28.1,No
104788,2026-06-06,6,Junio,23,Sábado,Sí,No,16:19,Tarde,San Antonio,App,Panadería,Croissant,,1,6500,15,5500,Billetera digital,Recurrente,18-24,2.1,,,28.1,No
104766,2026-06-06,6,Junio,23,Sábado,Sí,No,16:52,Tarde,Centro,Mostrador,Bebida fría,Té helado,M,3,7500,5,21400,Tarjeta crédito,Fidelizado,18-24,3.1,4,,28.1,No
104762,2026-06-06,6,Junio,23,Sábado,Sí,No,17:09,Tarde,Centro,Mostrador,Café caliente,Tinto,M,1,3500,0,3500,Tarjeta débito,Nuevo,25-34,8.0,4,Normal,28.1,No
104799,2026-06-06,6,Junio,23,Sábado,Sí,No,17:09,Tarde,Ciudad Jardín,Domicilio,Snacks,Galletas,,1,4500,0,4500,Tarjeta crédito,Nuevo,25-34,,4,,28.1,No
104767,2026-06-06,6,Junio,23,Sábado,Sí,No,18:33,Noche,Granada,Mostrador,Café caliente,Tinto,L,1,4400,5,4200,Billetera digital,Fidelizado,18-24,4.0,,,28.1,No
104787,2026-06-06,6,Junio,23,Sábado,Sí,No,18:44,Noche,San Antonio,Mostrador,Bebida fría,Limonada de coco,S,1,9400,0,9400,Tarjeta crédito,Recurrente,35-44,4.7,,,28.1,No
104785,2026-06-06,6,Junio,23,Sábado,Sí,No,18:47,Noche,Granada,Mostrador,Café caliente,Mocaccino,M,2,9500,5,18000,Efectivo,Fidelizado,18-24,3.7,,,28.1,No
104764,2026-06-06,6,Junio,23,Sábado,Sí,No,19:06,Noche,Centro,Domicilio,Bebida fría,Jugo natural,S,2,7200,0,14400,Billetera digital,Recurrente,25-34,,,,28.1,No
104770,2026-06-06,6,Junio,23,Sábado,Sí,No,19:13,Noche,Granada,App,Bebida fría,Cold brew,S,1,8900,15,7600,Billetera digital,Recurrente,25-34,3.2,,,28.1,No
104780,2026-06-06,6,Junio,23,Sábado,Sí,No,19:27,Noche,Granada,Mostrador,Bebida fría,Limonada de coco,M,1,11000,0,11000,Billetera digital,Recurrente,25-34,3.4,,,28.1,No
104798,2026-06-06,6,Junio,23,Sábado,Sí,No,19:36,Noche,Ciudad Jardín,Mostrador,Bebida fría,Té helado,M,2,7500,0,15000,Efectivo,Recurrente,25-34,4.9,,,28.1,No
104791,2026-06-06,6,Junio,23,Sábado,Sí,No,20:00,Noche,San Antonio,Mostrador,Panadería,Pandebono,,3,2500,5,7100,Billetera digital,Fidelizado,18-24,4.3,,,28.1,No
104793,2026-06-06,6,Junio,23,Sábado,Sí,No,20:06,Noche,San Antonio,App,Bebida fría,Frappé de café,M,1,12500,15,10600,Tarjeta débito,Fidelizado,55 o más,1.9,,,28.1,No
104771,2026-06-06,6,Junio,23,Sábado,Sí,No,20:07,Noche,Granada,App,Bebida fría,Jugo natural,L,1,10600,15,9000,Tarjeta crédito,Recurrente,55 o más,4.0,,,28.1,No
104774,2026-06-06,6,Junio,23,Sábado,Sí,No,20:12,Noche,Granada,Mostrador,Panadería,Pandebono,,2,2500,5,4800,Tarjeta débito,Fidelizado,25-34,7.7,,,28.1,No
104781,2026-06-06,6,Junio,23,Sábado,Sí,No,20:26,Noche,Granada,Mostrador,Café caliente,Tinto,M,1,3500,5,3300,Tarjeta débito,Fidelizado,45-54,3.3,5,El pandebono estaba recién hecho,28.1,No
104809,2026-06-07,6,Junio,23,Domingo,Sí,No,07:07,Mañana,Granada,App,Panadería,Pandebono,,1,2500,15,2100,Tarjeta débito,Fidelizado,18-24,1.8,5,Muy buen café,27.8,No
104819,2026-06-07,6,Junio,23,Domingo,Sí,No,07:08,Mañana,San Antonio,Mostrador,Panadería,Croissant,,2,6500,0,13000,Tarjeta crédito,Recurrente,35-44,2.7,,,27.8,No
104835,2026-06-07,6,Junio,23,Domingo,Sí,No,07:44,Mañana,El Peñón,Mostrador,Snacks,Galletas,,1,4500,5,4300,Tarjeta crédito,Fidelizado,18-24,4.8,,,27.8,No
104838,2026-06-07,6,Junio,23,Domingo,Sí,No,07:50,Mañana,El Peñón,Mostrador,Panadería,Buñuelo,,1,2200,0,2200,Efectivo,Nuevo,55 o más,8.2,,,27.8,No
104806,2026-06-07,6,Junio,23,Domingo,Sí,No,08:39,Mañana,Granada,App,Panadería,Pandebono,,1,2500,15,2100,Tarjeta crédito,Recurrente,45-54,2.5,4,Rico pero un poco demorado,27.8,No
104836,2026-06-07,6,Junio,23,Domingo,Sí,No,08:50,Mañana,El Peñón,App,Panadería,Buñuelo,,1,2200,15,1900,Billetera digital,Recurrente,35-44,0.9,5,Rápido y amable,27.8,No
104829,2026-06-07,6,Junio,23,Domingo,Sí,No,10:01,Media mañana,El Peñón,Mostrador,Panadería,Pandebono,,3,2500,5,7100,Tarjeta débito,Fidelizado,25-34,6.1,,,27.8,No
104833,2026-06-07,6,Junio,23,Domingo,Sí,No,10:03,Media mañana,El Peñón,App,Panadería,Buñuelo,,1,2200,15,1900,Tarjeta crédito,Fidelizado,18-24,2.3,5,,27.8,No
104815,2026-06-07,6,Junio,23,Domingo,Sí,No,10:16,Media mañana,Granada,App,Café caliente,Capuchino,S,2,7200,15,12200,Billetera digital,Fidelizado,25-34,5.9,,,27.8,No
104839,2026-06-07,6,Junio,23,Domingo,Sí,No,10:23,Media mañana,El Peñón,App,Panadería,Pandebono,,1,2500,15,2100,Billetera digital,Recurrente,35-44,2.0,,,27.8,No
104807,2026-06-07,6,Junio,23,Domingo,Sí,No,10:56,Media mañana,Granada,Mostrador,Café caliente,Capuchino,M,1,8500,0,8500,Tarjeta crédito,Recurrente,45-54,4.3,,,27.8,No
104813,2026-06-07,6,Junio,23,Domingo,Sí,No,11:18,Media mañana,Granada,App,Bebida fría,Té helado,M,1,7500,15,6400,Tarjeta crédito,Fidelizado,25-34,1.4,,,27.8,No
104823,2026-06-07,6,Junio,23,Domingo,Sí,No,11:20,Media mañana,San Antonio,Mostrador,Snacks,Papas de paquete,,1,5000,0,5000,Tarjeta crédito,Recurrente,25-34,3.1,,,27.8,No
104811,2026-06-07,6,Junio,23,Domingo,Sí,No,11:34,Media mañana,Granada,Mostrador,Snacks,Empanada,,1,3500,0,3500,Billetera digital,Recurrente,25-34,5.3,4,Rico pero un poco demorado,27.8,No
104814,2026-06-07,6,Junio,23,Domingo,Sí,No,11:48,Media mañana,Granada,App,Café caliente,Americano,S,1,4700,15,4000,Tarjeta débito,Recurrente,Menos de 18,2.4,,,27.8,No
104805,2026-06-07,6,Junio,23,Domingo,Sí,No,11:57,Media mañana,Granada,Mostrador,Café caliente,Americano,S,1,4700,5,4500,Billetera digital,Fidelizado,35-44,5.6,,,27.8,No
104804,2026-06-07,6,Junio,23,Domingo,Sí,No,12:15,Almuerzo,Granada,Mostrador,Café caliente,Americano,M,2,5500,0,11000,Tarjeta débito,Nuevo,35-44,7.5,4,Aceptable,27.8,No
104828,2026-06-07,6,Junio,23,Domingo,Sí,No,12:23,Almuerzo,El Peñón,Mostrador,Café caliente,Latte,M,1,9000,0,9000,Tarjeta débito,Recurrente,35-44,9.0,,,27.8,No
104832,2026-06-07,6,Junio,23,Domingo,Sí,No,12:23,Almuerzo,El Peñón,Domicilio,Panadería,Muffin,,1,7000,0,7000,Efectivo,Recurrente,35-44,,4,,27.8,No
104808,2026-06-07,6,Junio,23,Domingo,Sí,No,12:34,Almuerzo,Granada,Domicilio,Snacks,Papas de paquete,,1,5000,0,5000,Tarjeta débito,Recurrente,55 o más,,,,27.8,No
104834,2026-06-07,6,Junio,23,Domingo,Sí,No,13:15,Almuerzo,El Peñón,App,Bebida fría,Frappé de café,L,2,15600,15,26500,Billetera digital,Fidelizado,35-44,4.6,,,27.8,No
104830,2026-06-07,6,Junio,23,Domingo,Sí,No,13:27,Almuerzo,El Peñón,Mostrador,Snacks,Empanada,,1,3500,0,3500,Tarjeta crédito,Recurrente,Menos de 18,7.5,,,27.8,No
104821,2026-06-07,6,Junio,23,Domingo,Sí,No,13:34,Almuerzo,San Antonio,Domicilio,Almuerzo,Bowl vegetariano,,1,22000,0,22000,Tarjeta débito,Recurrente,25-34,,,,27.8,No
104837,2026-06-07,6,Junio,23,Domingo,Sí,No,14:38,Tarde,El Peñón,Mostrador,Snacks,Galletas,,1,4500,0,4500,Tarjeta débito,Recurrente,18-24,1.8,4,,27.8,No
104825,2026-06-07,6,Junio,23,Domingo,Sí,No,15:08,Tarde,Ciudad Jardín,Mostrador,Almuerzo,Ensalada César,,1,19500,0,19500,Tarjeta crédito,Recurrente,25-34,2.1,,,27.8,No
104812,2026-06-07,6,Junio,23,Domingo,Sí,No,16:19,Tarde,Granada,Domicilio,Café caliente,Americano,L,2,6900,5,13100,Tarjeta crédito,Fidelizado,25-34,,3,,27.8,No
104820,2026-06-07,6,Junio,23,Domingo,Sí,No,16:24,Tarde,San Antonio,Mostrador,Café caliente,Latte,M,1,9000,5,8600,Billetera digital,Fidelizado,25-34,3.8,4,,27.8,No
104816,2026-06-07,6,Junio,23,Domingo,Sí,No,16:26,Tarde,Granada,Mostrador,Café caliente,Tinto,L,1,4400,0,4400,Tarjeta crédito,Recurrente,35-44,4.6,5,,27.8,No
104827,2026-06-07,6,Junio,23,Domingo,Sí,No,16:37,Tarde,Ciudad Jardín,Mostrador,Almuerzo,Wrap de pollo,,2,18500,0,37000,Tarjeta débito,Recurrente,25-34,2.4,,,27.8,No
104822,2026-06-07,6,Junio,23,Domingo,Sí,No,16:42,Tarde,San Antonio,Domicilio,Bebida fría,Jugo natural,M,2,8500,0,17000,Tarjeta débito,Nuevo,25-34,,,,27.8,No
104818,2026-06-07,6,Junio,23,Domingo,Sí,No,17:38,Tarde,San Antonio,Mostrador,Panadería,Pandebono,,4,2500,5,9500,Efectivo,Fidelizado,Menos de 18,3.6,,,27.8,No
104831,2026-06-07,6,Junio,23,Domingo,Sí,No,18:37,Noche,El Peñón,Mostrador,Snacks,Papas de paquete,,2,5000,0,10000,Tarjeta débito,Nuevo,35-44,1.9,,,27.8,No
104810,2026-06-07,6,Junio,23,Domingo,Sí,No,19:35,Noche,Granada,Mostrador,Café caliente,Tinto,L,1,4400,5,4200,Billetera digital,Fidelizado,18-24,1.7,4,Aceptable,27.8,No
104826,2026-06-07,6,Junio,23,Domingo,Sí,No,20:06,Noche,Ciudad Jardín,Mostrador,Bebida fría,Jugo natural,L,3,10600,0,31800,Tarjeta débito,Recurrente,45-54,5.5,,,27.8,No
104824,2026-06-07,6,Junio,23,Domingo,Sí,No,20:11,Noche,San Antonio,Mostrador,Café caliente,Tinto,M,2,3500,0,7000,Tarjeta débito,Recurrente,18-24,5.4,5,Muy buen café,27.8,No
104817,2026-06-07,6,Junio,23,Domingo,Sí,No,20:58,Noche,San Antonio,Mostrador,Almuerzo,Bowl vegetariano,,2,22000,0,44000,Efectivo,Nuevo,55 o más,1.1,,,27.8,No
104841,2026-06-08,6,Junio,24,Lunes,No,Sí,06:01,Mañana,Granada,Domicilio,Panadería,Pandebono,,1,2500,5,2400,Tarjeta débito,Fidelizado,25-34,,,,27.1,No
104851,2026-06-08,6,Junio,24,Lunes,No,Sí,06:03,Mañana,Granada,Mostrador,Panadería,Croissant,,1,6500,0,6500,Tarjeta crédito,Recurrente,35-44,5.4,,,27.1,No
104840,2026-06-08,6,Junio,24,Lunes,No,Sí,06:12,Mañana,Granada,Mostrador,Café caliente,Latte,L,1,11200,0,11200,Tarjeta crédito,Nuevo,45-54,10.6,,,27.1,No
104863,2026-06-08,6,Junio,24,Lunes,No,Sí,07:11,Mañana,San Antonio,Mostrador,Panadería,Pandebono,,2,2500,0,5000,Tarjeta débito,Nuevo,35-44,1.8,4,,27.1,No
104877,2026-06-08,6,Junio,24,Lunes,No,Sí,07:19,Mañana,El Peñón,App,Café caliente,Americano,M,2,5500,15,9400,Billetera digital,Recurrente,25-34,0.9,,,27.1,No
104845,2026-06-08,6,Junio,24,Lunes,No,Sí,07:23,Mañana,Granada,Mostrador,Panadería,Buñuelo,,1,2200,0,2200,Billetera digital,Recurrente,25-34,4.6,3,Rico pero un poco demorado,27.1,No
104847,2026-06-08,6,Junio,24,Lunes,No,Sí,07:25,Mañana,Granada,App,Panadería,Muffin,,1,7000,15,6000,Tarjeta débito,Nuevo,55 o más,3.9,,,27.1,No
104864,2026-06-08,6,Junio,24,Lunes,No,Sí,07:28,Mañana,San Antonio,App,Café caliente,Tinto,M,1,3500,15,3000,Tarjeta crédito,Recurrente,35-44,1.6,5,,27.1,No
104869,2026-06-08,6,Junio,24,Lunes,No,Sí,07:35,Mañana,Ciudad Jardín,Mostrador,Panadería,Torta de zanahoria,,1,9000,0,9000,Tarjeta débito,Nuevo,45-54,5.4,,,27.1,No
104844,2026-06-08,6,Junio,24,Lunes,No,Sí,08:02,Mañana,Granada,Domicilio,Panadería,Pandebono,,2,2500,0,5000,Tarjeta débito,Recurrente,25-34,,,,27.1,No
104871,2026-06-08,6,Junio,24,Lunes,No,Sí,08:07,Mañana,El Peñón,Domicilio,Café caliente,Tinto,M,1,3500,0,3500,Efectivo,Recurrente,25-34,,,,27.1,No
104866,2026-06-08,6,Junio,24,Lunes,No,Sí,08:22,Mañana,Ciudad Jardín,Mostrador,Café caliente,Capuchino,S,1,7200,0,7200,Tarjeta crédito,Recurrente,35-44,2.5,,,27.1,No
104855,2026-06-08,6,Junio,24,Lunes,No,Sí,08:57,Mañana,San Antonio,Mostrador,Bebida fría,Frappé de café,M,1,12500,5,11900,Billetera digital,Fidelizado,55 o más,3.1,5,El pandebono estaba recién hecho,27.1,No
104857,2026-06-08,6,Junio,24,Lunes,No,Sí,09:25,Mañana,San Antonio,Mostrador,Café caliente,Tinto,L,1,4400,0,4400,Tarjeta crédito,Recurrente,Menos de 18,4.0,4,El pandebono estaba recién hecho,27.1,No
104848,2026-06-08,6,Junio,24,Lunes,No,Sí,10:44,Media mañana,Granada,Mostrador,Snacks,Empanada,,3,3500,0,10500,Tarjeta crédito,Recurrente,45-54,6.7,,,27.1,No
104862,2026-06-08,6,Junio,24,Lunes,No,Sí,10:44,Media mañana,San Antonio,App,Café caliente,Capuchino,M,4,8500,15,28900,Billetera digital,Recurrente,25-34,2.9,5,La app funciona bien,27.1,No
104875,2026-06-08,6,Junio,24,Lunes,No,Sí,11:13,Media mañana,El Peñón,App,Almuerzo,Wrap de pollo,,1,18500,15,15700,Tarjeta débito,Recurrente,25-34,1.0,4,,27.1,No
104861,2026-06-08,6,Junio,24,Lunes,No,Sí,11:15,Media mañana,San Antonio,Domicilio,Almuerzo,Wrap de pollo,,4,18500,0,74000,Tarjeta débito,Recurrente,35-44,,4,Rápido y amable,27.1,No
104852,2026-06-08,6,Junio,24,Lunes,No,Sí,11:20,Media mañana,Granada,Mostrador,Panadería,Buñuelo,,2,2200,0,4400,Efectivo,Nuevo,35-44,6.7,3,,27.1,No
104865,2026-06-08,6,Junio,24,Lunes,No,Sí,11:22,Media mañana,Ciudad Jardín,Mostrador,Café caliente,Tinto,M,2,3500,0,7000,Efectivo,Recurrente,35-44,3.3,5,,27.1,No
104859,2026-06-08,6,Junio,24,Lunes,No,Sí,11:26,Media mañana,San Antonio,Mostrador,Bebida fría,Cold brew,L,1,13100,0,13100,Tarjeta crédito,Recurrente,18-24,3.9,,,27.1,No
104873,2026-06-08,6,Junio,24,Lunes,No,Sí,11:30,Media mañana,El Peñón,Mostrador,Café caliente,Capuchino,M,2,8500,0,17000,Billetera digital,Recurrente,35-44,4.5,4,,27.1,No
104856,2026-06-08,6,Junio,24,Lunes,No,Sí,11:47,Media mañana,San Antonio,Mostrador,Café caliente,Capuchino,M,2,8500,0,17000,Tarjeta crédito,Nuevo,18-24,2.1,,,27.1,No
104878,2026-06-08,6,Junio,24,Lunes,No,Sí,11:58,Media mañana,El Peñón,Domicilio,Bebida fría,Frappé de café,L,2,15600,0,31200,Efectivo,Recurrente,25-34,,,,27.1,No
104867,2026-06-08,6,Junio,24,Lunes,No,Sí,12:56,Almuerzo,Ciudad Jardín,App,Almuerzo,Bowl vegetariano,,2,22000,15,37400,Billetera digital,Fidelizado,25-34,4.4,,,27.1,No
104872,2026-06-08,6,Junio,24,Lunes,No,Sí,13:16,Almuerzo,El Peñón,App,Almuerzo,Wrap de pollo,,2,18500,15,31400,Tarjeta crédito,Fidelizado,25-34,5.2,,,27.1,No
104853,2026-06-08,6,Junio,24,Lunes,No,Sí,13:19,Almuerzo,Granada,Mostrador,Almuerzo,Ensalada César,,1,19500,0,19500,Billetera digital,Recurrente,45-54,7.0,,,27.1,No
104846,2026-06-08,6,Junio,24,Lunes,No,Sí,13:22,Almuerzo,Granada,Mostrador,Almuerzo,Wrap de pollo,,1,18500,0,18500,Tarjeta crédito,Recurrente,55 o más,3.9,,,27.1,No
104854,2026-06-08,6,Junio,24,Lunes,No,Sí,13:29,Almuerzo,Granada,Mostrador,Almuerzo,Bowl vegetariano,,4,22000,0,88000,Efectivo,Recurrente,35-44,8.4,4,,27.1,No
104849,2026-06-08,6,Junio,24,Lunes,No,Sí,14:00,Tarde,Granada,Mostrador,Almuerzo,Wrap de pollo,,3,18500,5,52700,Efectivo,Fidelizado,25-34,1.1,,,27.1,No
104850,2026-06-08,6,Junio,24,Lunes,No,Sí,14:14,Tarde,Granada,Mostrador,Bebida fría,Té helado,M,3,7500,0,22500,Tarjeta débito,Recurrente,25-34,2.5,,,27.1,No
104870,2026-06-08,6,Junio,24,Lunes,No,Sí,14:19,Tarde,El Peñón,Domicilio,Snacks,Papas de paquete,,1,5000,0,5000,Tarjeta crédito,Recurrente,35-44,,,,27.1,No
104876,2026-06-08,6,Junio,24,Lunes,No,Sí,14:50,Tarde,El Peñón,Mostrador,Bebida fría,Frappé de café,S,1,10600,5,10100,Tarjeta crédito,Fidelizado,25-34,2.2,,,27.1,No
104842,2026-06-08,6,Junio,24,Lunes,No,Sí,15:41,Tarde,Granada,Mostrador,Café caliente,Americano,M,1,5500,0,5500,Billetera digital,Nuevo,18-24,7.6,,,27.1,No
104843,2026-06-08,6,Junio,24,Lunes,No,Sí,17:23,Tarde,Granada,App,Café caliente,Mocaccino,M,1,9500,15,8100,Tarjeta débito,Recurrente,45-54,2.4,,,27.1,No
104868,2026-06-08,6,Junio,24,Lunes,No,Sí,17:42,Tarde,Ciudad Jardín,App,Snacks,Galletas,,2,4500,15,7600,Billetera digital,Recurrente,18-24,3.1,,,27.1,No
104874,2026-06-08,6,Junio,24,Lunes,No,Sí,17:56,Tarde,El Peñón,Mostrador,Café caliente,Mocaccino,S,2,8100,0,16200,Tarjeta crédito,Nuevo,18-24,2.4,4,,27.1,No
104858,2026-06-08,6,Junio,24,Lunes,No,Sí,18:41,Noche,San Antonio,Mostrador,Bebida fría,Frappé de café,M,1,12500,0,12500,Tarjeta débito,Recurrente,18-24,2.5,,,27.1,No
104860,2026-06-08,6,Junio,24,Lunes,No,Sí,19:43,Noche,San Antonio,Domicilio,Snacks,Galletas,,3,4500,0,13500,Efectivo,Nuevo,35-44,,,,27.1,No
104902,2026-06-09,6,Junio,24,Martes,No,No,06:12,Mañana,Ciudad Jardín,Mostrador,Panadería,Pandebono,,2,2500,5,4800,Tarjeta crédito,Fidelizado,35-44,2.3,5,El pandebono estaba recién hecho,27.6,No
104881,2026-06-09,6,Junio,24,Martes,No,No,06:13,Mañana,Centro,Mostrador,Café caliente,Americano,M,1,5500,0,5500,Efectivo,Recurrente,35-44,7.6,,,27.6,No
104898,2026-06-09,6,Junio,24,Martes,No,No,06:43,Mañana,San Antonio,App,Panadería,Pandebono,,1,2500,15,2100,Tarjeta crédito,Fidelizado,18-24,3.7,5,,27.6,No
104907,2026-06-09,6,Junio,24,Martes,No,No,06:45,Mañana,El Peñón,Mostrador,Café caliente,Capuchino,S,4,7200,5,27400,Tarjeta crédito,Fidelizado,25-34,5.5,5,,27.6,No
104908,2026-06-09,6,Junio,24,Martes,No,No,07:47,Mañana,El Peñón,App,Panadería,Croissant,,2,6500,15,11000,Tarjeta crédito,Nuevo,55 o más,2.8,4,,27.6,No
104893,2026-06-09,6,Junio,24,Martes,No,No,08:25,Mañana,Granada,App,Snacks,Papas de paquete,,2,5000,15,8500,Tarjeta crédito,Nuevo,18-24,1.6,,,27.6,No
104885,2026-06-09,6,Junio,24,Martes,No,No,08:43,Mañana,Centro,Mostrador,Café caliente,Capuchino,S,2,7200,0,14400,Tarjeta débito,Nuevo,25-34,4.1,,,27.6,No
104894,2026-06-09,6,Junio,24,Martes,No,No,08:43,Mañana,Granada,Mostrador,Panadería,Buñuelo,,1,2200,0,2200,Efectivo,Recurrente,55 o más,2.8,,,27.6,No
104910,2026-06-09,6,Junio,24,Martes,No,No,09:15,Mañana,El Peñón,Domicilio,Snacks,Galletas,,1,4500,0,4500,Efectivo,Nuevo,25-34,,,,27.6,No
104887,2026-06-09,6,Junio,24,Martes,No,No,09:22,Mañana,Centro,App,Panadería,Croissant,,1,6500,15,5500,Tarjeta débito,Nuevo,18-24,4.5,,,27.6,No
104904,2026-06-09,6,Junio,24,Martes,No,No,10:21,Media mañana,Ciudad Jardín,App,Café caliente,Latte,M,3,9000,15,23000,Tarjeta débito,Fidelizado,35-44,1.5,5,,27.6,No
104900,2026-06-09,6,Junio,24,Martes,No,No,10:23,Media mañana,Ciudad Jardín,Mostrador,Panadería,Pandebono,,3,2500,0,7500,Tarjeta débito,Nuevo,35-44,6.9,,,27.6,No
104899,2026-06-09,6,Junio,24,Martes,No,No,10:24,Media mañana,San Antonio,App,Bebida fría,Té helado,M,2,7500,15,12800,Tarjeta crédito,Nuevo,18-24,1.8,,,27.6,No
104912,2026-06-09,6,Junio,24,Martes,No,No,10:47,Media mañana,El Peñón,Mostrador,Snacks,Empanada,,2,3500,0,7000,Tarjeta débito,Nuevo,25-34,3.1,5,,27.6,No
104895,2026-06-09,6,Junio,24,Martes,No,No,11:25,Media mañana,San Antonio,Domicilio,Snacks,Papas de paquete,,1,5000,5,4800,Tarjeta débito,Fidelizado,25-34,,,,27.6,No
104879,2026-06-09,6,Junio,24,Martes,No,No,12:05,Almuerzo,Centro,App,Almuerzo,Ensalada César,,1,19500,15,16600,Billetera digital,Recurrente,25-34,5.4,5,El pandebono estaba recién hecho,27.6,No
104883,2026-06-09,6,Junio,24,Martes,No,No,12:17,Almuerzo,Centro,Mostrador,Café caliente,Tinto,L,1,4400,0,4400,Tarjeta débito,Recurrente,18-24,16.2,,,27.6,No
104886,2026-06-09,6,Junio,24,Martes,No,No,12:35,Almuerzo,Centro,Domicilio,Almuerzo,Ensalada César,,2,19500,0,39000,Efectivo,Nuevo,25-34,,,,27.6,No
104903,2026-06-09,6,Junio,24,Martes,No,No,12:39,Almuerzo,Ciudad Jardín,Mostrador,Almuerzo,Wrap de pollo,,1,18500,0,18500,Tarjeta crédito,Recurrente,25-34,7.9,4,,27.6,No
104884,2026-06-09,6,Junio,24,Martes,No,No,12:48,Almuerzo,Centro,App,Almuerzo,Wrap de pollo,,2,18500,15,31400,Billetera digital,Recurrente,25-34,6.1,,,27.6,No
104882,2026-06-09,6,Junio,24,Martes,No,No,12:51,Almuerzo,Centro,Mostrador,Almuerzo,Wrap de pollo,,1,18500,0,18500,Efectivo,Nuevo,55 o más,23.2,,,27.6,No
104901,2026-06-09,6,Junio,24,Martes,No,No,13:05,Almuerzo,Ciudad Jardín,App,Almuerzo,Ensalada César,,1,19500,15,16600,Billetera digital,Recurrente,25-34,2.5,,,27.6,No
104880,2026-06-09,6,Junio,24,Martes,No,No,13:22,Almuerzo,Centro,App,Almuerzo,Wrap de pollo,,1,18500,15,15700,Tarjeta débito,Nuevo,35-44,3.6,,,27.6,No
104897,2026-06-09,6,Junio,24,Martes,No,No,13:52,Almuerzo,San Antonio,App,Bebida fría,Cold brew,M,1,10500,15,8900,Tarjeta crédito,Recurrente,25-34,3.2,,,27.6,No
104905,2026-06-09,6,Junio,24,Martes,No,No,13:58,Almuerzo,Ciudad Jardín,Mostrador,Almuerzo,Wrap de pollo,,3,18500,5,52700,Tarjeta débito,Fidelizado,35-44,5.1,5,Muy buen café,27.6,No
104888,2026-06-09,6,Junio,24,Martes,No,No,14:13,Tarde,Centro,Mostrador,Snacks,Empanada,,1,3500,0,3500,Billetera digital,Recurrente,18-24,2.9,4,,27.6,No
104891,2026-06-09,6,Junio,24,Martes,No,No,14:57,Tarde,Granada,Mostrador,Almuerzo,Sándwich cubano,,2,21000,5,39900,Tarjeta débito,Fidelizado,25-34,2.3,5,El pandebono estaba recién hecho,27.6,No
104906,2026-06-09,6,Junio,24,Martes,No,No,15:08,Tarde,El Peñón,Mostrador,Bebida fría,Té helado,M,1,7500,0,7500,Billetera digital,Recurrente,25-34,1.4,,,27.6,No
104909,2026-06-09,6,Junio,24,Martes,No,No,15:14,Tarde,El Peñón,Mostrador,Snacks,Papas de paquete,,1,5000,5,4800,Efectivo,Fidelizado,35-44,2.7,,,27.6,No
104890,2026-06-09,6,Junio,24,Martes,No,No,15:17,Tarde,Centro,Mostrador,Bebida fría,Jugo natural,S,2,7200,5,13700,Efectivo,Fidelizado,35-44,3.1,,,27.6,No
104913,2026-06-09,6,Junio,24,Martes,No,No,16:25,Tarde,El Peñón,Domicilio,Café caliente,Latte,M,1,9000,0,9000,Efectivo,Nuevo,35-44,,,,27.6,No
104889,2026-06-09,6,Junio,24,Martes,No,No,16:46,Tarde,Centro,App,Snacks,Papas de paquete,,1,5000,15,4200,Billetera digital,Nuevo,45-54,1.4,3,Bueno,27.6,No
104896,2026-06-09,6,Junio,24,Martes,No,No,16:47,Tarde,San Antonio,Mostrador,Bebida fría,Cold brew,M,3,10500,5,29900,Billetera digital,Fidelizado,18-24,3.5,,,27.6,No
104911,2026-06-09,6,Junio,24,Martes,No,No,16:57,Tarde,El Peñón,Mostrador,Snacks,Empanada,,1,3500,0,3500,Billetera digital,Recurrente,25-34,3.7,4,,27.6,No
104892,2026-06-09,6,Junio,24,Martes,No,No,17:24,Tarde,Granada,Mostrador,Snacks,Papas de paquete,,3,5000,0,15000,Tarjeta débito,Recurrente,35-44,2.9,5,,27.6,No
104916,2026-06-10,6,Junio,24,Miércoles,No,No,06:32,Mañana,Centro,App,Café caliente,Americano,L,1,6900,15,5900,Tarjeta crédito,Recurrente,25-34,2.4,4,,26.7,No
104927,2026-06-10,6,Junio,24,Miércoles,No,No,06:41,Mañana,Granada,App,Café caliente,Latte,S,2,7600,15,12900,Tarjeta débito,Recurrente,45-54,3.8,,,26.7,No
104926,2026-06-10,6,Junio,24,Miércoles,No,No,07:03,Mañana,Centro,Mostrador,Café caliente,Latte,L,1,11200,5,10600,Billetera digital,Fidelizado,35-44,12.5,4,Aceptable,26.7,No
104917,2026-06-10,6,Junio,24,Miércoles,No,No,07:36,Mañana,Centro,Domicilio,Panadería,Buñuelo,,1,2200,0,2200,Efectivo,Recurrente,Menos de 18,,3,,26.7,No
104940,2026-06-10,6,Junio,24,Miércoles,No,No,07:41,Mañana,El Peñón,App,Panadería,Buñuelo,,4,2200,15,7500,Tarjeta crédito,Nuevo,35-44,3.2,,,26.7,No
104925,2026-06-10,6,Junio,24,Miércoles,No,No,08:13,Mañana,Centro,Mostrador,Snacks,Galletas,,2,4500,0,9000,Efectivo,Nuevo,Menos de 18,5.9,5,,26.7,No
104923,2026-06-10,6,Junio,24,Miércoles,No,No,08:17,Mañana,Centro,App,Café caliente,Capuchino,M,2,8500,15,14400,Tarjeta débito,Fidelizado,18-24,4.1,,,26.7,No
104915,2026-06-10,6,Junio,24,Miércoles,No,No,09:13,Mañana,Centro,App,Panadería,Torta de zanahoria,,2,9000,15,15300,Tarjeta débito,Fidelizado,35-44,4.5,5,,26.7,No
104920,2026-06-10,6,Junio,24,Miércoles,No,No,09:20,Mañana,Centro,Mostrador,Café caliente,Tinto,L,2,4400,5,8400,Billetera digital,Fidelizado,25-34,4.5,,,26.7,No
104918,2026-06-10,6,Junio,24,Miércoles,No,No,09:45,Mañana,Centro,App,Bebida fría,Limonada de coco,M,1,11000,15,9400,Billetera digital,Recurrente,25-34,4.1,,,26.7,No
104941,2026-06-10,6,Junio,24,Miércoles,No,No,10:06,Media mañana,El Peñón,App,Almuerzo,Ensalada César,,3,19500,15,49700,Billetera digital,Recurrente,25-34,3.5,4,Normal,26.7,No
104939,2026-06-10,6,Junio,24,Miércoles,No,No,11:55,Media mañana,El Peñón,Domicilio,Panadería,Pandebono,,1,2500,0,2500,Billetera digital,Nuevo,25-34,,,,26.7,No
104931,2026-06-10,6,Junio,24,Miércoles,No,No,12:06,Almuerzo,Granada,Mostrador,Snacks,Papas de paquete,,1,5000,0,5000,Billetera digital,Recurrente,25-34,8.0,,,26.7,No
104922,2026-06-10,6,Junio,24,Miércoles,No,No,12:45,Almuerzo,Centro,Mostrador,Bebida fría,Frappé de café,M,2,12500,0,25000,Tarjeta crédito,Nuevo,25-34,13.2,3,,26.7,No
104937,2026-06-10,6,Junio,24,Miércoles,No,No,13:07,Almuerzo,Ciudad Jardín,App,Almuerzo,Ensalada César,,1,19500,15,16600,Tarjeta débito,Recurrente,25-34,4.0,,,26.7,No
104919,2026-06-10,6,Junio,24,Miércoles,No,No,13:10,Almuerzo,Centro,Domicilio,Snacks,Galletas,,1,4500,0,4500,Tarjeta débito,Recurrente,25-34,,4,,26.7,No
104942,2026-06-10,6,Junio,24,Miércoles,No,No,13:10,Almuerzo,El Peñón,Mostrador,Snacks,Barra de granola,,1,5500,5,5200,Tarjeta débito,Fidelizado,35-44,7.3,,,26.7,No
104924,2026-06-10,6,Junio,24,Miércoles,No,No,13:15,Almuerzo,Centro,Mostrador,Almuerzo,Sándwich cubano,,2,21000,0,42000,Billetera digital,Nuevo,35-44,17.2,,,26.7,No
104921,2026-06-10,6,Junio,24,Miércoles,No,No,13:20,Almuerzo,Centro,App,Almuerzo,Sándwich cubano,,2,21000,15,35700,Tarjeta débito,Fidelizado,55 o más,4.8,,,26.7,No
104936,2026-06-10,6,Junio,24,Miércoles,No,No,13:20,Almuerzo,Ciudad Jardín,Domicilio,Almuerzo,Sándwich cubano,,1,21000,0,21000,Efectivo,Recurrente,18-24,,4,Buen precio por el tamaño,26.7,No
104914,2026-06-10,6,Junio,24,Miércoles,No,No,13:24,Almuerzo,Centro,App,Almuerzo,Sándwich cubano,,1,21000,15,17800,Tarjeta débito,Fidelizado,25-34,4.5,,,26.7,No
104928,2026-06-10,6,Junio,24,Miércoles,No,No,16:21,Tarde,Granada,App,Café caliente,Tinto,M,1,3500,15,3000,Billetera digital,Recurrente,18-24,3.4,,,26.7,No
104929,2026-06-10,6,Junio,24,Miércoles,No,No,16:30,Tarde,Granada,Mostrador,Snacks,Papas de paquete,,1,5000,0,5000,Tarjeta crédito,Recurrente,35-44,6.3,3,"Bien, pero podría mejorar",26.7,No
104938,2026-06-10,6,Junio,24,Miércoles,No,No,17:08,Tarde,Ciudad Jardín,Mostrador,Café caliente,Tinto,M,2,3500,0,7000,Efectivo,Recurrente,45-54,5.0,5,Volveré pronto,26.7,No
104930,2026-06-10,6,Junio,24,Miércoles,No,No,18:08,Noche,Granada,Domicilio,Café caliente,Americano,L,1,6900,0,6900,Efectivo,Recurrente,18-24,,3,"Bien, pero podría mejorar",26.7,No
104934,2026-06-10,6,Junio,24,Miércoles,No,No,18:42,Noche,San Antonio,Mostrador,Café caliente,Tinto,S,2,3000,5,5700,Tarjeta crédito,Fidelizado,35-44,4.0,5,,26.7,No
104935,2026-06-10,6,Junio,24,Miércoles,No,No,19:03,Noche,Ciudad Jardín,App,Café caliente,Latte,M,1,9000,15,7600,Tarjeta crédito,Nuevo,25-34,2.8,,,26.7,No
104943,2026-06-10,6,Junio,24,Miércoles,No,No,19:11,Noche,El Peñón,App,Panadería,Buñuelo,,2,2200,15,3700,Tarjeta débito,Recurrente,18-24,2.6,,,26.7,No
104933,2026-06-10,6,Junio,24,Miércoles,No,No,19:12,Noche,Granada,Mostrador,Snacks,Galletas,,1,4500,0,4500,Billetera digital,Recurrente,18-24,2.3,,,26.7,No
104932,2026-06-10,6,Junio,24,Miércoles,No,No,19:15,Noche,Granada,Mostrador,Snacks,Galletas,,2,4500,5,8600,Efectivo,Fidelizado,35-44,3.1,,,26.7,No
104954,2026-06-11,6,Junio,24,Jueves,No,No,06:33,Mañana,Centro,Mostrador,Snacks,Empanada,,1,3500,0,3500,Efectivo,Recurrente,35-44,4.3,,,28.3,No
104947,2026-06-11,6,Junio,24,Jueves,No,No,06:47,Mañana,Centro,App,Bebida fría,Limonada de coco,L,1,13800,15,11700,Tarjeta crédito,Fidelizado,25-34,2.7,4,Rápido y amable,28.3,No
104976,2026-06-11,6,Junio,24,Jueves,No,No,06:47,Mañana,El Peñón,Mostrador,Panadería,Muffin,,2,7000,5,13300,Efectivo,Fidelizado,45-54,1.7,,,28.3,No
104970,2026-06-11,6,Junio,24,Jueves,No,No,07:06,Mañana,Ciudad Jardín,Mostrador,Café caliente,Americano,S,1,4700,5,4500,Tarjeta crédito,Fidelizado,35-44,2.5,,,28.3,No
104952,2026-06-11,6,Junio,24,Jueves,No,No,07:18,Mañana,Centro,Mostrador,Café caliente,Capuchino,S,2,7200,0,14400,Efectivo,Recurrente,Menos de 18,4.6,,,28.3,No
104959,2026-06-11,6,Junio,24,Jueves,No,No,07:51,Mañana,Granada,Mostrador,Bebida fría,Té helado,L,2,9400,0,18800,Tarjeta débito,Nuevo,25-34,1.3,4,Volveré pronto,28.3,No
104949,2026-06-11,6,Junio,24,Jueves,No,No,08:12,Mañana,Centro,Mostrador,Panadería,Buñuelo,,1,2200,0,2200,Efectivo,Nuevo,18-24,5.1,3,,28.3,No
104950,2026-06-11,6,Junio,24,Jueves,No,No,09:01,Mañana,Centro,Domicilio,Panadería,Buñuelo,,2,2200,0,4400,Billetera digital,Recurrente,25-34,,,,28.3,No
104972,2026-06-11,6,Junio,24,Jueves,No,No,09:38,Mañana,El Peñón,Mostrador,Panadería,Buñuelo,,1,2200,0,2200,Tarjeta débito,Recurrente,25-34,4.2,,,28.3,No
104958,2026-06-11,6,Junio,24,Jueves,No,No,09:59,Mañana,Centro,Mostrador,Café caliente,Tinto,L,1,4400,5,4200,Tarjeta débito,Fidelizado,35-44,4.6,,,28.3,No
104964,2026-06-11,6,Junio,24,Jueves,No,No,10:58,Media mañana,San Antonio,Mostrador,Bebida fría,Jugo natural,M,2,8500,5,16200,Tarjeta débito,Fidelizado,18-24,2.9,,,28.3,No
104974,2026-06-11,6,Junio,24,Jueves,No,No,10:58,Media mañana,El Peñón,Mostrador,Snacks,Papas de paquete,,1,5000,0,5000,Efectivo,Nuevo,55 o más,2.5,4,,28.3,No
104963,2026-06-11,6,Junio,24,Jueves,No,No,11:09,Media mañana,San Antonio,App,Café caliente,Tinto,M,3,3500,15,8900,Tarjeta crédito,Recurrente,Menos de 18,1.2,5,Buen precio por el tamaño,28.3,No
104955,2026-06-11,6,Junio,24,Jueves,No,No,11:34,Media mañana,Centro,Domicilio,Bebida fría,Frappé de café,S,1,10600,0,10600,Efectivo,Nuevo,45-54,,5,Excelente atención,28.3,No
104944,2026-06-11,6,Junio,24,Jueves,No,No,11:36,Media mañana,Centro,Mostrador,Panadería,Buñuelo,,2,2200,5,4200,Tarjeta débito,Fidelizado,25-34,4.0,,,28.3,No
104977,2026-06-11,6,Junio,24,Jueves,No,No,12:08,Almuerzo,El Peñón,App,Bebida fría,Cold brew,M,1,10500,15,8900,Tarjeta crédito,Recurrente,25-34,2.3,,,28.3,No
104951,2026-06-11,6,Junio,24,Jueves,No,No,12:11,Almuerzo,Centro,Mostrador,Bebida fría,Limonada de coco,M,1,11000,0,11000,Tarjeta crédito,Nuevo,45-54,22.9,3,Me tocó esperar mucho,28.3,No
104948,2026-06-11,6,Junio,24,Jueves,No,No,12:32,Almuerzo,Centro,Mostrador,Snacks,Papas de paquete,,1,5000,0,5000,Tarjeta débito,Recurrente,35-44,7.9,4,Me encanta el ambiente,28.3,No
104946,2026-06-11,6,Junio,24,Jueves,No,No,12:38,Almuerzo,Centro,Domicilio,Bebida fría,Frappé de café,L,1,15600,5,14800,Tarjeta crédito,Fidelizado,35-44,,5,Muy buen café,28.3,No
104962,2026-06-11,6,Junio,24,Jueves,No,No,13:02,Almuerzo,Granada,Mostrador,Almuerzo,Sándwich cubano,,1,21000,0,21000,Tarjeta débito,Recurrente,Menos de 18,10.0,,,28.3,No
104969,2026-06-11,6,Junio,24,Jueves,No,No,13:11,Almuerzo,Ciudad Jardín,Domicilio,Snacks,Papas de paquete,,2,5000,5,9500,Tarjeta débito,Fidelizado,45-54,,,,28.3,No
104965,2026-06-11,6,Junio,24,Jueves,No,No,13:12,Almuerzo,San Antonio,Mostrador,Almuerzo,Wrap de pollo,,1,18500,0,18500,Billetera digital,Recurrente,25-34,5.9,4,El pandebono estaba recién hecho,28.3,No
104966,2026-06-11,6,Junio,24,Jueves,No,No,13:33,Almuerzo,Ciudad Jardín,Domicilio,Bebida fría,Jugo natural,M,2,8500,0,17000,Efectivo,Recurrente,35-44,,,,28.3,No
104945,2026-06-11,6,Junio,24,Jueves,No,No,13:41,Almuerzo,Centro,Mostrador,Almuerzo,Ensalada César,,1,19500,0,19500,Efectivo,Recurrente,45-54,13.0,,,28.3,No
104953,2026-06-11,6,Junio,24,Jueves,No,No,13:45,Almuerzo,Centro,Domicilio,Almuerzo,Sándwich cubano,,4,21000,0,84000,Tarjeta crédito,Recurrente,35-44,,,,28.3,No
104956,2026-06-11,6,Junio,24,Jueves,No,No,13:49,Almuerzo,Centro,App,Almuerzo,Wrap de pollo,,1,18500,15,15700,Tarjeta crédito,Recurrente,25-34,5.7,,,28.3,No
104975,2026-06-11,6,Junio,24,Jueves,No,No,14:22,Tarde,El Peñón,Mostrador,Café caliente,Capuchino,S,1,7200,0,7200,Tarjeta crédito,Recurrente,35-44,2.7,,,28.3,No
104957,2026-06-11,6,Junio,24,Jueves,No,No,17:25,Tarde,Centro,App,Bebida fría,Cold brew,L,2,13100,15,22300,Tarjeta débito,Recurrente,45-54,1.5,,,28.3,No
104971,2026-06-11,6,Junio,24,Jueves,No,No,17:30,Tarde,El Peñón,Mostrador,Panadería,Pandebono,,2,2500,0,5000,Tarjeta crédito,Recurrente,18-24,3.5,,,28.3,No
104968,2026-06-11,6,Junio,24,Jueves,No,No,17:35,Tarde,Ciudad Jardín,Mostrador,Panadería,Croissant,,3,6500,0,19500,Tarjeta crédito,Nuevo,35-44,3.6,4,,28.3,No
104967,2026-06-11,6,Junio,24,Jueves,No,No,18:27,Noche,Ciudad Jardín,App,Panadería,Croissant,,3,6500,15,16600,Tarjeta débito,Fidelizado,45-54,2.3,4,,28.3,No
104960,2026-06-11,6,Junio,24,Jueves,No,No,18:36,Noche,Granada,App,Snacks,Empanada,,1,3500,15,3000,Tarjeta débito,Recurrente,35-44,2.1,,,28.3,No
104961,2026-06-11,6,Junio,24,Jueves,No,No,19:17,Noche,Granada,Domicilio,Snacks,Galletas,,1,4500,0,4500,Efectivo,Recurrente,25-34,,,,28.3,No
104973,2026-06-11,6,Junio,24,Jueves,No,No,19:36,Noche,El Peñón,Domicilio,Café caliente,Tinto,L,2,4400,5,8400,Tarjeta crédito,Fidelizado,18-24,,,,28.3,No
104981,2026-06-12,6,Junio,24,Viernes,No,No,06:26,Mañana,Centro,Mostrador,Panadería,Pandebono,,1,2500,0,2500,Billetera digital,Recurrente,18-24,10.9,,,26.7,No
104979,2026-06-12,6,Junio,24,Viernes,No,No,06:27,Mañana,Centro,Mostrador,Café caliente,Tinto,L,1,4400,5,4200,Tarjeta débito,Fidelizado,25-34,5.0,5,La app funciona bien,26.7,No
104978,2026-06-12,6,Junio,24,Viernes,No,No,06:50,Mañana,Centro,App,Panadería,Pandebono,,4,2500,15,8500,Tarjeta débito,Nuevo,35-44,10.0,,,26.7,No
105011,2026-06-12,6,Junio,24,Viernes,No,No,06:53,Mañana,El Peñón,App,Café caliente,Tinto,L,2,4400,15,7500,Billetera digital,Recurrente,35-44,3.0,,,26.7,No
105006,2026-06-12,6,Junio,24,Viernes,No,No,07:38,Mañana,Ciudad Jardín,Mostrador,Café caliente,Tinto,S,1,3000,5,2800,Billetera digital,Fidelizado,25-34,2.5,4,,26.7,No
104991,2026-06-12,6,Junio,24,Viernes,No,No,08:05,Mañana,Centro,Mostrador,Café caliente,Chocolate caliente,S,1,6800,0,6800,Tarjeta débito,Recurrente,55 o más,9.6,4,,26.7,No
105013,2026-06-12,6,Junio,24,Viernes,No,No,08:16,Mañana,El Peñón,Mostrador,Panadería,Buñuelo,,1,2200,0,2200,Efectivo,Recurrente,18-24,3.0,3,,26.7,No
105004,2026-06-12,6,Junio,24,Viernes,No,No,08:34,Mañana,Ciudad Jardín,Mostrador,Panadería,Buñuelo,,3,2200,5,6300,Efectivo,Fidelizado,55 o más,2.4,5,,26.7,No
104986,2026-06-12,6,Junio,24,Viernes,No,No,08:50,Mañana,Centro,Mostrador,Café caliente,Americano,L,1,6900,0,6900,Tarjeta crédito,Nuevo,55 o más,6.4,,,26.7,No
104988,2026-06-12,6,Junio,24,Viernes,No,No,08:53,Mañana,Centro,Mostrador,Panadería,Muffin,,1,7000,0,7000,Tarjeta débito,Recurrente,25-34,12.2,2,Se demoraron con mi pedido,26.7,No
104984,2026-06-12,6,Junio,24,Viernes,No,No,09:12,Mañana,Centro,App,Café caliente,Tinto,M,2,3500,15,6000,Billetera digital,Fidelizado,25-34,6.0,,,26.7,No
104987,2026-06-12,6,Junio,24,Viernes,No,No,09:53,Mañana,Centro,Mostrador,Café caliente,Tinto,M,1,3500,5,3300,Tarjeta débito,Fidelizado,18-24,7.9,,,26.7,No
105008,2026-06-12,6,Junio,24,Viernes,No,No,11:50,Media mañana,Ciudad Jardín,App,Café caliente,Mocaccino,M,2,9500,15,16200,Tarjeta crédito,Fidelizado,45-54,1.6,4,,26.7,No
105016,2026-06-12,6,Junio,24,Viernes,No,No,12:13,Almuerzo,El Peñón,App,Café caliente,Tinto,M,1,3500,15,3000,Billetera digital,Recurrente,Menos de 18,2.6,5,Muy buen café,26.7,No
104990,2026-06-12,6,Junio,24,Viernes,No,No,12:21,Almuerzo,Centro,App,Snacks,Papas de paquete,,1,5000,15,4200,Billetera digital,Nuevo,35-44,3.9,,,26.7,No
105001,2026-06-12,6,Junio,24,Viernes,No,No,12:37,Almuerzo,San Antonio,Mostrador,Panadería,Pandebono,,1,2500,0,2500,Efectivo,Recurrente,Menos de 18,10.6,3,,26.7,No
105014,2026-06-12,6,Junio,24,Viernes,No,No,12:46,Almuerzo,El Peñón,App,Panadería,Croissant,,1,6500,15,5500,Billetera digital,Fidelizado,35-44,2.7,5,Volveré pronto,26.7,No
104994,2026-06-12,6,Junio,24,Viernes,No,No,12:47,Almuerzo,San Antonio,Mostrador,Bebida fría,Limonada de coco,M,1,11000,0,11000,Billetera digital,Nuevo,18-24,2.6,,,26.7,No
105007,2026-06-12,6,Junio,24,Viernes,No,No,12:55,Almuerzo,Ciudad Jardín,App,Almuerzo,Sándwich cubano,,4,21000,15,71400,Billetera digital,Recurrente,18-24,4.9,5,,26.7,No
105005,2026-06-12,6,Junio,24,Viernes,No,No,13:03,Almuerzo,Ciudad Jardín,Mostrador,Almuerzo,Sándwich cubano,,2,21000,5,39900,Tarjeta crédito,Fidelizado,35-44,3.9,5,Muy buen café,26.7,No
104993,2026-06-12,6,Junio,24,Viernes,No,No,13:25,Almuerzo,Granada,App,Almuerzo,Sándwich cubano,,1,21000,15,17800,Tarjeta crédito,Fidelizado,35-44,3.0,,,26.7,No
104982,2026-06-12,6,Junio,24,Viernes,No,No,13:30,Almuerzo,Centro,Mostrador,Bebida fría,Cold brew,S,4,8900,0,35600,Efectivo,Recurrente,18-24,9.5,,,26.7,No
104989,2026-06-12,6,Junio,24,Viernes,No,No,13:42,Almuerzo,Centro,App,Almuerzo,Ensalada César,,1,19500,15,16600,Tarjeta crédito,Fidelizado,25-34,4.9,,,26.7,No
105000,2026-06-12,6,Junio,24,Viernes,No,No,14:31,Tarde,San Antonio,Domicilio,Panadería,Buñuelo,,1,2200,0,2200,Billetera digital,Recurrente,18-24,,,,26.7,No
105009,2026-06-12,6,Junio,24,Viernes,No,No,14:54,Tarde,El Peñón,Mostrador,Café caliente,Tinto,M,2,3500,0,7000,Billetera digital,Nuevo,35-44,2.6,,,26.7,No
104983,2026-06-12,6,Junio,24,Viernes,No,No,15:25,Tarde,Centro,Mostrador,Almuerzo,Sándwich cubano,,2,21000,0,42000,Tarjeta débito,Nuevo,25-34,2.0,4,,26.7,No
105015,2026-06-12,6,Junio,24,Viernes,No,No,15:30,Tarde,El Peñón,App,Panadería,Muffin,,2,7000,15,11900,Tarjeta débito,Fidelizado,35-44,1.5,,,26.7,No
105003,2026-06-12,6,Junio,24,Viernes,No,No,15:50,Tarde,Ciudad Jardín,Domicilio,Café caliente,Americano,S,2,4700,5,8900,Billetera digital,Fidelizado,25-34,,,,26.7,No
105012,2026-06-12,6,Junio,24,Viernes,No,No,15:55,Tarde,El Peñón,Domicilio,Panadería,Buñuelo,,1,2200,0,2200,Tarjeta crédito,Nuevo,45-54,,4,,26.7,No
104980,2026-06-12,6,Junio,24,Viernes,No,No,16:07,Tarde,Centro,App,Café caliente,Capuchino,M,1,8500,15,7200,Billetera digital,Recurrente,25-34,2.4,,,26.7,No
104996,2026-06-12,6,Junio,24,Viernes,No,No,16:09,Tarde,San Antonio,Mostrador,Bebida fría,Limonada de coco,S,4,9400,0,37600,Tarjeta débito,Recurrente,25-34,3.1,,,26.7,No
104995,2026-06-12,6,Junio,24,Viernes,No,No,18:21,Noche,San Antonio,Mostrador,Café caliente,Americano,M,1,5500,0,5500,Billetera digital,Nuevo,25-34,2.8,,,26.7,No
105010,2026-06-12,6,Junio,24,Viernes,No,No,18:32,Noche,El Peñón,Mostrador,Panadería,Pandebono,,3,2500,0,7500,Tarjeta crédito,Recurrente,18-24,3.4,,,26.7,No
105017,2026-06-12,6,Junio,24,Viernes,No,No,18:42,Noche,El Peñón,Mostrador,Snacks,Papas de paquete,,1,5000,0,5000,Tarjeta débito,Recurrente,55 o más,3.2,,,26.7,No
104985,2026-06-12,6,Junio,24,Viernes,No,No,19:02,Noche,Centro,Mostrador,Bebida fría,Limonada de coco,M,1,11000,0,11000,Billetera digital,Nuevo,25-34,2.1,,,26.7,No
104998,2026-06-12,6,Junio,24,Viernes,No,No,19:06,Noche,San Antonio,Mostrador,Café caliente,Tinto,M,2,3500,0,7000,Billetera digital,Nuevo,25-34,4.3,,,26.7,No
104999,2026-06-12,6,Junio,24,Viernes,No,No,19:06,Noche,San Antonio,Mostrador,Café caliente,Tinto,M,2,3500,0,7000,Efectivo,Recurrente,18-24,3.3,,,26.7,No
104992,2026-06-12,6,Junio,24,Viernes,No,No,19:46,Noche,Granada,App,Café caliente,Tinto,L,1,4400,15,3700,Tarjeta crédito,Recurrente,45-54,3.6,,,26.7,No
105002,2026-06-12,6,Junio,24,Viernes,No,No,20:22,Noche,Ciudad Jardín,Mostrador,Bebida fría,Frappé de café,L,1,15600,0,15600,Tarjeta débito,Recurrente,25-34,1.7,5,,26.7,No
105018,2026-06-12,6,Junio,24,Viernes,No,No,20:28,Noche,El Peñón,Mostrador,Panadería,Torta de zanahoria,,3,9000,5,25600,Tarjeta débito,Fidelizado,25-34,1.8,4,Muy buen café,26.7,No
104997,2026-06-12,6,Junio,24,Viernes,No,No,20:34,Noche,San Antonio,Mostrador,Snacks,Empanada,,2,3500,5,6600,Efectivo,Fidelizado,25-34,2.1,4,,26.7,No
105033,2026-06-13,6,Junio,24,Sábado,Sí,No,06:18,Mañana,Granada,App,Snacks,Papas de paquete,,1,5000,15,4200,Billetera digital,Nuevo,25-34,3.2,3,Rico pero un poco demorado,29.2,No
105043,2026-06-13,6,Junio,24,Sábado,Sí,No,06:37,Mañana,Ciudad Jardín,App,Panadería,Buñuelo,,2,2200,15,3700,Tarjeta crédito,Fidelizado,18-24,2.9,,,29.2,No
105045,2026-06-13,6,Junio,24,Sábado,Sí,No,07:41,Mañana,Ciudad Jardín,App,Panadería,Buñuelo,,2,2200,15,3700,Tarjeta crédito,Nuevo,18-24,1.6,,,29.2,No
105022,2026-06-13,6,Junio,24,Sábado,Sí,No,08:17,Mañana,Centro,Domicilio,Café caliente,Latte,M,1,9000,0,9000,Tarjeta crédito,Recurrente,25-34,,,,29.2,No
105025,2026-06-13,6,Junio,24,Sábado,Sí,No,08:49,Mañana,Granada,Mostrador,Café caliente,Tinto,S,1,3000,0,3000,Billetera digital,Recurrente,35-44,3.1,,,29.2,No
105035,2026-06-13,6,Junio,24,Sábado,Sí,No,08:54,Mañana,Granada,Domicilio,Snacks,Papas de paquete,,1,5000,5,4800,Billetera digital,Fidelizado,35-44,,,,29.2,No
105019,2026-06-13,6,Junio,24,Sábado,Sí,No,09:00,Mañana,Centro,App,Panadería,Croissant,,2,6500,15,11000,Tarjeta crédito,Nuevo,25-34,1.2,,,29.2,No
105030,2026-06-13,6,Junio,24,Sábado,Sí,No,09:25,Mañana,Granada,Domicilio,Café caliente,Tinto,M,3,3500,0,10500,Tarjeta débito,Recurrente,25-34,,,,29.2,No
105023,2026-06-13,6,Junio,24,Sábado,Sí,No,09:36,Mañana,Centro,Mostrador,Panadería,Buñuelo,,4,2200,5,8400,Tarjeta crédito,Fidelizado,25-34,1.9,,,29.2,No
105042,2026-06-13,6,Junio,24,Sábado,Sí,No,09:56,Mañana,Ciudad Jardín,App,Café caliente,Tinto,M,2,3500,15,6000,Billetera digital,Recurrente,55 o más,1.5,,,29.2,No
105027,2026-06-13,6,Junio,24,Sábado,Sí,No,10:04,Media mañana,Granada,Mostrador,Café caliente,Chocolate caliente,M,3,8000,0,24000,Billetera digital,Recurrente,18-24,5.1,4,,29.2,No
105020,2026-06-13,6,Junio,24,Sábado,Sí,No,10:18,Media mañana,Centro,Mostrador,Panadería,Pandebono,,1,2500,0,2500,Efectivo,Nuevo,35-44,1.8,,,29.2,No
105038,2026-06-13,6,Junio,24,Sábado,Sí,No,10:23,Media mañana,San Antonio,Mostrador,Panadería,Pandebono,,1,2500,5,2400,Tarjeta crédito,Fidelizado,18-24,4.5,,,29.2,No
105039,2026-06-13,6,Junio,24,Sábado,Sí,No,10:25,Media mañana,San Antonio,App,Almuerzo,Sándwich cubano,,1,21000,15,17800,Billetera digital,Recurrente,35-44,2.5,4,,29.2,No
105028,2026-06-13,6,Junio,24,Sábado,Sí,No,10:38,Media mañana,Granada,App,Panadería,Pandebono,,1,2500,15,2100,Billetera digital,Recurrente,35-44,3.5,,,29.2,No
105021,2026-06-13,6,Junio,24,Sábado,Sí,No,10:51,Media mañana,Centro,Mostrador,Panadería,Pandebono,,1,2500,0,2500,Billetera digital,Nuevo,18-24,1.6,,,29.2,No
105024,2026-06-13,6,Junio,24,Sábado,Sí,No,10:58,Media mañana,Granada,Mostrador,Bebida fría,Cold brew,M,3,10500,5,29900,Tarjeta débito,Fidelizado,25-34,5.5,5,,29.2,No
105026,2026-06-13,6,Junio,24,Sábado,Sí,No,11:06,Media mañana,Granada,Mostrador,Snacks,Empanada,,2,3500,5,6600,Tarjeta débito,Fidelizado,25-34,4.2,4,Excelente atención,29.2,No
105031,2026-06-13,6,Junio,24,Sábado,Sí,No,11:22,Media mañana,Granada,App,Panadería,Pandebono,,1,2500,15,2100,Billetera digital,Recurrente,35-44,1.6,,,29.2,No
105032,2026-06-13,6,Junio,24,Sábado,Sí,No,11:38,Media mañana,Granada,App,Café caliente,Tinto,L,2,4400,15,7500,Tarjeta crédito,Recurrente,35-44,2.5,,,29.2,No
105046,2026-06-13,6,Junio,24,Sábado,Sí,No,12:01,Almuerzo,Ciudad Jardín,App,Almuerzo,Ensalada César,,3,19500,15,49700,Tarjeta débito,Recurrente,35-44,5.7,,,29.2,No
105034,2026-06-13,6,Junio,24,Sábado,Sí,No,12:57,Almuerzo,Granada,Mostrador,Almuerzo,Wrap de pollo,,2,18500,0,37000,Efectivo,Recurrente,45-54,5.8,3,,29.2,No
105049,2026-06-13,6,Junio,24,Sábado,Sí,No,13:40,Almuerzo,El Peñón,Mostrador,Almuerzo,Wrap de pollo,,3,18500,0,55500,Billetera digital,Recurrente,35-44,2.7,4,"Bien, pero podría mejorar",29.2,No
105041,2026-06-13,6,Junio,24,Sábado,Sí,No,13:44,Almuerzo,Ciudad Jardín,App,Bebida fría,Cold brew,S,2,8900,15,15100,Tarjeta débito,Fidelizado,18-24,3.0,,,29.2,No
105040,2026-06-13,6,Junio,24,Sábado,Sí,No,14:16,Tarde,San Antonio,App,Panadería,Pandebono,,2,2500,15,4200,Tarjeta débito,Recurrente,Menos de 18,1.2,5,,29.2,No
105048,2026-06-13,6,Junio,24,Sábado,Sí,No,15:18,Tarde,El Peñón,Mostrador,Panadería,Buñuelo,,1,2200,5,2100,Efectivo,Fidelizado,25-34,4.0,5,,29.2,No
105029,2026-06-13,6,Junio,24,Sábado,Sí,No,15:37,Tarde,Granada,Mostrador,Panadería,Buñuelo,,4,2200,0,8800,Tarjeta crédito,Recurrente,18-24,3.6,,,29.2,No
105047,2026-06-13,6,Junio,24,Sábado,Sí,No,16:13,Tarde,El Peñón,Mostrador,Panadería,Buñuelo,,1,2200,0,2200,Tarjeta crédito,Nuevo,18-24,4.6,5,,29.2,No
105036,2026-06-13,6,Junio,24,Sábado,Sí,No,16:56,Tarde,Granada,Mostrador,Café caliente,Latte,M,1,9000,0,9000,Billetera digital,Nuevo,25-34,2.9,4,,29.2,No
105037,2026-06-13,6,Junio,24,Sábado,Sí,No,18:35,Noche,San Antonio,Mostrador,Bebida fría,Cold brew,S,1,8900,0,8900,Tarjeta débito,Recurrente,55 o más,4.0,,,29.2,No
105044,2026-06-13,6,Junio,24,Sábado,Sí,No,19:01,Noche,Ciudad Jardín,Mostrador,Panadería,Buñuelo,,2,2200,0,4400,Tarjeta débito,Recurrente,35-44,2.5,,,29.2,No
105051,2026-06-13,6,Junio,24,Sábado,Sí,No,20:14,Noche,El Peñón,Mostrador,Bebida fría,Cold brew,M,1,10500,0,10500,Tarjeta débito,Recurrente,45-54,3.4,,,29.2,No
105050,2026-06-13,6,Junio,24,Sábado,Sí,No,20:25,Noche,El Peñón,Mostrador,Café caliente,Latte,S,3,7600,5,21700,Billetera digital,Fidelizado,25-34,1.7,4,Bueno,29.2,No
105079,2026-06-14,6,Junio,24,Domingo,Sí,No,06:33,Mañana,El Peñón,Mostrador,Snacks,Barra de granola,,2,5500,0,11000,Tarjeta débito,Nuevo,25-34,7.8,3,,26.9,No
105059,2026-06-14,6,Junio,24,Domingo,Sí,No,07:32,Mañana,Granada,Mostrador,Snacks,Empanada,,1,3500,0,3500,Tarjeta crédito,Nuevo,18-24,4.5,,,26.9,No
105071,2026-06-14,6,Junio,24,Domingo,Sí,No,08:02,Mañana,Ciudad Jardín,Mostrador,Panadería,Pandebono,,3,2500,5,7100,Efectivo,Fidelizado,45-54,2.4,,,26.9,No
105065,2026-06-14,6,Junio,24,Domingo,Sí,No,08:13,Mañana,San Antonio,App,Bebida fría,Limonada de coco,M,1,11000,15,9400,Tarjeta crédito,Nuevo,18-24,1.7,,,26.9,No
105053,2026-06-14,6,Junio,24,Domingo,Sí,No,08:26,Mañana,Granada,Mostrador,Café caliente,Tinto,M,1,3500,0,3500,Efectivo,Nuevo,Menos de 18,4.4,,,26.9,No
105054,2026-06-14,6,Junio,24,Domingo,Sí,No,10:02,Media mañana,Granada,Mostrador,Snacks,Galletas,,1,4500,0,4500,Billetera digital,Recurrente,25-34,3.0,5,,26.9,No
105076,2026-06-14,6,Junio,24,Domingo,Sí,No,10:04,Media mañana,El Peñón,Mostrador,Café caliente,Americano,L,3,6900,0,20700,Billetera digital,Recurrente,25-34,7.4,,,26.9,No
105060,2026-06-14,6,Junio,24,Domingo,Sí,No,10:10,Media mañana,Granada,Mostrador,Bebida fría,Cold brew,S,5,8900,5,42300,Efectivo,Fidelizado,25-34,3.8,,,26.9,No
105077,2026-06-14,6,Junio,24,Domingo,Sí,No,10:10,Media mañana,El Peñón,Mostrador,Bebida fría,Frappé de café,S,2,10600,0,21200,Efectivo,Recurrente,18-24,3.3,4,,26.9,No
105057,2026-06-14,6,Junio,24,Domingo,Sí,No,10:29,Media mañana,Granada,App,Bebida fría,Limonada de coco,S,1,9400,15,8000,Tarjeta crédito,Nuevo,35-44,5.1,3,Rico pero un poco demorado,26.9,No
105061,2026-06-14,6,Junio,24,Domingo,Sí,No,10:32,Media mañana,Granada,Domicilio,Panadería,Pandebono,,1,2500,0,2500,Tarjeta débito,Recurrente,18-24,,,,26.9,No
105066,2026-06-14,6,Junio,24,Domingo,Sí,No,10:57,Media mañana,San Antonio,Mostrador,Panadería,Pandebono,,1,2500,0,2500,Efectivo,Recurrente,35-44,5.8,4,,26.9,No
105078,2026-06-14,6,Junio,24,Domingo,Sí,No,11:29,Media mañana,El Peñón,Mostrador,Bebida fría,Limonada de coco,M,2,11000,5,20900,Tarjeta débito,Fidelizado,35-44,5.5,5,,26.9,No
105063,2026-06-14,6,Junio,24,Domingo,Sí,No,11:42,Media mañana,Granada,Domicilio,Café caliente,Capuchino,L,1,10600,5,10100,Tarjeta débito,Fidelizado,18-24,,5,La app funciona bien,26.9,No
105070,2026-06-14,6,Junio,24,Domingo,Sí,No,11:47,Media mañana,Ciudad Jardín,Mostrador,Bebida fría,Jugo natural,L,3,10600,5,30200,Billetera digital,Fidelizado,18-24,3.2,4,,26.9,No
105074,2026-06-14,6,Junio,24,Domingo,Sí,No,11:57,Media mañana,El Peñón,Mostrador,Almuerzo,Ensalada César,,1,19500,0,19500,Billetera digital,Nuevo,18-24,4.8,,,26.9,No
105056,2026-06-14,6,Junio,24,Domingo,Sí,No,12:39,Almuerzo,Granada,Mostrador,Almuerzo,Sándwich cubano,,2,21000,0,42000,Tarjeta débito,Recurrente,55 o más,16.1,2,,26.9,No
105068,2026-06-14,6,Junio,24,Domingo,Sí,No,13:13,Almuerzo,San Antonio,App,Café caliente,Americano,M,3,5500,15,14000,Billetera digital,Fidelizado,35-44,2.9,5,El pandebono estaba recién hecho,26.9,No
105052,2026-06-14,6,Junio,24,Domingo,Sí,No,13:34,Almuerzo,Granada,App,Bebida fría,Frappé de café,M,2,12500,15,21200,Tarjeta débito,Recurrente,35-44,2.1,,,26.9,No
105073,2026-06-14,6,Junio,24,Domingo,Sí,No,13:36,Almuerzo,El Peñón,App,Snacks,Papas de paquete,,1,5000,15,4200,Billetera digital,Recurrente,25-34,6.4,5,,26.9,No
105067,2026-06-14,6,Junio,24,Domingo,Sí,No,14:21,Tarde,San Antonio,Mostrador,Café caliente,Latte,L,2,11200,0,22400,Tarjeta crédito,Recurrente,18-24,2.3,5,Muy buen café,26.9,No
105064,2026-06-14,6,Junio,24,Domingo,Sí,No,14:59,Tarde,San Antonio,Mostrador,Café caliente,Americano,S,2,4700,0,9400,Efectivo,Recurrente,25-34,2.3,,,26.9,No
105069,2026-06-14,6,Junio,24,Domingo,Sí,No,15:46,Tarde,Ciudad Jardín,Mostrador,Bebida fría,Jugo natural,L,2,10600,0,21200,Billetera digital,Recurrente,35-44,4.5,,,26.9,No
105075,2026-06-14,6,Junio,24,Domingo,Sí,No,15:51,Tarde,El Peñón,Mostrador,Panadería,Muffin,,1,7000,0,7000,Efectivo,Recurrente,18-24,2.7,,,26.9,No
105055,2026-06-14,6,Junio,24,Domingo,Sí,No,15:54,Tarde,Granada,App,Panadería,Pandebono,,1,2500,15,2100,Tarjeta crédito,Fidelizado,25-34,2.3,,,26.9,No
105058,2026-06-14,6,Junio,24,Domingo,Sí,No,18:07,Noche,Granada,App,Panadería,Croissant,,1,6500,15,5500,Billetera digital,Nuevo,18-24,4.1,,,26.9,No
105062,2026-06-14,6,Junio,24,Domingo,Sí,No,18:28,Noche,Granada,Mostrador,Panadería,Pandebono,,2,2500,0,5000,Efectivo,Nuevo,18-24,3.4,,,26.9,No
105072,2026-06-14,6,Junio,24,Domingo,Sí,No,20:54,Noche,Ciudad Jardín,Mostrador,Panadería,Buñuelo,,1,2200,0,2200,Tarjeta crédito,Recurrente,45-54,3.8,,,26.9,No
105093,2026-06-15,6,Junio,25,Lunes,No,Sí,06:51,Mañana,Granada,App,Café caliente,Mocaccino,L,1,11900,15,10100,Tarjeta débito,Recurrente,45-54,4.0,4,,28.4,No
105080,2026-06-15,6,Junio,25,Lunes,No,Sí,06:53,Mañana,Granada,Mostrador,Panadería,Croissant,,2,6500,0,13000,Billetera digital,Nuevo,55 o más,4.0,4,,28.4,No
105108,2026-06-15,6,Junio,25,Lunes,No,Sí,07:00,Mañana,El Peñón,Mostrador,Café caliente,Chocolate caliente,M,1,8000,0,8000,Efectivo,Nuevo,25-34,5.6,,,28.4,No
105089,2026-06-15,6,Junio,25,Lunes,No,Sí,07:23,Mañana,Granada,Mostrador,Café caliente,Americano,M,1,5500,0,5500,Tarjeta débito,Recurrente,35-44,3.9,,,28.4,No
105092,2026-06-15,6,Junio,25,Lunes,No,Sí,07:33,Mañana,Granada,Mostrador,Café caliente,Mocaccino,M,2,9500,0,19000,Tarjeta crédito,Nuevo,25-34,7.3,,,28.4,No
105110,2026-06-15,6,Junio,25,Lunes,No,Sí,08:29,Mañana,El Peñón,Mostrador,Café caliente,Americano,S,1,4700,5,4500,Efectivo,Fidelizado,25-34,1.9,4,Me encanta el ambiente,28.4,No
105111,2026-06-15,6,Junio,25,Lunes,No,Sí,09:08,Mañana,El Peñón,App,Café caliente,Americano,L,2,6900,15,11700,Tarjeta débito,Nuevo,25-34,1.2,5,Volveré pronto,28.4,No
105102,2026-06-15,6,Junio,25,Lunes,No,Sí,09:57,Mañana,Ciudad Jardín,Mostrador,Snacks,Papas de paquete,,1,5000,0,5000,Efectivo,Nuevo,45-54,2.2,,,28.4,No
105098,2026-06-15,6,Junio,25,Lunes,No,Sí,10:06,Media mañana,San Antonio,App,Snacks,Papas de paquete,,3,5000,15,12800,Billetera digital,Recurrente,35-44,2.1,4,El pandebono estaba recién hecho,28.4,No
105109,2026-06-15,6,Junio,25,Lunes,No,Sí,10:08,Media mañana,El Peñón,Mostrador,Bebida fría,Cold brew,M,1,10500,0,10500,Tarjeta crédito,Nuevo,35-44,2.5,,,28.4,No
105081,2026-06-15,6,Junio,25,Lunes,No,Sí,10:18,Media mañana,Granada,Mostrador,Panadería,Pandebono,,1,2500,0,2500,Tarjeta débito,Nuevo,55 o más,4.9,,,28.4,No
105085,2026-06-15,6,Junio,25,Lunes,No,Sí,10:36,Media mañana,Granada,App,Bebida fría,Jugo natural,M,1,8500,15,7200,Tarjeta débito,Recurrente,25-34,3.2,4,,28.4,No
105104,2026-06-15,6,Junio,25,Lunes,No,Sí,10:44,Media mañana,Ciudad Jardín,Domicilio,Bebida fría,Té helado,M,1,7500,0,7500,Efectivo,Recurrente,35-44,,4,,28.4,No
105084,2026-06-15,6,Junio,25,Lunes,No,Sí,11:00,Media mañana,Granada,Mostrador,Café caliente,Chocolate caliente,L,1,10000,0,10000,Efectivo,Recurrente,18-24,6.3,4,Me encanta el ambiente,28.4,No
105103,2026-06-15,6,Junio,25,Lunes,No,Sí,11:13,Media mañana,Ciudad Jardín,Mostrador,Bebida fría,Frappé de café,M,2,12500,0,25000,Billetera digital,Recurrente,35-44,3.2,,,28.4,No
105090,2026-06-15,6,Junio,25,Lunes,No,Sí,11:38,Media mañana,Granada,Mostrador,Café caliente,Americano,M,1,5500,0,5500,Tarjeta débito,Recurrente,35-44,6.5,4,Buen precio por el tamaño,28.4,No
105083,2026-06-15,6,Junio,25,Lunes,No,Sí,13:15,Almuerzo,Granada,Mostrador,Bebida fría,Limonada de coco,M,1,11000,0,11000,Billetera digital,Recurrente,25-34,9.5,4,Normal,28.4,No
105094,2026-06-15,6,Junio,25,Lunes,No,Sí,13:24,Almuerzo,San Antonio,Mostrador,Snacks,Papas de paquete,,3,5000,0,15000,Tarjeta crédito,Nuevo,18-24,8.5,,,28.4,No
105100,2026-06-15,6,Junio,25,Lunes,No,Sí,13:53,Almuerzo,San Antonio,Mostrador,Almuerzo,Wrap de pollo,,3,18500,0,55500,Tarjeta crédito,Recurrente,35-44,4.4,,,28.4,No
105097,2026-06-15,6,Junio,25,Lunes,No,Sí,15:30,Tarde,San Antonio,Mostrador,Bebida fría,Limonada de coco,L,2,13800,5,26200,Tarjeta crédito,Fidelizado,18-24,5.9,5,Me encanta el ambiente,28.4,No
105096,2026-06-15,6,Junio,25,Lunes,No,Sí,15:47,Tarde,San Antonio,Domicilio,Bebida fría,Cold brew,L,1,13100,0,13100,Efectivo,Nuevo,25-34,,,,28.4,No
105107,2026-06-15,6,Junio,25,Lunes,No,Sí,15:56,Tarde,El Peñón,Mostrador,Bebida fría,Limonada de coco,M,2,11000,0,22000,Tarjeta crédito,Nuevo,Menos de 18,4.1,5,Me encanta el ambiente,28.4,No
105106,2026-06-15,6,Junio,25,Lunes,No,Sí,16:08,Tarde,El Peñón,App,Panadería,Pandebono,,2,2500,15,4200,Tarjeta crédito,Fidelizado,25-34,3.0,4,,28.4,No
105091,2026-06-15,6,Junio,25,Lunes,No,Sí,16:12,Tarde,Granada,Mostrador,Panadería,Muffin,,1,7000,5,6600,Efectivo,Fidelizado,35-44,4.8,,,28.4,No
105086,2026-06-15,6,Junio,25,Lunes,No,Sí,16:14,Tarde,Granada,App,Café caliente,Tinto,S,1,3000,15,2600,Tarjeta débito,Recurrente,25-34,0.9,,,28.4,No
105082,2026-06-15,6,Junio,25,Lunes,No,Sí,17:14,Tarde,Granada,Mostrador,Bebida fría,Frappé de café,M,1,12500,0,12500,Billetera digital,Nuevo,35-44,2.7,,,28.4,No
105087,2026-06-15,6,Junio,25,Lunes,No,Sí,17:42,Tarde,Granada,Mostrador,Café caliente,Latte,M,2,9000,0,18000,Efectivo,Nuevo,25-34,4.1,4,,28.4,No
105105,2026-06-15,6,Junio,25,Lunes,No,Sí,18:54,Noche,El Peñón,App,Panadería,Pandebono,,2,2500,15,4200,Tarjeta débito,Nuevo,45-54,1.3,,,28.4,No
105088,2026-06-15,6,Junio,25,Lunes,No,Sí,19:09,Noche,Granada,Mostrador,Panadería,Torta de zanahoria,,2,9000,0,18000,Tarjeta débito,Nuevo,35-44,5.2,4,Excelente atención,28.4,No
105095,2026-06-15,6,Junio,25,Lunes,No,Sí,19:15,Noche,San Antonio,Mostrador,Café caliente,Capuchino,M,1,8500,5,8100,Tarjeta débito,Fidelizado,18-24,2.1,5,Buen precio por el tamaño,28.4,No
105099,2026-06-15,6,Junio,25,Lunes,No,Sí,20:54,Noche,San Antonio,Mostrador,Almuerzo,Wrap de pollo,,1,18500,0,18500,Tarjeta débito,Recurrente,Menos de 18,3.3,,,28.4,No
105101,2026-06-15,6,Junio,25,Lunes,No,Sí,20:54,Noche,San Antonio,Domicilio,Café caliente,Tinto,L,1,4400,0,4400,Tarjeta crédito,Recurrente,25-34,,,,28.4,No
105132,2026-06-16,6,Junio,25,Martes,No,No,06:15,Mañana,San Antonio,App,Café caliente,Mocaccino,M,3,9500,15,24200,Tarjeta débito,Recurrente,18-24,0.7,5,Buen precio por el tamaño,27.5,No
105135,2026-06-16,6,Junio,25,Martes,No,No,06:24,Mañana,San Antonio,App,Café caliente,Americano,L,1,6900,15,5900,Tarjeta crédito,Recurrente,25-34,1.8,4,Bueno,27.5,No
105134,2026-06-16,6,Junio,25,Martes,No,No,07:04,Mañana,San Antonio,Domicilio,Café caliente,Tinto,M,2,3500,0,7000,Tarjeta crédito,Recurrente,45-54,,,,27.5,No
105146,2026-06-16,6,Junio,25,Martes,No,No,07:43,Mañana,Ciudad Jardín,Domicilio,Café caliente,Capuchino,L,3,10600,0,31800,Billetera digital,Recurrente,25-34,,,,27.5,No
105131,2026-06-16,6,Junio,25,Martes,No,No,08:28,Mañana,Granada,Mostrador,Café caliente,Tinto,S,1,3000,0,3000,Efectivo,Recurrente,55 o más,3.2,5,,27.5,No
105128,2026-06-16,6,Junio,25,Martes,No,No,08:34,Mañana,Granada,App,Café caliente,Americano,S,2,4700,15,8000,Tarjeta débito,Fidelizado,25-34,1.7,,,27.5,No
105114,2026-06-16,6,Junio,25,Martes,No,No,08:47,Mañana,Centro,Mostrador,Café caliente,Latte,M,2,9000,5,17100,Billetera digital,Fidelizado,25-34,4.7,4,La app funciona bien,27.5,No
105139,2026-06-16,6,Junio,25,Martes,No,No,08:52,Mañana,Ciudad Jardín,App,Panadería,Pandebono,,2,2500,15,4200,Tarjeta crédito,Fidelizado,45-54,2.5,4,,27.5,No
105113,2026-06-16,6,Junio,25,Martes,No,No,09:48,Mañana,Centro,Mostrador,Café caliente,Americano,S,1,4700,0,4700,Tarjeta crédito,Recurrente,45-54,8.3,5,Me encanta el ambiente,27.5,No
105140,2026-06-16,6,Junio,25,Martes,No,No,10:08,Media mañana,Ciudad Jardín,App,Panadería,Muffin,,1,7000,15,6000,Billetera digital,Nuevo,45-54,1.5,,,27.5,No
105129,2026-06-16,6,Junio,25,Martes,No,No,10:15,Media mañana,Granada,Domicilio,Café caliente,Mocaccino,L,1,11900,5,11300,Efectivo,Fidelizado,Menos de 18,,5,,27.5,No
105130,2026-06-16,6,Junio,25,Martes,No,No,10:41,Media mañana,Granada,Mostrador,Panadería,Muffin,,1,7000,0,7000,Tarjeta débito,Recurrente,45-54,11.8,,,27.5,No
105149,2026-06-16,6,Junio,25,Martes,No,No,10:52,Media mañana,El Peñón,Mostrador,Panadería,Torta de zanahoria,,1,9000,0,9000,Billetera digital,Recurrente,25-34,5.3,5,Buen precio por el tamaño,27.5,No
105147,2026-06-16,6,Junio,25,Martes,No,No,11:03,Media mañana,El Peñón,Mostrador,Café caliente,Tinto,M,4,3500,0,14000,Tarjeta débito,Nuevo,35-44,5.3,,,27.5,No
105144,2026-06-16,6,Junio,25,Martes,No,No,11:50,Media mañana,Ciudad Jardín,App,Snacks,Empanada,,1,3500,15,3000,Tarjeta débito,Fidelizado,25-34,2.2,,,27.5,No
105123,2026-06-16,6,Junio,25,Martes,No,No,12:06,Almuerzo,Centro,Mostrador,Café caliente,Capuchino,S,2,7200,5,13700,Efectivo,Fidelizado,25-34,18.5,3,,27.5,No
105121,2026-06-16,6,Junio,25,Martes,No,No,12:14,Almuerzo,Centro,Mostrador,Almuerzo,Sándwich cubano,,2,21000,0,42000,Billetera digital,Recurrente,18-24,10.8,,,27.5,No
105137,2026-06-16,6,Junio,25,Martes,No,No,12:43,Almuerzo,Ciudad Jardín,Domicilio,Almuerzo,Bowl vegetariano,,3,22000,5,62700,Tarjeta crédito,Fidelizado,18-24,,,,27.5,No
105125,2026-06-16,6,Junio,25,Martes,No,No,12:44,Almuerzo,Granada,App,Almuerzo,Ensalada César,,4,19500,15,66300,Tarjeta débito,Fidelizado,35-44,5.3,4,,27.5,No
105117,2026-06-16,6,Junio,25,Martes,No,No,13:06,Almuerzo,Centro,Mostrador,Almuerzo,Wrap de pollo,,2,18500,5,35200,Efectivo,Fidelizado,35-44,15.5,,,27.5,No
105122,2026-06-16,6,Junio,25,Martes,No,No,13:23,Almuerzo,Centro,App,Almuerzo,Sándwich cubano,,3,21000,15,53600,Billetera digital,Fidelizado,25-34,4.3,4,El pandebono estaba recién hecho,27.5,No
105115,2026-06-16,6,Junio,25,Martes,No,No,13:48,Almuerzo,Centro,Mostrador,Bebida fría,Jugo natural,L,1,10600,0,10600,Billetera digital,Nuevo,18-24,5.4,,,27.5,No
105120,2026-06-16,6,Junio,25,Martes,No,No,13:53,Almuerzo,Centro,Mostrador,Café caliente,Chocolate caliente,M,2,8000,5,15200,Tarjeta crédito,Fidelizado,45-54,11.0,5,,27.5,No
105143,2026-06-16,6,Junio,25,Martes,No,No,14:08,Tarde,Ciudad Jardín,App,Snacks,Papas de paquete,,4,5000,15,17000,Tarjeta débito,Fidelizado,25-34,2.0,,,27.5,No
105116,2026-06-16,6,Junio,25,Martes,No,No,15:45,Tarde,Centro,Mostrador,Bebida fría,Jugo natural,M,1,8500,0,8500,Tarjeta crédito,Recurrente,25-34,4.1,,,27.5,No
105118,2026-06-16,6,Junio,25,Martes,No,No,15:45,Tarde,Centro,Mostrador,Snacks,Empanada,,1,3500,0,3500,Efectivo,Recurrente,18-24,7.2,,,27.5,No
105112,2026-06-16,6,Junio,25,Martes,No,No,16:15,Tarde,Centro,App,Bebida fría,Limonada de coco,M,2,11000,15,18700,Billetera digital,Recurrente,35-44,1.5,4,,27.5,No
105126,2026-06-16,6,Junio,25,Martes,No,No,17:13,Tarde,Granada,Mostrador,Bebida fría,Jugo natural,M,1,8500,0,8500,Billetera digital,Nuevo,18-24,2.5,,,27.5,No
105150,2026-06-16,6,Junio,25,Martes,No,No,17:18,Tarde,El Peñón,Mostrador,Panadería,Torta de zanahoria,,1,9000,0,9000,Tarjeta débito,Nuevo,25-34,2.5,,,27.5,No
105142,2026-06-16,6,Junio,25,Martes,No,No,17:25,Tarde,Ciudad Jardín,Mostrador,Café caliente,Tinto,M,1,3500,0,3500,Efectivo,Recurrente,45-54,2.4,,,27.5,No
105138,2026-06-16,6,Junio,25,Martes,No,No,17:42,Tarde,Ciudad Jardín,App,Bebida fría,Cold brew,S,2,8900,15,15100,Tarjeta débito,Recurrente,35-44,1.3,,,27.5,No
105119,2026-06-16,6,Junio,25,Martes,No,No,17:49,Tarde,Centro,Mostrador,Panadería,Croissant,,1,6500,0,6500,Efectivo,Recurrente,25-34,3.4,,,27.5,No
105141,2026-06-16,6,Junio,25,Martes,No,No,18:13,Noche,Ciudad Jardín,Domicilio,Bebida fría,Limonada de coco,L,2,13800,5,26200,Efectivo,Fidelizado,45-54,,,,27.5,No
105124,2026-06-16,6,Junio,25,Martes,No,No,18:15,Noche,Granada,App,Café caliente,Capuchino,M,1,8500,15,7200,Tarjeta crédito,Recurrente,18-24,4.0,,,27.5,No
105148,2026-06-16,6,Junio,25,Martes,No,No,18:38,Noche,El Peñón,Mostrador,Café caliente,Capuchino,L,1,10600,5,10100,Tarjeta débito,Fidelizado,18-24,1.6,,,27.5,No
105133,2026-06-16,6,Junio,25,Martes,No,No,19:08,Noche,San Antonio,Mostrador,Panadería,Muffin,,3,7000,0,21000,Efectivo,Recurrente,18-24,3.1,,,27.5,No
105136,2026-06-16,6,Junio,25,Martes,No,No,19:37,Noche,San Antonio,App,Bebida fría,Jugo natural,L,1,10600,15,9000,Tarjeta débito,Fidelizado,18-24,1.2,5,,27.5,No
105127,2026-06-16,6,Junio,25,Martes,No,No,19:57,Noche,Granada,Mostrador,Snacks,Barra de granola,,1,5500,5,5200,Efectivo,Fidelizado,25-34,3.0,,,27.5,No
105151,2026-06-16,6,Junio,25,Martes,No,No,20:11,Noche,El Peñón,Mostrador,Snacks,Papas de paquete,,3,5000,0,15000,Efectivo,Recurrente,18-24,2.0,,,27.5,No
105145,2026-06-16,6,Junio,25,Martes,No,No,20:39,Noche,Ciudad Jardín,Mostrador,Snacks,Papas de paquete,,2,5000,0,10000,Efectivo,Recurrente,35-44,2.5,,,27.5,No
105161,2026-06-17,6,Junio,25,Miércoles,No,No,06:16,Mañana,Centro,Mostrador,Panadería,Croissant,,1,6500,0,6500,Billetera digital,Recurrente,18-24,7.3,,,26.5,No
105197,2026-06-17,6,Junio,25,Miércoles,No,No,06:16,Mañana,El Peñón,App,Café caliente,Tinto,M,2,3500,15,6000,Tarjeta crédito,Fidelizado,45-54,6.1,,,26.5,No
105155,2026-06-17,6,Junio,25,Miércoles,No,No,06:22,Mañana,Centro,Mostrador,Café caliente,Capuchino,M,1,8500,0,8500,Billetera digital,Recurrente,25-34,4.1,,,26.5,No
105153,2026-06-17,6,Junio,25,Miércoles,No,No,07:01,Mañana,Centro,Mostrador,Café caliente,Americano,M,2,5500,0,11000,Tarjeta crédito,Recurrente,35-44,6.4,,,26.5,No
105182,2026-06-17,6,Junio,25,Miércoles,No,No,07:05,Mañana,San Antonio,App,Panadería,Croissant,,1,6500,15,5500,Tarjeta débito,Recurrente,18-24,2.0,5,,26.5,No
105152,2026-06-17,6,Junio,25,Miércoles,No,No,07:09,Mañana,Centro,App,Panadería,Pandebono,,2,2500,15,4200,Tarjeta débito,Nuevo,25-34,5.6,,,26.5,No
105156,2026-06-17,6,Junio,25,Miércoles,No,No,07:59,Mañana,Centro,Mostrador,Café caliente,Mocaccino,M,1,9500,0,9500,Efectivo,Recurrente,25-34,12.7,,,26.5,No
105178,2026-06-17,6,Junio,25,Miércoles,No,No,08:00,Mañana,San Antonio,Mostrador,Snacks,Papas de paquete,,1,5000,0,5000,Efectivo,Recurrente,18-24,4.6,,,26.5,No
105181,2026-06-17,6,Junio,25,Miércoles,No,No,08:01,Mañana,San Antonio,Mostrador,Café caliente,Capuchino,S,1,7200,0,7200,Tarjeta débito,Recurrente,18-24,5.9,5,,26.5,No
105162,2026-06-17,6,Junio,25,Miércoles,No,No,08:16,Mañana,Centro,App,Panadería,Croissant,,1,6500,15,5500,Tarjeta crédito,Recurrente,55 o más,3.5,,,26.5,No
105169,2026-06-17,6,Junio,25,Miércoles,No,No,09:06,Mañana,Granada,Mostrador,Café caliente,Tinto,L,1,4400,0,4400,Billetera digital,Recurrente,Menos de 18,4.7,,,26.5,No
105186,2026-06-17,6,Junio,25,Miércoles,No,No,09:10,Mañana,Ciudad Jardín,Domicilio,Snacks,Empanada,,4,3500,5,13300,Efectivo,Fidelizado,25-34,,,,26.5,No
105154,2026-06-17,6,Junio,25,Miércoles,No,No,09:15,Mañana,Centro,App,Snacks,Empanada,,1,3500,15,3000,Tarjeta crédito,Recurrente,25-34,5.8,,,26.5,No
105168,2026-06-17,6,Junio,25,Miércoles,No,No,10:13,Media mañana,Centro,Mostrador,Panadería,Croissant,,2,6500,0,13000,Efectivo,Recurrente,35-44,4.6,5,Volveré pronto,26.5,No
105189,2026-06-17,6,Junio,25,Miércoles,No,No,10:14,Media mañana,Ciudad Jardín,Mostrador,Café caliente,Latte,M,1,9000,0,9000,Tarjeta débito,Recurrente,45-54,4.7,,,26.5,No
105176,2026-06-17,6,Junio,25,Miércoles,No,No,10:41,Media mañana,San Antonio,Mostrador,Snacks,Galletas,,2,4500,5,8600,Tarjeta débito,Fidelizado,25-34,4.8,,,26.5,No
105164,2026-06-17,6,Junio,25,Miércoles,No,No,11:07,Media mañana,Centro,Domicilio,Snacks,Empanada,,1,3500,0,3500,Billetera digital,Nuevo,35-44,,,,26.5,No
105187,2026-06-17,6,Junio,25,Miércoles,No,No,11:16,Media mañana,Ciudad Jardín,Mostrador,Panadería,Torta de zanahoria,,3,9000,5,25600,Efectivo,Fidelizado,55 o más,3.0,5,La app funciona bien,26.5,No
105192,2026-06-17,6,Junio,25,Miércoles,No,No,11:35,Media mañana,Ciudad Jardín,Mostrador,Café caliente,Capuchino,M,1,8500,0,8500,Efectivo,Nuevo,25-34,4.9,4,,26.5,No
105170,2026-06-17,6,Junio,25,Miércoles,No,No,12:02,Almuerzo,Granada,Mostrador,Almuerzo,Wrap de pollo,,2,18500,0,37000,Efectivo,Recurrente,35-44,11.9,,,26.5,No
105179,2026-06-17,6,Junio,25,Miércoles,No,No,12:10,Almuerzo,San Antonio,Mostrador,Café caliente,Americano,M,1,5500,0,5500,Billetera digital,Recurrente,Menos de 18,4.9,,,26.5,No
105195,2026-06-17,6,Junio,25,Miércoles,No,No,12:14,Almuerzo,El Peñón,Mostrador,Almuerzo,Ensalada César,,3,19500,0,58500,Efectivo,Recurrente,25-34,7.7,,,26.5,No
105160,2026-06-17,6,Junio,25,Miércoles,No,No,12:15,Almuerzo,Centro,Mostrador,Almuerzo,Ensalada César,,2,19500,0,39000,Efectivo,Recurrente,25-34,17.8,,,26.5,No
105167,2026-06-17,6,Junio,25,Miércoles,No,No,12:36,Almuerzo,Centro,Mostrador,Bebida fría,Limonada de coco,S,1,9400,0,9400,Billetera digital,Nuevo,25-34,8.6,,,26.5,No
105191,2026-06-17,6,Junio,25,Miércoles,No,No,12:41,Almuerzo,Ciudad Jardín,Mostrador,Almuerzo,Sándwich cubano,,1,21000,5,20000,Tarjeta débito,Fidelizado,35-44,3.1,,,26.5,No
105165,2026-06-17,6,Junio,25,Miércoles,No,No,12:45,Almuerzo,Centro,Domicilio,Snacks,Galletas,,1,4500,0,4500,Efectivo,Recurrente,35-44,,,,26.5,No
105163,2026-06-17,6,Junio,25,Miércoles,No,No,13:00,Almuerzo,Centro,App,Snacks,Papas de paquete,,3,5000,15,12800,Tarjeta débito,Recurrente,35-44,3.9,,,26.5,No
105166,2026-06-17,6,Junio,25,Miércoles,No,No,13:02,Almuerzo,Centro,Mostrador,Bebida fría,Té helado,L,2,9400,5,17900,Tarjeta crédito,Fidelizado,18-24,16.3,,,26.5,No
105196,2026-06-17,6,Junio,25,Miércoles,No,No,13:11,Almuerzo,El Peñón,Mostrador,Café caliente,Latte,L,1,11200,0,11200,Tarjeta crédito,Nuevo,18-24,15.7,,,26.5,No
105157,2026-06-17,6,Junio,25,Miércoles,No,No,14:07,Tarde,Centro,Mostrador,Panadería,Buñuelo,,2,2200,0,4400,Efectivo,Recurrente,25-34,3.3,,,26.5,No
105172,2026-06-17,6,Junio,25,Miércoles,No,No,14:18,Tarde,Granada,App,Panadería,Croissant,,1,6500,15,5500,Tarjeta débito,Recurrente,35-44,1.1,,,26.5,No
105175,2026-06-17,6,Junio,25,Miércoles,No,No,14:35,Tarde,Granada,Mostrador,Café caliente,Mocaccino,L,1,11900,0,11900,Billetera digital,Recurrente,25-34,2.2,4,,26.5,No
105190,2026-06-17,6,Junio,25,Miércoles,No,No,14:45,Tarde,Ciudad Jardín,Mostrador,Panadería,Pandebono,,1,2500,5,2400,Billetera digital,Fidelizado,35-44,2.8,,,26.5,No
105173,2026-06-17,6,Junio,25,Miércoles,No,No,15:05,Tarde,Granada,Mostrador,Bebida fría,Té helado,S,3,6400,0,19200,Tarjeta crédito,Nuevo,18-24,2.4,,,26.5,No
105177,2026-06-17,6,Junio,25,Miércoles,No,No,15:29,Tarde,San Antonio,App,Café caliente,Mocaccino,M,1,9500,15,8100,Tarjeta crédito,Nuevo,25-34,1.6,4,,26.5,No
105194,2026-06-17,6,Junio,25,Miércoles,No,No,15:39,Tarde,El Peñón,Domicilio,Panadería,Buñuelo,,1,2200,0,2200,Tarjeta crédito,Recurrente,25-34,,,,26.5,No
105184,2026-06-17,6,Junio,25,Miércoles,No,No,15:52,Tarde,San Antonio,Domicilio,Snacks,Barra de granola,,2,5500,5,10400,Tarjeta débito,Fidelizado,18-24,,,,26.5,No
105193,2026-06-17,6,Junio,25,Miércoles,No,No,15:55,Tarde,Ciudad Jardín,Mostrador,Snacks,Papas de paquete,,2,5000,5,9500,Billetera digital,Fidelizado,35-44,1.7,,,26.5,No
105188,2026-06-17,6,Junio,25,Miércoles,No,No,15:58,Tarde,Ciudad Jardín,App,Panadería,Pandebono,,2,2500,15,4200,Tarjeta débito,Recurrente,55 o más,2.3,,,26.5,No
105183,2026-06-17,6,Junio,25,Miércoles,No,No,16:31,Tarde,San Antonio,App,Café caliente,Americano,M,1,5500,15,4700,Billetera digital,Fidelizado,35-44,0.7,,,26.5,No
105158,2026-06-17,6,Junio,25,Miércoles,No,No,16:50,Tarde,Centro,Mostrador,Café caliente,Chocolate caliente,M,1,8000,0,8000,Tarjeta débito,Recurrente,18-24,2.3,,,26.5,No
105159,2026-06-17,6,Junio,25,Miércoles,No,No,17:36,Tarde,Centro,Mostrador,Café caliente,Americano,M,1,5500,5,5200,Tarjeta débito,Fidelizado,18-24,3.1,,,26.5,No
105171,2026-06-17,6,Junio,25,Miércoles,No,No,17:59,Tarde,Granada,Mostrador,Café caliente,Americano,M,2,5500,0,11000,Tarjeta débito,Recurrente,18-24,8.0,,,26.5,No
105174,2026-06-17,6,Junio,25,Miércoles,No,No,18:22,Noche,Granada,Mostrador,Café caliente,Capuchino,M,1,8500,0,8500,Tarjeta débito,Recurrente,25-34,2.9,5,,26.5,No
105185,2026-06-17,6,Junio,25,Miércoles,No,No,19:09,Noche,San Antonio,Domicilio,Almuerzo,Sándwich cubano,,2,21000,0,42000,Billetera digital,Recurrente,18-24,,,,26.5,No
105180,2026-06-17,6,Junio,25,Miércoles,No,No,20:07,Noche,San Antonio,App,Snacks,Empanada,,1,3500,15,3000,Tarjeta débito,Recurrente,Menos de 18,0.9,,,26.5,No
105222,2026-06-18,6,Junio,25,Jueves,No,No,07:39,Mañana,El Peñón,Mostrador,Café caliente,Americano,M,2,5500,0,11000,Tarjeta crédito,Recurrente,35-44,3.2,,,27.2,No
105207,2026-06-18,6,Junio,25,Jueves,No,No,07:59,Mañana,Centro,Mostrador,Panadería,Muffin,,1,7000,0,7000,Tarjeta débito,Recurrente,Menos de 18,4.7,3,,27.2,No
105203,2026-06-18,6,Junio,25,Jueves,No,No,08:02,Mañana,Centro,App,Café caliente,Tinto,M,4,3500,15,11900,Tarjeta crédito,Nuevo,45-54,2.7,,,27.2,No
105214,2026-06-18,6,Junio,25,Jueves,No,No,08:19,Mañana,San Antonio,Mostrador,Café caliente,Capuchino,S,2,7200,5,13700,Tarjeta crédito,Fidelizado,25-34,5.3,,,27.2,No
105226,2026-06-18,6,Junio,25,Jueves,No,No,08:38,Mañana,El Peñón,Mostrador,Panadería,Croissant,,1,6500,0,6500,Tarjeta crédito,Nuevo,18-24,2.7,,,27.2,No
105198,2026-06-18,6,Junio,25,Jueves,No,No,08:39,Mañana,Centro,Mostrador,Café caliente,Capuchino,S,2,7200,5,13700,Efectivo,Fidelizado,45-54,7.8,4,Bueno,27.2,No
105206,2026-06-18,6,Junio,25,Jueves,No,No,08:40,Mañana,Centro,Mostrador,Panadería,Pandebono,,1,2500,0,2500,Efectivo,Recurrente,18-24,3.8,,,27.2,No
105215,2026-06-18,6,Junio,25,Jueves,No,No,09:54,Mañana,San Antonio,Mostrador,Panadería,Pandebono,,1,2500,5,2400,Billetera digital,Fidelizado,45-54,7.0,,,27.2,No
105216,2026-06-18,6,Junio,25,Jueves,No,No,10:25,Media mañana,San Antonio,App,Snacks,Empanada,,2,3500,15,6000,Tarjeta crédito,Fidelizado,18-24,2.5,5,,27.2,No
105199,2026-06-18,6,Junio,25,Jueves,No,No,10:45,Media mañana,Centro,App,Snacks,Galletas,,1,4500,15,3800,Tarjeta débito,Fidelizado,18-24,6.7,,,27.2,No
105219,2026-06-18,6,Junio,25,Jueves,No,No,10:59,Media mañana,San Antonio,Mostrador,Bebida fría,Limonada de coco,S,2,9400,0,18800,Efectivo,Recurrente,35-44,2.8,4,Rico pero un poco demorado,27.2,No
105213,2026-06-18,6,Junio,25,Jueves,No,No,11:14,Media mañana,San Antonio,Mostrador,Bebida fría,Jugo natural,S,1,7200,5,6800,Efectivo,Fidelizado,18-24,2.9,5,,27.2,No
105220,2026-06-18,6,Junio,25,Jueves,No,No,11:15,Media mañana,San Antonio,Mostrador,Panadería,Muffin,,2,7000,0,14000,Tarjeta débito,Recurrente,18-24,5.3,4,,27.2,No
105225,2026-06-18,6,Junio,25,Jueves,No,No,11:59,Media mañana,El Peñón,Mostrador,Snacks,Barra de granola,,1,5500,0,5500,Tarjeta crédito,Recurrente,45-54,1.9,3,,27.2,No
105202,2026-06-18,6,Junio,25,Jueves,No,No,12:06,Almuerzo,Centro,App,Almuerzo,Bowl vegetariano,,1,22000,15,18700,Billetera digital,Fidelizado,18-24,4.8,,,27.2,No
105208,2026-06-18,6,Junio,25,Jueves,No,No,12:47,Almuerzo,Centro,Mostrador,Almuerzo,Bowl vegetariano,,1,22000,0,22000,Tarjeta débito,Recurrente,25-34,10.2,3,Me tocó esperar mucho,27.2,No
105210,2026-06-18,6,Junio,25,Jueves,No,No,12:53,Almuerzo,Granada,Mostrador,Bebida fría,Jugo natural,S,1,7200,0,7200,Tarjeta débito,Nuevo,25-34,8.0,,,27.2,No
105200,2026-06-18,6,Junio,25,Jueves,No,No,13:34,Almuerzo,Centro,Mostrador,Panadería,Pandebono,,1,2500,0,2500,Billetera digital,Recurrente,25-34,16.8,3,,27.2,No
105204,2026-06-18,6,Junio,25,Jueves,No,No,14:28,Tarde,Centro,Mostrador,Café caliente,Mocaccino,S,1,8100,0,8100,Tarjeta débito,Recurrente,45-54,2.1,,,27.2,No
105205,2026-06-18,6,Junio,25,Jueves,No,No,14:58,Tarde,Centro,Mostrador,Snacks,Empanada,,2,3500,0,7000,Tarjeta crédito,Recurrente,25-34,2.0,,,27.2,No
105218,2026-06-18,6,Junio,25,Jueves,No,No,15:21,Tarde,San Antonio,App,Café caliente,Tinto,M,2,3500,15,6000,Tarjeta débito,Recurrente,45-54,1.4,,,27.2,No
105224,2026-06-18,6,Junio,25,Jueves,No,No,15:22,Tarde,El Peñón,Mostrador,Snacks,Empanada,,1,3500,5,3300,Tarjeta débito,Fidelizado,55 o más,4.9,,,27.2,No
105212,2026-06-18,6,Junio,25,Jueves,No,No,15:48,Tarde,San Antonio,Mostrador,Snacks,Empanada,,1,3500,0,3500,Efectivo,Recurrente,55 o más,2.3,4,,27.2,No
105201,2026-06-18,6,Junio,25,Jueves,No,No,16:13,Tarde,Centro,Mostrador,Snacks,Galletas,,2,4500,0,9000,Tarjeta crédito,Nuevo,35-44,3.0,,,27.2,No
105227,2026-06-18,6,Junio,25,Jueves,No,No,16:54,Tarde,El Peñón,Domicilio,Panadería,Pandebono,,1,2500,5,2400,Efectivo,Fidelizado,18-24,,,,27.2,No
105221,2026-06-18,6,Junio,25,Jueves,No,No,18:12,Noche,Ciudad Jardín,App,Bebida fría,Limonada de coco,S,2,9400,15,16000,Billetera digital,Fidelizado,35-44,2.2,,,27.2,No
105209,2026-06-18,6,Junio,25,Jueves,No,No,18:20,Noche,Granada,Mostrador,Bebida fría,Limonada de coco,M,1,11000,0,11000,Efectivo,Recurrente,35-44,4.8,3,,27.2,No
105217,2026-06-18,6,Junio,25,Jueves,No,No,20:23,Noche,San Antonio,Mostrador,Bebida fría,Frappé de café,L,2,15600,0,31200,Tarjeta crédito,Recurrente,25-34,5.2,,,27.2,No
105211,2026-06-18,6,Junio,25,Jueves,No,No,20:30,Noche,Granada,Domicilio,Panadería,Pandebono,,1,2500,5,2400,Efectivo,Fidelizado,35-44,,,,27.2,No
105223,2026-06-18,6,Junio,25,Jueves,No,No,20:53,Noche,El Peñón,Mostrador,Café caliente,Capuchino,L,1,10600,0,10600,Tarjeta débito,Nuevo,18-24,4.2,5,,27.2,No
105243,2026-06-19,6,Junio,25,Viernes,No,No,06:45,Mañana,Ciudad Jardín,Mostrador,Café caliente,Capuchino,M,4,8500,0,34000,Tarjeta débito,Recurrente,55 o más,4.6,4,,25.1,Sí
105233,2026-06-19,6,Junio,25,Viernes,No,No,07:26,Mañana,Granada,Mostrador,Panadería,Muffin,,1,7000,0,7000,Billetera digital,Recurrente,25-34,7.4,3,Bueno,25.1,Sí
105248,2026-06-19,6,Junio,25,Viernes,No,No,08:56,Mañana,El Peñón,Mostrador,Panadería,Pandebono,,1,2500,5,2400,Tarjeta crédito,Fidelizado,45-54,3.2,,,25.1,Sí
105244,2026-06-19,6,Junio,25,Viernes,No,No,10:07,Media mañana,Ciudad Jardín,Mostrador,Panadería,Buñuelo,,2,2200,5,4200,Efectivo,Fidelizado,35-44,3.0,3,,25.1,Sí
105228,2026-06-19,6,Junio,25,Viernes,No,No,10:49,Media mañana,Centro,Mostrador,Café caliente,Latte,M,1,9000,5,8600,Billetera digital,Fidelizado,35-44,2.8,,,25.1,Sí
105235,2026-06-19,6,Junio,25,Viernes,No,No,10:52,Media mañana,Granada,Domicilio,Bebida fría,Limonada de coco,M,1,11000,0,11000,Tarjeta crédito,Recurrente,25-34,,,,25.1,Sí
105230,2026-06-19,6,Junio,25,Viernes,No,No,11:32,Media mañana,Centro,Mostrador,Café caliente,Capuchino,S,2,7200,0,14400,Tarjeta crédito,Recurrente,25-34,1.8,,,25.1,Sí
105234,2026-06-19,6,Junio,25,Viernes,No,No,12:21,Almuerzo,Granada,Mostrador,Panadería,Muffin,,1,7000,0,7000,Tarjeta crédito,Recurrente,35-44,5.4,,,25.1,Sí
105241,2026-06-19,6,Junio,25,Viernes,No,No,12:42,Almuerzo,Ciudad Jardín,App,Café caliente,Latte,M,3,9000,15,23000,Tarjeta crédito,Recurrente,45-54,6.9,4,,25.1,Sí
105237,2026-06-19,6,Junio,25,Viernes,No,No,13:41,Almuerzo,San Antonio,Mostrador,Café caliente,Capuchino,M,1,8500,0,8500,Efectivo,Recurrente,25-34,6.1,,,25.1,Sí
105240,2026-06-19,6,Junio,25,Viernes,No,No,13:51,Almuerzo,Ciudad Jardín,Domicilio,Almuerzo,Bowl vegetariano,,1,22000,5,20900,Tarjeta débito,Fidelizado,35-44,,4,,25.1,Sí
105238,2026-06-19,6,Junio,25,Viernes,No,No,14:33,Tarde,San Antonio,Mostrador,Café caliente,Chocolate caliente,M,2,8000,0,16000,Efectivo,Nuevo,18-24,3.8,5,Volveré pronto,25.1,Sí
105242,2026-06-19,6,Junio,25,Viernes,No,No,14:36,Tarde,Ciudad Jardín,App,Café caliente,Tinto,S,1,3000,15,2600,Tarjeta crédito,Recurrente,45-54,2.5,,,25.1,Sí
105229,2026-06-19,6,Junio,25,Viernes,No,No,14:39,Tarde,Centro,Mostrador,Café caliente,Tinto,M,1,3500,0,3500,Efectivo,Recurrente,55 o más,1.7,,,25.1,Sí
105246,2026-06-19,6,Junio,25,Viernes,No,No,16:52,Tarde,El Peñón,App,Panadería,Buñuelo,,2,2200,15,3700,Tarjeta crédito,Fidelizado,55 o más,2.5,,,25.1,Sí
105247,2026-06-19,6,Junio,25,Viernes,No,No,17:34,Tarde,El Peñón,App,Café caliente,Chocolate caliente,M,1,8000,15,6800,Tarjeta débito,Fidelizado,25-34,1.6,4,,25.1,Sí
105232,2026-06-19,6,Junio,25,Viernes,No,No,18:27,Noche,Granada,App,Café caliente,Tinto,S,1,3000,15,2600,Billetera digital,Recurrente,45-54,1.5,,,25.1,Sí
105231,2026-06-19,6,Junio,25,Viernes,No,No,18:58,Noche,Granada,Domicilio,Café caliente,Americano,S,1,4700,0,4700,Billetera digital,Nuevo,25-34,,5,,25.1,Sí
105245,2026-06-19,6,Junio,25,Viernes,No,No,19:36,Noche,Ciudad Jardín,Mostrador,Panadería,Muffin,,3,7000,0,21000,Tarjeta débito,Recurrente,25-34,3.2,,,25.1,Sí
105236,2026-06-19,6,Junio,25,Viernes,No,No,19:46,Noche,Granada,App,Café caliente,Tinto,L,1,4400,15,3700,Tarjeta débito,Recurrente,25-34,2.1,,,25.1,Sí
105239,2026-06-19,6,Junio,25,Viernes,No,No,20:41,Noche,San Antonio,Mostrador,Café caliente,Chocolate caliente,M,1,8000,0,8000,Efectivo,Nuevo,45-54,9.8,2,,25.1,Sí
105271,2026-06-20,6,Junio,25,Sábado,Sí,No,06:45,Mañana,San Antonio,App,Café caliente,Capuchino,M,1,8500,15,7200,Tarjeta débito,Nuevo,45-54,1.3,4,,28.5,No
105254,2026-06-20,6,Junio,25,Sábado,Sí,No,06:50,Mañana,Granada,Mostrador,Café caliente,Tinto,L,1,4400,0,4400,Billetera digital,Nuevo,18-24,4.3,,,28.5,No
105281,2026-06-20,6,Junio,25,Sábado,Sí,No,06:50,Mañana,El Peñón,App,Snacks,Papas de paquete,,2,5000,15,8500,Billetera digital,Fidelizado,25-34,2.3,,,28.5,No
105272,2026-06-20,6,Junio,25,Sábado,Sí,No,07:28,Mañana,Ciudad Jardín,Mostrador,Café caliente,Americano,M,1,5500,0,5500,Billetera digital,Recurrente,55 o más,5.6,,,28.5,No
105256,2026-06-20,6,Junio,25,Sábado,Sí,No,07:59,Mañana,Granada,Mostrador,Café caliente,Americano,L,3,6900,0,20700,Tarjeta débito,Nuevo,18-24,4.0,,,28.5,No
105253,2026-06-20,6,Junio,25,Sábado,Sí,No,09:26,Mañana,Granada,Mostrador,Café caliente,Mocaccino,S,1,8100,0,8100,Efectivo,Recurrente,35-44,4.7,,,28.5,No
105261,2026-06-20,6,Junio,25,Sábado,Sí,No,10:07,Media mañana,Granada,Mostrador,Snacks,Empanada,,1,3500,0,3500,Efectivo,Recurrente,18-24,5.6,4,,28.5,No
105257,2026-06-20,6,Junio,25,Sábado,Sí,No,10:14,Media mañana,Granada,Mostrador,Almuerzo,Sándwich cubano,,1,21000,0,21000,Tarjeta débito,Nuevo,25-34,2.9,,,28.5,No
105274,2026-06-20,6,Junio,25,Sábado,Sí,No,10:18,Media mañana,Ciudad Jardín,Mostrador,Café caliente,Tinto,M,3,3500,0,10500,Tarjeta débito,Nuevo,18-24,4.1,5,,28.5,No
105280,2026-06-20,6,Junio,25,Sábado,Sí,No,10:20,Media mañana,El Peñón,Mostrador,Café caliente,Capuchino,M,1,8500,0,8500,Efectivo,Nuevo,18-24,5.7,,,28.5,No
105275,2026-06-20,6,Junio,25,Sábado,Sí,No,10:24,Media mañana,Ciudad Jardín,Mostrador,Café caliente,Americano,M,5,5500,0,27500,Efectivo,Recurrente,55 o más,1.7,,,28.5,No
105260,2026-06-20,6,Junio,25,Sábado,Sí,No,10:26,Media mañana,Granada,App,Café caliente,Tinto,S,1,3000,15,2600,Tarjeta débito,Recurrente,25-34,3.1,4,,28.5,No
105250,2026-06-20,6,Junio,25,Sábado,Sí,No,10:30,Media mañana,Centro,Mostrador,Café caliente,Tinto,S,1,3000,0,3000,Efectivo,Nuevo,35-44,1.7,,,28.5,No
105258,2026-06-20,6,Junio,25,Sábado,Sí,No,10:33,Media mañana,Granada,Domicilio,Panadería,Muffin,,1,7000,0,7000,Tarjeta débito,Recurrente,25-34,,4,Me encanta el ambiente,28.5,No
105278,2026-06-20,6,Junio,25,Sábado,Sí,No,10:47,Media mañana,El Peñón,Mostrador,Snacks,Empanada,,1,3500,0,3500,Efectivo,Recurrente,55 o más,3.1,5,,28.5,No
105273,2026-06-20,6,Junio,25,Sábado,Sí,No,11:07,Media mañana,Ciudad Jardín,Mostrador,Almuerzo,Wrap de pollo,,2,18500,0,37000,Efectivo,Nuevo,25-34,4.7,4,,28.5,No
105259,2026-06-20,6,Junio,25,Sábado,Sí,No,11:53,Media mañana,Granada,App,Snacks,Empanada,,2,3500,15,6000,Billetera digital,Fidelizado,25-34,3.9,5,,28.5,No
105251,2026-06-20,6,Junio,25,Sábado,Sí,No,11:58,Media mañana,Granada,Mostrador,Bebida fría,Frappé de café,M,1,12500,5,11900,Billetera digital,Fidelizado,25-34,2.8,5,Excelente atención,28.5,No
105279,2026-06-20,6,Junio,25,Sábado,Sí,No,12:03,Almuerzo,El Peñón,Mostrador,Bebida fría,Cold brew,M,1,10500,0,10500,Tarjeta débito,Recurrente,35-44,4.7,4,,28.5,No
105265,2026-06-20,6,Junio,25,Sábado,Sí,No,12:16,Almuerzo,San Antonio,App,Almuerzo,Wrap de pollo,,1,18500,15,15700,Billetera digital,Fidelizado,Menos de 18,7.3,5,,28.5,No
105277,2026-06-20,6,Junio,25,Sábado,Sí,No,12:25,Almuerzo,Ciudad Jardín,Domicilio,Almuerzo,Wrap de pollo,,4,18500,0,74000,Efectivo,Recurrente,25-34,,,,28.5,No
105283,2026-06-20,6,Junio,25,Sábado,Sí,No,12:27,Almuerzo,El Peñón,Mostrador,Almuerzo,Bowl vegetariano,,1,22000,0,22000,Efectivo,Recurrente,55 o más,18.2,,,28.5,No
105268,2026-06-20,6,Junio,25,Sábado,Sí,No,12:53,Almuerzo,San Antonio,App,Bebida fría,Té helado,M,3,7500,15,19100,Tarjeta crédito,Fidelizado,Menos de 18,7.5,,,28.5,No
105252,2026-06-20,6,Junio,25,Sábado,Sí,No,13:21,Almuerzo,Granada,App,Almuerzo,Sándwich cubano,,1,21000,15,17800,Tarjeta débito,Nuevo,18-24,4.6,,,28.5,No
105255,2026-06-20,6,Junio,25,Sábado,Sí,No,14:37,Tarde,Granada,Mostrador,Café caliente,Tinto,M,3,3500,5,10000,Efectivo,Fidelizado,18-24,4.4,,,28.5,No
105262,2026-06-20,6,Junio,25,Sábado,Sí,No,15:23,Tarde,Granada,Mostrador,Bebida fría,Jugo natural,M,1,8500,0,8500,Tarjeta débito,Nuevo,55 o más,3.0,,,28.5,No
105266,2026-06-20,6,Junio,25,Sábado,Sí,No,15:32,Tarde,San Antonio,App,Panadería,Croissant,,3,6500,15,16600,Tarjeta débito,Nuevo,45-54,1.1,,,28.5,No
105282,2026-06-20,6,Junio,25,Sábado,Sí,No,15:32,Tarde,El Peñón,Domicilio,Panadería,Pandebono,,1,2500,0,2500,Tarjeta crédito,Nuevo,25-34,,5,,28.5,No
105276,2026-06-20,6,Junio,25,Sábado,Sí,No,15:41,Tarde,Ciudad Jardín,Mostrador,Snacks,Galletas,,3,4500,0,13500,Efectivo,Recurrente,45-54,3.2,,,28.5,No
105249,2026-06-20,6,Junio,25,Sábado,Sí,No,15:47,Tarde,Centro,Mostrador,Almuerzo,Bowl vegetariano,,2,22000,0,44000,Efectivo,Recurrente,45-54,2.8,,,28.5,No
105264,2026-06-20,6,Junio,25,Sábado,Sí,No,15:50,Tarde,San Antonio,Mostrador,Café caliente,Capuchino,M,3,8500,0,25500,Efectivo,Nuevo,18-24,2.4,,,28.5,No
105267,2026-06-20,6,Junio,25,Sábado,Sí,No,17:21,Tarde,San Antonio,Mostrador,Panadería,Croissant,,1,6500,5,6200,Tarjeta débito,Fidelizado,25-34,3.2,,,28.5,No
105263,2026-06-20,6,Junio,25,Sábado,Sí,No,17:38,Tarde,San Antonio,App,Café caliente,Tinto,M,2,3500,15,6000,Tarjeta crédito,Recurrente,35-44,0.7,,,28.5,No
105284,2026-06-20,6,Junio,25,Sábado,Sí,No,17:49,Tarde,El Peñón,App,Café caliente,Chocolate caliente,M,1,8000,15,6800,Tarjeta crédito,Nuevo,18-24,2.0,5,Me encanta el ambiente,28.5,No
105269,2026-06-20,6,Junio,25,Sábado,Sí,No,19:40,Noche,San Antonio,Mostrador,Café caliente,Capuchino,M,1,8500,5,8100,Billetera digital,Fidelizado,18-24,4.7,4,Bueno,28.5,No
105270,2026-06-20,6,Junio,25,Sábado,Sí,No,20:09,Noche,San Antonio,App,Café caliente,Americano,M,1,5500,15,4700,Billetera digital,Recurrente,35-44,2.5,,,28.5,No
105316,2026-06-21,6,Junio,25,Domingo,Sí,No,06:04,Mañana,El Peñón,App,Café caliente,Tinto,M,1,3500,15,3000,Billetera digital,Fidelizado,45-54,1.6,,,26.3,No
105299,2026-06-21,6,Junio,25,Domingo,Sí,No,06:55,Mañana,San Antonio,Mostrador,Panadería,Buñuelo,,1,2200,0,2200,Billetera digital,Nuevo,25-34,4.9,4,Bueno,26.3,No
105292,2026-06-21,6,Junio,25,Domingo,Sí,No,06:57,Mañana,Granada,Mostrador,Snacks,Papas de paquete,,1,5000,0,5000,Efectivo,Recurrente,25-34,5.0,,,26.3,No
105305,2026-06-21,6,Junio,25,Domingo,Sí,No,07:58,Mañana,Ciudad Jardín,Domicilio,Panadería,Croissant,,2,6500,0,13000,Tarjeta débito,Recurrente,35-44,,,,26.3,No
105310,2026-06-21,6,Junio,25,Domingo,Sí,No,08:28,Mañana,El Peñón,Domicilio,Café caliente,Capuchino,M,1,8500,0,8500,Tarjeta crédito,Nuevo,35-44,,,,26.3,No
105307,2026-06-21,6,Junio,25,Domingo,Sí,No,08:39,Mañana,Ciudad Jardín,Mostrador,Café caliente,Latte,S,1,7600,0,7600,Tarjeta débito,Recurrente,25-34,5.5,,,26.3,No
105311,2026-06-21,6,Junio,25,Domingo,Sí,No,08:49,Mañana,El Peñón,Mostrador,Snacks,Galletas,,2,4500,5,8600,Billetera digital,Fidelizado,25-34,3.8,,,26.3,No
105297,2026-06-21,6,Junio,25,Domingo,Sí,No,08:52,Mañana,San Antonio,App,Café caliente,Tinto,M,1,3500,15,3000,Tarjeta crédito,Fidelizado,18-24,2.7,5,,26.3,No
105290,2026-06-21,6,Junio,25,Domingo,Sí,No,09:05,Mañana,Granada,Mostrador,Panadería,Croissant,,2,6500,0,13000,Efectivo,Nuevo,18-24,8.6,5,Excelente atención,26.3,No
105315,2026-06-21,6,Junio,25,Domingo,Sí,No,09:35,Mañana,El Peñón,Mostrador,Café caliente,Americano,M,2,5500,0,11000,Tarjeta crédito,Recurrente,25-34,7.5,,,26.3,No
105309,2026-06-21,6,Junio,25,Domingo,Sí,No,10:14,Media mañana,El Peñón,App,Snacks,Empanada,,2,3500,15,6000,Tarjeta débito,Fidelizado,35-44,1.0,,,26.3,No
105286,2026-06-21,6,Junio,25,Domingo,Sí,No,10:32,Media mañana,Granada,App,Snacks,Empanada,,1,3500,15,3000,Tarjeta crédito,Recurrente,18-24,1.9,4,Excelente atención,26.3,No
105298,2026-06-21,6,Junio,25,Domingo,Sí,No,10:39,Media mañana,San Antonio,App,Snacks,Papas de paquete,,2,5000,15,8500,Tarjeta débito,Recurrente,18-24,2.2,,,26.3,No
105288,2026-06-21,6,Junio,25,Domingo,Sí,No,11:32,Media mañana,Granada,App,Bebida fría,Cold brew,S,1,8900,15,7600,Tarjeta débito,Nuevo,25-34,1.8,,,26.3,No
105295,2026-06-21,6,Junio,25,Domingo,Sí,No,11:40,Media mañana,Granada,Mostrador,Café caliente,Americano,M,1,5500,0,5500,Tarjeta débito,Recurrente,18-24,6.4,,,26.3,No
105304,2026-06-21,6,Junio,25,Domingo,Sí,No,12:02,Almuerzo,Ciudad Jardín,App,Café caliente,Capuchino,L,2,10600,15,18000,Billetera digital,Fidelizado,35-44,2.4,,,26.3,No
105302,2026-06-21,6,Junio,25,Domingo,Sí,No,12:28,Almuerzo,Ciudad Jardín,Mostrador,Almuerzo,Sándwich cubano,,1,21000,5,20000,Tarjeta débito,Fidelizado,35-44,7.8,,,26.3,No
105313,2026-06-21,6,Junio,25,Domingo,Sí,No,13:09,Almuerzo,El Peñón,Mostrador,Café caliente,Americano,S,1,4700,0,4700,Tarjeta débito,Nuevo,35-44,5.8,,,26.3,No
105300,2026-06-21,6,Junio,25,Domingo,Sí,No,13:20,Almuerzo,San Antonio,Domicilio,Almuerzo,Bowl vegetariano,,2,22000,5,41800,Tarjeta crédito,Fidelizado,18-24,,,,26.3,No
105285,2026-06-21,6,Junio,25,Domingo,Sí,No,13:56,Almuerzo,Granada,Mostrador,Almuerzo,Sándwich cubano,,1,21000,5,20000,Tarjeta débito,Fidelizado,18-24,7.4,,,26.3,No
105306,2026-06-21,6,Junio,25,Domingo,Sí,No,13:59,Almuerzo,Ciudad Jardín,Domicilio,Almuerzo,Sándwich cubano,,3,21000,0,63000,Billetera digital,Recurrente,35-44,,,,26.3,No
105314,2026-06-21,6,Junio,25,Domingo,Sí,No,14:25,Tarde,El Peñón,App,Bebida fría,Frappé de café,M,1,12500,15,10600,Billetera digital,Recurrente,25-34,2.2,,,26.3,No
105291,2026-06-21,6,Junio,25,Domingo,Sí,No,15:15,Tarde,Granada,Mostrador,Snacks,Empanada,,2,3500,0,7000,Tarjeta débito,Nuevo,45-54,4.3,4,,26.3,No
105294,2026-06-21,6,Junio,25,Domingo,Sí,No,15:37,Tarde,Granada,Mostrador,Café caliente,Capuchino,S,3,7200,5,20500,Efectivo,Fidelizado,25-34,2.3,,,26.3,No
105308,2026-06-21,6,Junio,25,Domingo,Sí,No,16:04,Tarde,Ciudad Jardín,Domicilio,Panadería,Pandebono,,2,2500,0,5000,Efectivo,Nuevo,35-44,,5,,26.3,No
105301,2026-06-21,6,Junio,25,Domingo,Sí,No,16:47,Tarde,Ciudad Jardín,Mostrador,Café caliente,Latte,S,1,7600,0,7600,Billetera digital,Nuevo,35-44,6.9,,,26.3,No
105312,2026-06-21,6,Junio,25,Domingo,Sí,No,16:53,Tarde,El Peñón,App,Café caliente,Tinto,M,1,3500,15,3000,Billetera digital,Recurrente,45-54,3.4,,,26.3,No
105293,2026-06-21,6,Junio,25,Domingo,Sí,No,17:31,Tarde,Granada,Mostrador,Snacks,Empanada,,1,3500,0,3500,Tarjeta débito,Nuevo,25-34,5.7,,,26.3,No
105287,2026-06-21,6,Junio,25,Domingo,Sí,No,17:45,Tarde,Granada,App,Panadería,Torta de zanahoria,,1,9000,15,7600,Billetera digital,Fidelizado,35-44,1.0,,,26.3,No
105289,2026-06-21,6,Junio,25,Domingo,Sí,No,19:01,Noche,Granada,Domicilio,Café caliente,Americano,L,1,6900,5,6600,Tarjeta débito,Fidelizado,25-34,,,,26.3,No
105303,2026-06-21,6,Junio,25,Domingo,Sí,No,19:14,Noche,Ciudad Jardín,Mostrador,Almuerzo,Sándwich cubano,,1,21000,0,21000,Tarjeta débito,Recurrente,55 o más,2.4,,,26.3,No
105296,2026-06-21,6,Junio,25,Domingo,Sí,No,20:57,Noche,San Antonio,Mostrador,Panadería,Torta de zanahoria,,2,9000,0,18000,Billetera digital,Nuevo,25-34,3.4,4,La app funciona bien,26.3,No
105328,2026-06-22,6,Junio,26,Lunes,No,No,06:07,Mañana,Centro,App,Bebida fría,Limonada de coco,S,3,9400,15,24000,Tarjeta crédito,Recurrente,25-34,4.7,5,,28.9,No
105325,2026-06-22,6,Junio,26,Lunes,No,No,06:15,Mañana,Centro,Mostrador,Snacks,Papas de paquete,,1,5000,0,5000,Billetera digital,Recurrente,25-34,8.1,,,28.9,No
105356,2026-06-22,6,Junio,26,Lunes,No,No,06:18,Mañana,El Peñón,Domicilio,Bebida fría,Frappé de café,S,2,10600,0,21200,Efectivo,Recurrente,45-54,,,,28.9,No
105349,2026-06-22,6,Junio,26,Lunes,No,No,06:48,Mañana,Ciudad Jardín,Domicilio,Snacks,Empanada,,4,3500,0,14000,Efectivo,Recurrente,35-44,,5,Excelente atención,28.9,No
105350,2026-06-22,6,Junio,26,Lunes,No,No,07:13,Mañana,Ciudad Jardín,Mostrador,Café caliente,Americano,M,1,5500,5,5200,Tarjeta crédito,Fidelizado,45-54,5.6,,,28.9,No
105334,2026-06-22,6,Junio,26,Lunes,No,No,08:05,Mañana,Centro,Mostrador,Café caliente,Capuchino,M,1,8500,5,8100,Efectivo,Fidelizado,18-24,4.5,4,,28.9,No
105340,2026-06-22,6,Junio,26,Lunes,No,No,08:17,Mañana,San Antonio,Domicilio,Snacks,Papas de paquete,,1,5000,0,5000,Billetera digital,Recurrente,25-34,,4,,28.9,No
105351,2026-06-22,6,Junio,26,Lunes,No,No,08:52,Mañana,Ciudad Jardín,App,Bebida fría,Cold brew,S,1,8900,15,7600,Billetera digital,Fidelizado,25-34,1.5,,,28.9,No
105321,2026-06-22,6,Junio,26,Lunes,No,No,08:55,Mañana,Centro,App,Café caliente,Americano,S,1,4700,15,4000,Tarjeta crédito,Fidelizado,25-34,3.4,5,,28.9,No
105341,2026-06-22,6,Junio,26,Lunes,No,No,09:02,Mañana,San Antonio,Mostrador,Café caliente,Capuchino,M,3,8500,0,25500,Tarjeta débito,Recurrente,45-54,7.7,,,28.9,No
105324,2026-06-22,6,Junio,26,Lunes,No,No,09:09,Mañana,Centro,Mostrador,Café caliente,Americano,M,2,5500,0,11000,Tarjeta débito,Nuevo,35-44,14.5,,,28.9,No
105332,2026-06-22,6,Junio,26,Lunes,No,No,09:48,Mañana,Centro,Domicilio,Café caliente,Tinto,M,2,3500,0,7000,Tarjeta débito,Nuevo,35-44,,,,28.9,No
105330,2026-06-22,6,Junio,26,Lunes,No,No,10:55,Media mañana,Centro,Mostrador,Bebida fría,Frappé de café,M,1,12500,0,12500,Tarjeta crédito,Recurrente,Menos de 18,2.9,5,,28.9,No
105320,2026-06-22,6,Junio,26,Lunes,No,No,11:02,Media mañana,Centro,App,Bebida fría,Limonada de coco,M,1,11000,15,9400,Billetera digital,Recurrente,18-24,3.6,,,28.9,No
105318,2026-06-22,6,Junio,26,Lunes,No,No,11:18,Media mañana,Centro,Mostrador,Panadería,Pandebono,,1,2500,0,2500,Billetera digital,Nuevo,35-44,5.5,,,28.9,No
105323,2026-06-22,6,Junio,26,Lunes,No,No,11:40,Media mañana,Centro,Mostrador,Café caliente,Latte,L,1,11200,5,10600,Tarjeta débito,Fidelizado,18-24,5.5,4,,28.9,No
105327,2026-06-22,6,Junio,26,Lunes,No,No,12:08,Almuerzo,Centro,Domicilio,Bebida fría,Jugo natural,M,1,8500,0,8500,Efectivo,Recurrente,25-34,,,,28.9,No
105335,2026-06-22,6,Junio,26,Lunes,No,No,12:34,Almuerzo,Granada,App,Almuerzo,Ensalada César,,1,19500,15,16600,Billetera digital,Recurrente,25-34,3.2,4,,28.9,No
105347,2026-06-22,6,Junio,26,Lunes,No,No,13:03,Almuerzo,Ciudad Jardín,Mostrador,Almuerzo,Wrap de pollo,,1,18500,0,18500,Tarjeta crédito,Recurrente,45-54,7.0,,,28.9,No
105322,2026-06-22,6,Junio,26,Lunes,No,No,13:28,Almuerzo,Centro,Mostrador,Bebida fría,Limonada de coco,L,2,13800,0,27600,Tarjeta crédito,Recurrente,45-54,13.4,,,28.9,No
105329,2026-06-22,6,Junio,26,Lunes,No,No,13:59,Almuerzo,Centro,App,Bebida fría,Té helado,M,2,7500,15,12800,Billetera digital,Recurrente,25-34,10.0,2,,28.9,No
105354,2026-06-22,6,Junio,26,Lunes,No,No,14:00,Tarde,El Peñón,Mostrador,Panadería,Pandebono,,2,2500,0,5000,Efectivo,Recurrente,45-54,3.0,,,28.9,No
105326,2026-06-22,6,Junio,26,Lunes,No,No,14:19,Tarde,Centro,Mostrador,Bebida fría,Limonada de coco,L,1,13800,0,13800,Tarjeta débito,Nuevo,18-24,1.7,5,,28.9,No
105342,2026-06-22,6,Junio,26,Lunes,No,No,14:49,Tarde,San Antonio,Mostrador,Café caliente,Tinto,M,1,3500,0,3500,Billetera digital,Recurrente,Menos de 18,3.0,,,28.9,No
105345,2026-06-22,6,Junio,26,Lunes,No,No,15:01,Tarde,San Antonio,App,Panadería,Muffin,,1,7000,15,6000,Billetera digital,Fidelizado,Menos de 18,1.8,,,28.9,No
105343,2026-06-22,6,Junio,26,Lunes,No,No,15:04,Tarde,San Antonio,Domicilio,Bebida fría,Té helado,L,2,9400,5,17900,Tarjeta débito,Fidelizado,18-24,,,,28.9,No
105359,2026-06-22,6,Junio,26,Lunes,No,No,15:34,Tarde,El Peñón,Mostrador,Bebida fría,Frappé de café,S,2,10600,0,21200,Tarjeta débito,Recurrente,45-54,1.9,4,,28.9,No
105331,2026-06-22,6,Junio,26,Lunes,No,No,15:38,Tarde,Centro,App,Bebida fría,Limonada de coco,S,2,9400,15,16000,Tarjeta crédito,Recurrente,18-24,1.1,3,,28.9,No
105358,2026-06-22,6,Junio,26,Lunes,No,No,15:51,Tarde,El Peñón,Mostrador,Café caliente,Mocaccino,M,2,9500,0,19000,Tarjeta débito,Nuevo,18-24,3.2,,,28.9,No
105317,2026-06-22,6,Junio,26,Lunes,No,No,16:17,Tarde,Centro,App,Bebida fría,Jugo natural,M,1,8500,15,7200,Tarjeta crédito,Fidelizado,18-24,1.1,,,28.9,No
105338,2026-06-22,6,Junio,26,Lunes,No,No,16:20,Tarde,Granada,App,Snacks,Galletas,,4,4500,15,15300,Tarjeta crédito,Fidelizado,45-54,0.8,5,El pandebono estaba recién hecho,28.9,No
105333,2026-06-22,6,Junio,26,Lunes,No,No,16:44,Tarde,Centro,Mostrador,Panadería,Croissant,,3,6500,0,19500,Tarjeta débito,Recurrente,35-44,2.8,,,28.9,No
105353,2026-06-22,6,Junio,26,Lunes,No,No,16:50,Tarde,El Peñón,Domicilio,Bebida fría,Cold brew,S,2,8900,0,17800,Efectivo,Recurrente,25-34,,,,28.9,No
105352,2026-06-22,6,Junio,26,Lunes,No,No,18:14,Noche,Ciudad Jardín,App,Panadería,Pandebono,,2,2500,15,4200,Tarjeta débito,Fidelizado,55 o más,2.5,,,28.9,No
105337,2026-06-22,6,Junio,26,Lunes,No,No,18:20,Noche,Granada,Mostrador,Café caliente,Tinto,L,1,4400,5,4200,Tarjeta débito,Fidelizado,18-24,3.0,4,Rico pero un poco demorado,28.9,No
105344,2026-06-22,6,Junio,26,Lunes,No,No,18:21,Noche,San Antonio,Mostrador,Snacks,Galletas,,2,4500,0,9000,Efectivo,Recurrente,25-34,2.4,,,28.9,No
105348,2026-06-22,6,Junio,26,Lunes,No,No,18:50,Noche,Ciudad Jardín,Mostrador,Snacks,Papas de paquete,,3,5000,5,14200,Tarjeta débito,Fidelizado,45-54,4.0,4,,28.9,No
105355,2026-06-22,6,Junio,26,Lunes,No,No,19:05,Noche,El Peñón,Mostrador,Bebida fría,Cold brew,S,1,8900,0,8900,Tarjeta crédito,Recurrente,18-24,8.5,,,28.9,No
105357,2026-06-22,6,Junio,26,Lunes,No,No,19:09,Noche,El Peñón,Mostrador,Bebida fría,Limonada de coco,S,1,9400,5,8900,Efectivo,Fidelizado,18-24,4.2,,,28.9,No
105336,2026-06-22,6,Junio,26,Lunes,No,No,19:37,Noche,Granada,Mostrador,Snacks,Empanada,,3,3500,5,10000,Efectivo,Fidelizado,25-34,2.2,,,28.9,No
105319,2026-06-22,6,Junio,26,Lunes,No,No,20:03,Noche,Centro,Mostrador,Panadería,Muffin,,3,7000,0,21000,Tarjeta débito,Nuevo,25-34,2.3,,,28.9,No
105346,2026-06-22,6,Junio,26,Lunes,No,No,20:49,Noche,Ciudad Jardín,Mostrador,Panadería,Buñuelo,,1,2200,0,2200,Tarjeta crédito,Nuevo,45-54,2.8,5,,28.9,No
105339,2026-06-22,6,Junio,26,Lunes,No,No,20:57,Noche,Granada,Mostrador,Bebida fría,Jugo natural,M,1,8500,0,8500,Billetera digital,Recurrente,35-44,3.6,,,28.9,No
105393,2026-06-23,6,Junio,26,Martes,No,No,06:03,Mañana,El Peñón,App,Café caliente,Mocaccino,S,1,8100,15,6900,Tarjeta crédito,Fidelizado,18-24,2.5,,,27.1,No
105366,2026-06-23,6,Junio,26,Martes,No,No,06:09,Mañana,Centro,Mostrador,Snacks,Empanada,,3,3500,0,10500,Efectivo,Recurrente,45-54,6.5,,,27.1,No
105369,2026-06-23,6,Junio,26,Martes,No,No,06:35,Mañana,Granada,Mostrador,Panadería,Pandebono,,3,2500,0,7500,Tarjeta débito,Nuevo,25-34,2.4,,,27.1,No
105381,2026-06-23,6,Junio,26,Martes,No,No,06:59,Mañana,Ciudad Jardín,Mostrador,Café caliente,Latte,L,3,11200,5,31900,Tarjeta crédito,Fidelizado,35-44,4.7,,,27.1,No
105386,2026-06-23,6,Junio,26,Martes,No,No,07:27,Mañana,Ciudad Jardín,Mostrador,Café caliente,Capuchino,S,2,7200,0,14400,Efectivo,Nuevo,35-44,3.5,,,27.1,No
105389,2026-06-23,6,Junio,26,Martes,No,No,07:31,Mañana,Ciudad Jardín,Domicilio,Bebida fría,Frappé de café,L,1,15600,0,15600,Tarjeta débito,Recurrente,45-54,,,,27.1,No
105382,2026-06-23,6,Junio,26,Martes,No,No,07:42,Mañana,Ciudad Jardín,App,Panadería,Pandebono,,2,2500,15,4200,Tarjeta crédito,Fidelizado,55 o más,1.6,4,Buen precio por el tamaño,27.1,No
105391,2026-06-23,6,Junio,26,Martes,No,No,07:43,Mañana,El Peñón,Domicilio,Café caliente,Tinto,M,4,3500,0,14000,Tarjeta débito,Nuevo,25-34,,,,27.1,No
105362,2026-06-23,6,Junio,26,Martes,No,No,08:12,Mañana,Centro,Mostrador,Café caliente,Tinto,M,2,3500,5,6600,Tarjeta crédito,Fidelizado,Menos de 18,8.2,5,,27.1,No
105363,2026-06-23,6,Junio,26,Martes,No,No,08:12,Mañana,Centro,Mostrador,Panadería,Muffin,,1,7000,0,7000,Tarjeta débito,Recurrente,35-44,5.1,3,,27.1,No
105370,2026-06-23,6,Junio,26,Martes,No,No,09:17,Mañana,Granada,Mostrador,Café caliente,Capuchino,S,1,7200,5,6800,Efectivo,Fidelizado,35-44,5.7,,,27.1,No
105392,2026-06-23,6,Junio,26,Martes,No,No,09:50,Mañana,El Peñón,Mostrador,Café caliente,Chocolate caliente,L,2,10000,0,20000,Tarjeta débito,Recurrente,35-44,4.0,,,27.1,No
105377,2026-06-23,6,Junio,26,Martes,No,No,10:05,Media mañana,San Antonio,Mostrador,Panadería,Pandebono,,2,2500,0,5000,Tarjeta crédito,Nuevo,18-24,1.3,,,27.1,No
105390,2026-06-23,6,Junio,26,Martes,No,No,10:10,Media mañana,El Peñón,Mostrador,Café caliente,Americano,M,3,5500,5,15700,Efectivo,Fidelizado,35-44,3.3,4,,27.1,No
105368,2026-06-23,6,Junio,26,Martes,No,No,11:08,Media mañana,Granada,Domicilio,Café caliente,Americano,S,1,4700,0,4700,Tarjeta débito,Nuevo,25-34,,,,27.1,No
105387,2026-06-23,6,Junio,26,Martes,No,No,11:13,Media mañana,Ciudad Jardín,Domicilio,Café caliente,Tinto,L,2,4400,0,8800,Tarjeta débito,Nuevo,35-44,,4,,27.1,No
105375,2026-06-23,6,Junio,26,Martes,No,No,11:27,Media mañana,Granada,Mostrador,Café caliente,Capuchino,L,1,10600,0,10600,Billetera digital,Recurrente,18-24,2.5,,,27.1,No
105384,2026-06-23,6,Junio,26,Martes,No,No,11:35,Media mañana,Ciudad Jardín,Mostrador,Café caliente,Tinto,M,2,3500,5,6600,Tarjeta débito,Fidelizado,25-34,1.4,5,,27.1,No
105364,2026-06-23,6,Junio,26,Martes,No,No,11:41,Media mañana,Centro,Mostrador,Café caliente,Latte,M,2,9000,0,18000,Efectivo,Recurrente,25-34,4.3,3,"Bien, pero podría mejorar",27.1,No
105361,2026-06-23,6,Junio,26,Martes,No,No,11:54,Media mañana,Centro,Mostrador,Bebida fría,Cold brew,S,1,8900,0,8900,Tarjeta débito,Nuevo,35-44,2.6,,,27.1,No
105379,2026-06-23,6,Junio,26,Martes,No,No,12:26,Almuerzo,San Antonio,App,Café caliente,Americano,M,4,5500,15,18700,Billetera digital,Fidelizado,18-24,9.8,,,27.1,No
105365,2026-06-23,6,Junio,26,Martes,No,No,12:34,Almuerzo,Centro,App,Bebida fría,Limonada de coco,M,1,11000,15,9400,Tarjeta crédito,Recurrente,35-44,10.2,2,Demasiada fila,27.1,No
105385,2026-06-23,6,Junio,26,Martes,No,No,13:14,Almuerzo,Ciudad Jardín,Mostrador,Almuerzo,Bowl vegetariano,,2,22000,0,44000,Efectivo,Recurrente,25-34,11.6,3,Se demoraron con mi pedido,27.1,No
105367,2026-06-23,6,Junio,26,Martes,No,No,13:21,Almuerzo,Centro,App,Almuerzo,Wrap de pollo,,2,18500,15,31400,Billetera digital,Fidelizado,45-54,2.0,,,27.1,No
105371,2026-06-23,6,Junio,26,Martes,No,No,13:37,Almuerzo,Granada,Mostrador,Café caliente,Tinto,M,3,3500,5,10000,Efectivo,Fidelizado,45-54,3.0,,,27.1,No
105394,2026-06-23,6,Junio,26,Martes,No,No,13:53,Almuerzo,El Peñón,Mostrador,Snacks,Empanada,,4,3500,0,14000,Tarjeta débito,Recurrente,35-44,7.9,,,27.1,No
105396,2026-06-23,6,Junio,26,Martes,No,No,13:56,Almuerzo,El Peñón,Mostrador,Almuerzo,Sándwich cubano,,1,21000,0,21000,Tarjeta crédito,Recurrente,25-34,6.3,5,,27.1,No
105373,2026-06-23,6,Junio,26,Martes,No,No,15:26,Tarde,Granada,Mostrador,Café caliente,Tinto,S,2,3000,0,6000,Tarjeta débito,Nuevo,Menos de 18,4.4,,,27.1,No
105378,2026-06-23,6,Junio,26,Martes,No,No,15:48,Tarde,San Antonio,Mostrador,Panadería,Buñuelo,,2,2200,0,4400,Tarjeta crédito,Nuevo,35-44,4.1,,,27.1,No
105360,2026-06-23,6,Junio,26,Martes,No,No,16:26,Tarde,Centro,Mostrador,Panadería,Torta de zanahoria,,2,9000,0,18000,Tarjeta débito,Nuevo,45-54,2.0,4,El pandebono estaba recién hecho,27.1,No
105395,2026-06-23,6,Junio,26,Martes,No,No,17:09,Tarde,El Peñón,App,Snacks,Papas de paquete,,1,5000,15,4200,Tarjeta débito,Recurrente,35-44,1.4,4,El pandebono estaba recién hecho,27.1,No
105397,2026-06-23,6,Junio,26,Martes,No,No,17:11,Tarde,El Peñón,Mostrador,Snacks,Barra de granola,,1,5500,0,5500,Tarjeta débito,Recurrente,18-24,3.7,,,27.1,No
105374,2026-06-23,6,Junio,26,Martes,No,No,17:46,Tarde,Granada,Mostrador,Snacks,Empanada,,1,3500,0,3500,Efectivo,Nuevo,Menos de 18,4.5,,,27.1,No
105380,2026-06-23,6,Junio,26,Martes,No,No,18:30,Noche,San Antonio,Mostrador,Café caliente,Mocaccino,M,4,9500,5,36100,Efectivo,Fidelizado,18-24,2.5,,,27.1,No
105372,2026-06-23,6,Junio,26,Martes,No,No,18:48,Noche,Granada,App,Panadería,Buñuelo,,1,2200,15,1900,Tarjeta débito,Recurrente,25-34,3.3,,,27.1,No
105376,2026-06-23,6,Junio,26,Martes,No,No,18:53,Noche,San Antonio,App,Bebida fría,Frappé de café,L,1,15600,15,13300,Tarjeta crédito,Fidelizado,35-44,2.1,,,27.1,No
105383,2026-06-23,6,Junio,26,Martes,No,No,18:57,Noche,Ciudad Jardín,Mostrador,Bebida fría,Cold brew,M,2,10500,0,21000,Efectivo,Nuevo,35-44,3.1,,,27.1,No
105388,2026-06-23,6,Junio,26,Martes,No,No,20:41,Noche,Ciudad Jardín,Mostrador,Snacks,Empanada,,2,3500,0,7000,Tarjeta débito,Recurrente,35-44,3.7,5,,27.1,No
105438,2026-06-24,6,Junio,26,Miércoles,No,No,06:30,Mañana,El Peñón,Mostrador,Café caliente,Tinto,L,1,4400,0,4400,Billetera digital,Recurrente,18-24,9.8,4,,27.4,No
105420,2026-06-24,6,Junio,26,Miércoles,No,No,07:33,Mañana,San Antonio,App,Café caliente,Chocolate caliente,M,2,8000,15,13600,Tarjeta crédito,Fidelizado,18-24,5.9,,,27.4,No
105410,2026-06-24,6,Junio,26,Miércoles,No,No,07:42,Mañana,Granada,App,Café caliente,Capuchino,M,1,8500,15,7200,Tarjeta crédito,Recurrente,18-24,1.6,,,27.4,No
105429,2026-06-24,6,Junio,26,Miércoles,No,No,08:00,Mañana,El Peñón,Mostrador,Panadería,Pandebono,,1,2500,0,2500,Efectivo,Nuevo,55 o más,6.6,4,Buen precio por el tamaño,27.4,No
105414,2026-06-24,6,Junio,26,Miércoles,No,No,08:11,Mañana,San Antonio,Mostrador,Panadería,Pandebono,,1,2500,0,2500,Efectivo,Recurrente,25-34,7.7,,,27.4,No
105404,2026-06-24,6,Junio,26,Miércoles,No,No,09:06,Mañana,Centro,Domicilio,Café caliente,Tinto,M,4,3500,5,13300,Efectivo,Fidelizado,45-54,,,,27.4,No
105405,2026-06-24,6,Junio,26,Miércoles,No,No,09:11,Mañana,Centro,Mostrador,Café caliente,Tinto,M,1,3500,0,3500,Tarjeta crédito,Recurrente,55 o más,4.6,,,27.4,No
105400,2026-06-24,6,Junio,26,Miércoles,No,No,09:22,Mañana,Centro,Mostrador,Panadería,Buñuelo,,1,2200,0,2200,Tarjeta débito,Nuevo,35-44,12.6,3,,27.4,No
105434,2026-06-24,6,Junio,26,Miércoles,No,No,09:35,Mañana,El Peñón,Mostrador,Café caliente,Tinto,M,2,3500,0,7000,Billetera digital,Recurrente,25-34,6.4,5,Muy buen café,27.4,No
105428,2026-06-24,6,Junio,26,Miércoles,No,No,10:11,Media mañana,El Peñón,Mostrador,Café caliente,Americano,L,1,6900,0,6900,Efectivo,Nuevo,18-24,3.3,,,27.4,No
105413,2026-06-24,6,Junio,26,Miércoles,No,No,10:12,Media mañana,Granada,App,Café caliente,Tinto,S,1,3000,15,2600,Tarjeta crédito,Recurrente,35-44,4.3,,,27.4,No
105408,2026-06-24,6,Junio,26,Miércoles,No,No,10:47,Media mañana,Centro,Domicilio,Café caliente,Latte,M,3,9000,0,27000,Efectivo,Nuevo,35-44,,4,,27.4,No
105415,2026-06-24,6,Junio,26,Miércoles,No,No,10:58,Media mañana,San Antonio,Mostrador,Panadería,Buñuelo,,1,2200,0,2200,Tarjeta débito,Nuevo,25-34,3.8,,,27.4,No
105403,2026-06-24,6,Junio,26,Miércoles,No,No,11:02,Media mañana,Centro,App,Panadería,Croissant,,2,6500,15,11000,Tarjeta débito,Recurrente,Menos de 18,1.6,,,27.4,No
105411,2026-06-24,6,Junio,26,Miércoles,No,No,11:17,Media mañana,Granada,Mostrador,Panadería,Buñuelo,,2,2200,5,4200,Billetera digital,Fidelizado,18-24,0.9,4,,27.4,No
105402,2026-06-24,6,Junio,26,Miércoles,No,No,11:27,Media mañana,Centro,App,Panadería,Muffin,,2,7000,15,11900,Billetera digital,Fidelizado,35-44,1.8,,,27.4,No
105409,2026-06-24,6,Junio,26,Miércoles,No,No,11:37,Media mañana,Centro,Domicilio,Almuerzo,Wrap de pollo,,1,18500,0,18500,Tarjeta débito,Recurrente,18-24,,5,Rápido y amable,27.4,No
105417,2026-06-24,6,Junio,26,Miércoles,No,No,12:06,Almuerzo,San Antonio,Mostrador,Almuerzo,Ensalada César,,1,19500,0,19500,Efectivo,Recurrente,18-24,2.5,,,27.4,No
105432,2026-06-24,6,Junio,26,Miércoles,No,No,12:17,Almuerzo,El Peñón,Mostrador,Snacks,Barra de granola,,2,5500,5,10400,Efectivo,Fidelizado,Menos de 18,11.0,2,,27.4,No
105433,2026-06-24,6,Junio,26,Miércoles,No,No,12:25,Almuerzo,El Peñón,Mostrador,Snacks,Empanada,,1,3500,0,3500,Tarjeta débito,Nuevo,18-24,5.8,,,27.4,No
105431,2026-06-24,6,Junio,26,Miércoles,No,No,12:39,Almuerzo,El Peñón,Mostrador,Almuerzo,Sándwich cubano,,1,21000,0,21000,Efectivo,Nuevo,25-34,8.4,,,27.4,No
105407,2026-06-24,6,Junio,26,Miércoles,No,No,12:41,Almuerzo,Centro,App,Bebida fría,Jugo natural,S,2,7200,15,12200,Billetera digital,Recurrente,35-44,8.2,5,,27.4,No
105423,2026-06-24,6,Junio,26,Miércoles,No,No,12:41,Almuerzo,Ciudad Jardín,Mostrador,Almuerzo,Wrap de pollo,,5,18500,0,92500,Tarjeta débito,Recurrente,18-24,11.4,3,,27.4,No
105398,2026-06-24,6,Junio,26,Miércoles,No,No,12:45,Almuerzo,Centro,App,Almuerzo,Wrap de pollo,,2,18500,15,31400,Tarjeta débito,Recurrente,18-24,7.2,,,27.4,No
105422,2026-06-24,6,Junio,26,Miércoles,No,No,13:02,Almuerzo,San Antonio,Mostrador,Almuerzo,Bowl vegetariano,,2,22000,0,44000,Tarjeta débito,Recurrente,25-34,4.3,5,,27.4,No
105406,2026-06-24,6,Junio,26,Miércoles,No,No,13:42,Almuerzo,Centro,Mostrador,Snacks,Papas de paquete,,1,5000,0,5000,Tarjeta débito,Nuevo,18-24,12.0,5,,27.4,No
105412,2026-06-24,6,Junio,26,Miércoles,No,No,14:00,Tarde,Granada,Mostrador,Bebida fría,Cold brew,L,1,13100,0,13100,Tarjeta débito,Recurrente,35-44,3.0,5,Rápido y amable,27.4,No
105418,2026-06-24,6,Junio,26,Miércoles,No,No,14:41,Tarde,San Antonio,Mostrador,Almuerzo,Sándwich cubano,,2,21000,0,42000,Billetera digital,Nuevo,45-54,3.2,4,,27.4,No
105419,2026-06-24,6,Junio,26,Miércoles,No,No,15:15,Tarde,San Antonio,Mostrador,Café caliente,Capuchino,M,2,8500,0,17000,Tarjeta débito,Nuevo,25-34,1.9,,,27.4,No
105425,2026-06-24,6,Junio,26,Miércoles,No,No,15:34,Tarde,Ciudad Jardín,Mostrador,Snacks,Empanada,,1,3500,0,3500,Efectivo,Nuevo,55 o más,5.7,,,27.4,No
105399,2026-06-24,6,Junio,26,Miércoles,No,No,15:38,Tarde,Centro,Mostrador,Bebida fría,Té helado,S,2,6400,0,12800,Billetera digital,Nuevo,35-44,2.2,,,27.4,No
105436,2026-06-24,6,Junio,26,Miércoles,No,No,15:54,Tarde,El Peñón,App,Café caliente,Capuchino,L,2,10600,15,18000,Tarjeta débito,Fidelizado,45-54,2.5,5,,27.4,No
105426,2026-06-24,6,Junio,26,Miércoles,No,No,15:57,Tarde,Ciudad Jardín,Mostrador,Café caliente,Tinto,M,1,3500,5,3300,Efectivo,Fidelizado,45-54,2.0,5,,27.4,No
105401,2026-06-24,6,Junio,26,Miércoles,No,No,16:11,Tarde,Centro,Mostrador,Bebida fría,Cold brew,S,1,8900,0,8900,Tarjeta débito,Recurrente,45-54,2.6,5,,27.4,No
105424,2026-06-24,6,Junio,26,Miércoles,No,No,16:11,Tarde,Ciudad Jardín,Mostrador,Café caliente,Capuchino,S,3,7200,0,21600,Efectivo,Nuevo,45-54,3.7,,,27.4,No
105430,2026-06-24,6,Junio,26,Miércoles,No,No,16:27,Tarde,El Peñón,Mostrador,Panadería,Croissant,,1,6500,0,6500,Billetera digital,Recurrente,25-34,2.5,,,27.4,No
105416,2026-06-24,6,Junio,26,Miércoles,No,No,17:17,Tarde,San Antonio,Mostrador,Snacks,Papas de paquete,,1,5000,0,5000,Efectivo,Recurrente,18-24,6.7,,,27.4,No
105421,2026-06-24,6,Junio,26,Miércoles,No,No,19:00,Noche,San Antonio,App,Panadería,Buñuelo,,1,2200,15,1900,Billetera digital,Recurrente,25-34,1.8,5,La app funciona bien,27.4,No
105437,2026-06-24,6,Junio,26,Miércoles,No,No,19:35,Noche,El Peñón,App,Café caliente,Tinto,S,1,3000,15,2600,Billetera digital,Recurrente,25-34,3.4,4,Volveré pronto,27.4,No
105427,2026-06-24,6,Junio,26,Miércoles,No,No,20:38,Noche,Ciudad Jardín,Mostrador,Café caliente,Mocaccino,L,2,11900,5,22600,Efectivo,Fidelizado,35-44,2.5,,,27.4,No
105435,2026-06-24,6,Junio,26,Miércoles,No,No,20:50,Noche,El Peñón,Mostrador,Café caliente,Latte,L,1,11200,5,10600,Tarjeta débito,Fidelizado,25-34,4.1,,,27.4,No
105470,2026-06-25,6,Junio,26,Jueves,No,No,06:32,Mañana,Ciudad Jardín,App,Café caliente,Chocolate caliente,L,2,10000,15,17000,Tarjeta débito,Fidelizado,35-44,3.7,,,28.6,No
105447,2026-06-25,6,Junio,26,Jueves,No,No,07:05,Mañana,Centro,Mostrador,Panadería,Croissant,,1,6500,0,6500,Billetera digital,Recurrente,35-44,7.6,,,28.6,No
105476,2026-06-25,6,Junio,26,Jueves,No,No,07:46,Mañana,El Peñón,Mostrador,Panadería,Muffin,,4,7000,0,28000,Tarjeta crédito,Recurrente,25-34,3.5,,,28.6,No
105444,2026-06-25,6,Junio,26,Jueves,No,No,07:55,Mañana,Centro,Mostrador,Bebida fría,Cold brew,L,2,13100,0,26200,Efectivo,Nuevo,25-34,6.9,,,28.6,No
105452,2026-06-25,6,Junio,26,Jueves,No,No,08:42,Mañana,Granada,Mostrador,Panadería,Croissant,,1,6500,0,6500,Efectivo,Recurrente,35-44,4.4,5,Excelente atención,28.6,No
105440,2026-06-25,6,Junio,26,Jueves,No,No,09:09,Mañana,Centro,App,Snacks,Barra de granola,,3,5500,15,14000,Tarjeta crédito,Fidelizado,55 o más,4.2,5,Volveré pronto,28.6,No
105456,2026-06-25,6,Junio,26,Jueves,No,No,09:41,Mañana,Granada,Domicilio,Snacks,Papas de paquete,,1,5000,5,4800,Efectivo,Fidelizado,45-54,,,,28.6,No
105461,2026-06-25,6,Junio,26,Jueves,No,No,09:59,Mañana,San Antonio,Mostrador,Snacks,Empanada,,2,3500,0,7000,Efectivo,Recurrente,25-34,2.6,,,28.6,No
105460,2026-06-25,6,Junio,26,Jueves,No,No,10:15,Media mañana,San Antonio,App,Café caliente,Tinto,M,1,3500,15,3000,Tarjeta crédito,Fidelizado,35-44,1.4,,,28.6,No
105455,2026-06-25,6,Junio,26,Jueves,No,No,10:25,Media mañana,Granada,Mostrador,Snacks,Empanada,,1,3500,0,3500,Efectivo,Recurrente,18-24,4.9,3,"Bien, pero podría mejorar",28.6,No
105458,2026-06-25,6,Junio,26,Jueves,No,No,10:35,Media mañana,Granada,Mostrador,Panadería,Croissant,,1,6500,0,6500,Efectivo,Nuevo,25-34,2.7,,,28.6,No
105477,2026-06-25,6,Junio,26,Jueves,No,No,11:24,Media mañana,El Peñón,Mostrador,Snacks,Barra de granola,,1,5500,5,5200,Tarjeta débito,Fidelizado,45-54,3.3,,,28.6,No
105475,2026-06-25,6,Junio,26,Jueves,No,No,12:02,Almuerzo,El Peñón,Mostrador,Almuerzo,Wrap de pollo,,1,18500,0,18500,Billetera digital,Nuevo,25-34,6.2,,,28.6,No
105468,2026-06-25,6,Junio,26,Jueves,No,No,12:07,Almuerzo,Ciudad Jardín,App,Snacks,Galletas,,1,4500,15,3800,Tarjeta débito,Recurrente,45-54,4.0,,,28.6,No
105469,2026-06-25,6,Junio,26,Jueves,No,No,12:07,Almuerzo,Ciudad Jardín,Mostrador,Almuerzo,Sándwich cubano,,2,21000,0,42000,Tarjeta débito,Recurrente,18-24,3.8,5,,28.6,No
105472,2026-06-25,6,Junio,26,Jueves,No,No,12:13,Almuerzo,Ciudad Jardín,Domicilio,Bebida fría,Cold brew,S,1,8900,0,8900,Tarjeta crédito,Nuevo,45-54,,4,,28.6,No
105446,2026-06-25,6,Junio,26,Jueves,No,No,12:33,Almuerzo,Centro,Mostrador,Almuerzo,Bowl vegetariano,,1,22000,0,22000,Tarjeta débito,Recurrente,25-34,12.6,,,28.6,No
105445,2026-06-25,6,Junio,26,Jueves,No,No,12:41,Almuerzo,Centro,Domicilio,Panadería,Pandebono,,1,2500,0,2500,Billetera digital,Recurrente,18-24,,,,28.6,No
105467,2026-06-25,6,Junio,26,Jueves,No,No,12:41,Almuerzo,San Antonio,Mostrador,Bebida fría,Cold brew,M,1,10500,5,10000,Tarjeta débito,Fidelizado,25-34,15.1,3,Demasiada fila,28.6,No
105443,2026-06-25,6,Junio,26,Jueves,No,No,13:09,Almuerzo,Centro,App,Panadería,Buñuelo,,1,2200,15,1900,Billetera digital,Nuevo,35-44,3.4,,,28.6,No
105451,2026-06-25,6,Junio,26,Jueves,No,No,13:33,Almuerzo,Granada,Mostrador,Almuerzo,Wrap de pollo,,1,18500,0,18500,Billetera digital,Recurrente,25-34,3.7,4,El pandebono estaba recién hecho,28.6,No
105450,2026-06-25,6,Junio,26,Jueves,No,No,13:34,Almuerzo,Granada,App,Almuerzo,Wrap de pollo,,1,18500,15,15700,Billetera digital,Recurrente,55 o más,2.3,5,Volveré pronto,28.6,No
105449,2026-06-25,6,Junio,26,Jueves,No,No,13:49,Almuerzo,Granada,Domicilio,Bebida fría,Limonada de coco,M,1,11000,0,11000,Tarjeta débito,Nuevo,18-24,,,,28.6,No
105439,2026-06-25,6,Junio,26,Jueves,No,No,13:54,Almuerzo,Centro,App,Bebida fría,Cold brew,M,1,10500,15,8900,Billetera digital,Fidelizado,45-54,3.1,5,,28.6,No
105471,2026-06-25,6,Junio,26,Jueves,No,No,14:06,Tarde,Ciudad Jardín,Mostrador,Panadería,Pandebono,,1,2500,0,2500,Tarjeta débito,Recurrente,25-34,2.9,,,28.6,No
105448,2026-06-25,6,Junio,26,Jueves,No,No,14:39,Tarde,Centro,Mostrador,Bebida fría,Jugo natural,M,2,8500,0,17000,Billetera digital,Recurrente,18-24,3.5,5,La app funciona bien,28.6,No
105463,2026-06-25,6,Junio,26,Jueves,No,No,15:46,Tarde,San Antonio,App,Panadería,Croissant,,4,6500,15,22100,Billetera digital,Recurrente,25-34,1.4,,,28.6,No
105442,2026-06-25,6,Junio,26,Jueves,No,No,16:13,Tarde,Centro,Domicilio,Café caliente,Latte,M,1,9000,0,9000,Billetera digital,Nuevo,25-34,,,,28.6,No
105465,2026-06-25,6,Junio,26,Jueves,No,No,16:36,Tarde,San Antonio,Mostrador,Almuerzo,Wrap de pollo,,1,18500,0,18500,Tarjeta débito,Recurrente,25-34,3.8,4,,28.6,No
105453,2026-06-25,6,Junio,26,Jueves,No,No,16:46,Tarde,Granada,Mostrador,Panadería,Buñuelo,,3,2200,5,6300,Efectivo,Fidelizado,45-54,2.2,,,28.6,No
105466,2026-06-25,6,Junio,26,Jueves,No,No,17:07,Tarde,San Antonio,Mostrador,Panadería,Torta de zanahoria,,4,9000,0,36000,Efectivo,Nuevo,Menos de 18,2.2,4,,28.6,No
105464,2026-06-25,6,Junio,26,Jueves,No,No,17:52,Tarde,San Antonio,Mostrador,Bebida fría,Limonada de coco,M,3,11000,0,33000,Efectivo,Nuevo,35-44,3.3,,,28.6,No
105474,2026-06-25,6,Junio,26,Jueves,No,No,18:08,Noche,El Peñón,Mostrador,Bebida fría,Cold brew,L,1,13100,0,13100,Efectivo,Nuevo,55 o más,6.0,,,28.6,No
105473,2026-06-25,6,Junio,26,Jueves,No,No,18:10,Noche,Ciudad Jardín,Mostrador,Café caliente,Tinto,S,2,3000,0,6000,Efectivo,Nuevo,45-54,6.0,,,28.6,No
105459,2026-06-25,6,Junio,26,Jueves,No,No,18:38,Noche,San Antonio,Mostrador,Bebida fría,Limonada de coco,L,1,13800,0,13800,Efectivo,Nuevo,25-34,3.1,,,28.6,No
105441,2026-06-25,6,Junio,26,Jueves,No,No,18:46,Noche,Centro,Mostrador,Snacks,Empanada,,1,3500,5,3300,Efectivo,Fidelizado,55 o más,2.6,5,Rápido y amable,28.6,No
105462,2026-06-25,6,Junio,26,Jueves,No,No,19:38,Noche,San Antonio,Mostrador,Café caliente,Americano,L,2,6900,0,13800,Billetera digital,Recurrente,25-34,2.2,4,,28.6,No
105454,2026-06-25,6,Junio,26,Jueves,No,No,20:06,Noche,Granada,Mostrador,Café caliente,Latte,M,2,9000,0,18000,Billetera digital,Nuevo,18-24,3.1,4,Aceptable,28.6,No
105457,2026-06-25,6,Junio,26,Jueves,No,No,20:34,Noche,Granada,App,Bebida fría,Cold brew,S,2,8900,15,15100,Billetera digital,Recurrente,35-44,1.1,,,28.6,No
105486,2026-06-26,6,Junio,26,Viernes,No,No,07:00,Mañana,Granada,Domicilio,Café caliente,Americano,S,1,4700,0,4700,Tarjeta débito,Recurrente,25-34,,,,25.3,Sí
105492,2026-06-26,6,Junio,26,Viernes,No,No,07:27,Mañana,Ciudad Jardín,Mostrador,Panadería,Buñuelo,,1,2200,0,2200,Tarjeta crédito,Recurrente,55 o más,5.0,,,25.3,Sí
105478,2026-06-26,6,Junio,26,Viernes,No,No,07:35,Mañana,Centro,App,Panadería,Croissant,,1,6500,15,5500,Tarjeta débito,Nuevo,25-34,7.2,,,25.3,Sí
105497,2026-06-26,6,Junio,26,Viernes,No,No,08:56,Mañana,El Peñón,App,Café caliente,Chocolate caliente,M,1,8000,15,6800,Billetera digital,Nuevo,35-44,5.0,,,25.3,Sí
105487,2026-06-26,6,Junio,26,Viernes,No,No,09:22,Mañana,San Antonio,Mostrador,Panadería,Buñuelo,,1,2200,0,2200,Tarjeta débito,Nuevo,25-34,5.0,,,25.3,Sí
105500,2026-06-26,6,Junio,26,Viernes,No,No,09:41,Mañana,El Peñón,App,Snacks,Empanada,,2,3500,15,6000,Billetera digital,Nuevo,18-24,2.7,4,,25.3,Sí
105481,2026-06-26,6,Junio,26,Viernes,No,No,10:07,Media mañana,Centro,Mostrador,Snacks,Empanada,,1,3500,0,3500,Tarjeta débito,Recurrente,25-34,4.5,,,25.3,Sí
105490,2026-06-26,6,Junio,26,Viernes,No,No,10:55,Media mañana,San Antonio,Mostrador,Almuerzo,Sándwich cubano,,2,21000,0,42000,Tarjeta débito,Recurrente,25-34,3.5,,,25.3,Sí
105494,2026-06-26,6,Junio,26,Viernes,No,No,11:13,Media mañana,Ciudad Jardín,Mostrador,Café caliente,Americano,S,3,4700,5,13400,Tarjeta débito,Fidelizado,35-44,4.3,,,25.3,Sí
105484,2026-06-26,6,Junio,26,Viernes,No,No,12:05,Almuerzo,Granada,App,Café caliente,Capuchino,S,1,7200,15,6100,Billetera digital,Recurrente,25-34,3.3,,,25.3,Sí
105489,2026-06-26,6,Junio,26,Viernes,No,No,12:05,Almuerzo,San Antonio,Mostrador,Almuerzo,Wrap de pollo,,1,18500,0,18500,Tarjeta débito,Nuevo,25-34,6.3,5,Volveré pronto,25.3,Sí
105493,2026-06-26,6,Junio,26,Viernes,No,No,12:07,Almuerzo,Ciudad Jardín,Mostrador,Almuerzo,Wrap de pollo,,1,18500,0,18500,Efectivo,Nuevo,55 o más,6.4,4,Buen precio por el tamaño,25.3,Sí
105498,2026-06-26,6,Junio,26,Viernes,No,No,13:04,Almuerzo,El Peñón,Domicilio,Panadería,Pandebono,,1,2500,0,2500,Tarjeta crédito,Nuevo,25-34,,,,25.3,Sí
105501,2026-06-26,6,Junio,26,Viernes,No,No,13:17,Almuerzo,El Peñón,Mostrador,Snacks,Empanada,,1,3500,0,3500,Tarjeta débito,Recurrente,18-24,4.5,,,25.3,Sí
105491,2026-06-26,6,Junio,26,Viernes,No,No,13:19,Almuerzo,Ciudad Jardín,App,Snacks,Empanada,,2,3500,15,6000,Tarjeta crédito,Recurrente,18-24,5.0,4,,25.3,Sí
105485,2026-06-26,6,Junio,26,Viernes,No,No,13:24,Almuerzo,Granada,Mostrador,Bebida fría,Frappé de café,M,1,12500,0,12500,Tarjeta crédito,Recurrente,25-34,6.2,5,La app funciona bien,25.3,Sí
105495,2026-06-26,6,Junio,26,Viernes,No,No,13:27,Almuerzo,Ciudad Jardín,App,Café caliente,Capuchino,S,3,7200,15,18400,Tarjeta crédito,Nuevo,55 o más,5.3,4,"Bien, pero podría mejorar",25.3,Sí
105496,2026-06-26,6,Junio,26,Viernes,No,No,13:45,Almuerzo,El Peñón,Domicilio,Almuerzo,Bowl vegetariano,,1,22000,0,22000,Tarjeta débito,Recurrente,45-54,,,,25.3,Sí
105479,2026-06-26,6,Junio,26,Viernes,No,No,14:09,Tarde,Centro,Domicilio,Café caliente,Americano,M,1,5500,0,5500,Tarjeta débito,Recurrente,35-44,,,,25.3,Sí
105482,2026-06-26,6,Junio,26,Viernes,No,No,15:46,Tarde,Centro,Domicilio,Café caliente,Americano,M,3,5500,0,16500,Tarjeta débito,Nuevo,25-34,,,,25.3,Sí
105499,2026-06-26,6,Junio,26,Viernes,No,No,16:39,Tarde,El Peñón,Domicilio,Snacks,Empanada,,1,3500,0,3500,Efectivo,Nuevo,55 o más,,,,25.3,Sí
105488,2026-06-26,6,Junio,26,Viernes,No,No,19:12,Noche,San Antonio,Mostrador,Snacks,Galletas,,1,4500,0,4500,Billetera digital,Recurrente,18-24,6.1,4,,25.3,Sí
105480,2026-06-26,6,Junio,26,Viernes,No,No,19:42,Noche,Centro,App,Bebida fría,Limonada de coco,L,2,13800,15,23500,Tarjeta crédito,Fidelizado,25-34,1.3,5,,25.3,Sí
105483,2026-06-26,6,Junio,26,Viernes,No,No,20:47,Noche,Granada,Domicilio,Bebida fría,Limonada de coco,L,2,13800,5,26200,Billetera digital,Fidelizado,18-24,,,,25.3,Sí
105521,2026-06-27,6,Junio,26,Sábado,Sí,No,06:02,Mañana,Granada,Mostrador,Café caliente,Tinto,M,1,3500,0,3500,Billetera digital,Recurrente,25-34,5.8,,,29.2,No
105515,2026-06-27,6,Junio,26,Sábado,Sí,No,07:02,Mañana,Granada,Mostrador,Café caliente,Tinto,M,1,3500,0,3500,Tarjeta crédito,Nuevo,35-44,3.3,3,,29.2,No
105503,2026-06-27,6,Junio,26,Sábado,Sí,No,08:35,Mañana,Centro,Mostrador,Panadería,Croissant,,1,6500,0,6500,Efectivo,Recurrente,18-24,1.9,3,Aceptable,29.2,No
105522,2026-06-27,6,Junio,26,Sábado,Sí,No,08:46,Mañana,San Antonio,Mostrador,Panadería,Muffin,,1,7000,5,6600,Tarjeta débito,Fidelizado,Menos de 18,6.1,,,29.2,No
105525,2026-06-27,6,Junio,26,Sábado,Sí,No,08:47,Mañana,San Antonio,Mostrador,Café caliente,Americano,S,1,4700,0,4700,Tarjeta débito,Recurrente,35-44,3.2,4,Rico pero un poco demorado,29.2,No
105539,2026-06-27,6,Junio,26,Sábado,Sí,No,08:52,Mañana,El Peñón,Mostrador,Panadería,Torta de zanahoria,,1,9000,0,9000,Billetera digital,Nuevo,18-24,2.7,,,29.2,No
105533,2026-06-27,6,Junio,26,Sábado,Sí,No,09:38,Mañana,Ciudad Jardín,Mostrador,Panadería,Pandebono,,2,2500,0,5000,Tarjeta débito,Recurrente,55 o más,1.9,5,Rápido y amable,29.2,No
105532,2026-06-27,6,Junio,26,Sábado,Sí,No,10:16,Media mañana,Ciudad Jardín,Mostrador,Panadería,Croissant,,1,6500,5,6200,Tarjeta débito,Fidelizado,45-54,2.1,4,,29.2,No
105535,2026-06-27,6,Junio,26,Sábado,Sí,No,10:26,Media mañana,Ciudad Jardín,App,Panadería,Pandebono,,1,2500,15,2100,Tarjeta crédito,Recurrente,35-44,0.8,,,29.2,No
105526,2026-06-27,6,Junio,26,Sábado,Sí,No,10:34,Media mañana,San Antonio,Mostrador,Café caliente,Capuchino,M,2,8500,0,17000,Tarjeta débito,Nuevo,25-34,2.3,,,29.2,No
105531,2026-06-27,6,Junio,26,Sábado,Sí,No,10:37,Media mañana,Ciudad Jardín,App,Bebida fría,Frappé de café,M,1,12500,15,10600,Tarjeta débito,Nuevo,45-54,2.3,5,La app funciona bien,29.2,No
105507,2026-06-27,6,Junio,26,Sábado,Sí,No,10:43,Media mañana,Centro,App,Bebida fría,Limonada de coco,L,4,13800,15,46900,Billetera digital,Fidelizado,18-24,1.7,,,29.2,No
105530,2026-06-27,6,Junio,26,Sábado,Sí,No,11:15,Media mañana,Ciudad Jardín,Mostrador,Panadería,Pandebono,,2,2500,5,4800,Billetera digital,Fidelizado,25-34,1.8,,,29.2,No
105536,2026-06-27,6,Junio,26,Sábado,Sí,No,11:19,Media mañana,El Peñón,Mostrador,Panadería,Croissant,,1,6500,5,6200,Tarjeta débito,Fidelizado,25-34,5.3,,,29.2,No
105511,2026-06-27,6,Junio,26,Sábado,Sí,No,11:24,Media mañana,Granada,Mostrador,Snacks,Galletas,,1,4500,0,4500,Billetera digital,Recurrente,35-44,7.7,,,29.2,No
105537,2026-06-27,6,Junio,26,Sábado,Sí,No,11:29,Media mañana,El Peñón,App,Almuerzo,Ensalada César,,1,19500,15,16600,Billetera digital,Recurrente,35-44,1.8,,,29.2,No
105517,2026-06-27,6,Junio,26,Sábado,Sí,No,11:50,Media mañana,Granada,Mostrador,Café caliente,Latte,M,3,9000,5,25600,Billetera digital,Fidelizado,35-44,4.6,4,,29.2,No
105514,2026-06-27,6,Junio,26,Sábado,Sí,No,12:07,Almuerzo,Granada,App,Almuerzo,Bowl vegetariano,,2,22000,15,37400,Billetera digital,Fidelizado,18-24,2.5,,,29.2,No
105502,2026-06-27,6,Junio,26,Sábado,Sí,No,12:34,Almuerzo,Centro,App,Bebida fría,Limonada de coco,M,1,11000,15,9400,Billetera digital,Fidelizado,Menos de 18,3.4,,,29.2,No
105518,2026-06-27,6,Junio,26,Sábado,Sí,No,12:59,Almuerzo,Granada,Mostrador,Almuerzo,Ensalada César,,1,19500,0,19500,Tarjeta crédito,Recurrente,35-44,5.7,,,29.2,No
105504,2026-06-27,6,Junio,26,Sábado,Sí,No,13:11,Almuerzo,Centro,Mostrador,Café caliente,Chocolate caliente,M,1,8000,0,8000,Tarjeta débito,Recurrente,35-44,5.8,,,29.2,No
105509,2026-06-27,6,Junio,26,Sábado,Sí,No,13:28,Almuerzo,Centro,Mostrador,Almuerzo,Ensalada César,,4,19500,0,78000,Tarjeta crédito,Recurrente,45-54,11.9,,,29.2,No
105516,2026-06-27,6,Junio,26,Sábado,Sí,No,13:38,Almuerzo,Granada,Mostrador,Almuerzo,Wrap de pollo,,2,18500,0,37000,Tarjeta débito,Recurrente,18-24,5.6,,,29.2,No
105510,2026-06-27,6,Junio,26,Sábado,Sí,No,13:47,Almuerzo,Centro,Mostrador,Bebida fría,Cold brew,M,1,10500,5,10000,Tarjeta débito,Fidelizado,25-34,6.3,4,Muy buen café,29.2,No
105523,2026-06-27,6,Junio,26,Sábado,Sí,No,13:48,Almuerzo,San Antonio,Mostrador,Café caliente,Tinto,M,1,3500,5,3300,Billetera digital,Fidelizado,18-24,4.8,4,Bueno,29.2,No
105519,2026-06-27,6,Junio,26,Sábado,Sí,No,14:06,Tarde,Granada,Mostrador,Bebida fría,Frappé de café,M,3,12500,5,35600,Tarjeta débito,Fidelizado,18-24,2.8,5,,29.2,No
105506,2026-06-27,6,Junio,26,Sábado,Sí,No,14:14,Tarde,Centro,Mostrador,Panadería,Pandebono,,1,2500,0,2500,Efectivo,Recurrente,55 o más,2.2,,,29.2,No
105529,2026-06-27,6,Junio,26,Sábado,Sí,No,14:35,Tarde,Ciudad Jardín,App,Snacks,Galletas,,2,4500,15,7600,Billetera digital,Recurrente,35-44,0.8,5,,29.2,No
105524,2026-06-27,6,Junio,26,Sábado,Sí,No,15:16,Tarde,San Antonio,Mostrador,Panadería,Pandebono,,2,2500,5,4800,Tarjeta débito,Fidelizado,25-34,5.7,,,29.2,No
105538,2026-06-27,6,Junio,26,Sábado,Sí,No,15:35,Tarde,El Peñón,Mostrador,Panadería,Pandebono,,1,2500,0,2500,Tarjeta crédito,Nuevo,18-24,5.6,5,Excelente atención,29.2,No
105505,2026-06-27,6,Junio,26,Sábado,Sí,No,16:25,Tarde,Centro,App,Café caliente,Tinto,S,1,3000,15,2600,Billetera digital,Recurrente,18-24,1.0,,,29.2,No
105513,2026-06-27,6,Junio,26,Sábado,Sí,No,16:30,Tarde,Granada,Mostrador,Panadería,Torta de zanahoria,,1,9000,0,9000,Tarjeta crédito,Recurrente,55 o más,3.9,,,29.2,No
105512,2026-06-27,6,Junio,26,Sábado,Sí,No,16:58,Tarde,Granada,Mostrador,Panadería,Croissant,,1,6500,0,6500,Billetera digital,Recurrente,25-34,1.9,,,29.2,No
105520,2026-06-27,6,Junio,26,Sábado,Sí,No,17:19,Tarde,Granada,App,Bebida fría,Limonada de coco,S,2,9400,15,16000,Tarjeta débito,Nuevo,45-54,1.1,,,29.2,No
105508,2026-06-27,6,Junio,26,Sábado,Sí,No,17:41,Tarde,Centro,App,Café caliente,Latte,S,1,7600,15,6500,Billetera digital,Recurrente,25-34,1.7,,,29.2,No
105534,2026-06-27,6,Junio,26,Sábado,Sí,No,18:14,Noche,Ciudad Jardín,Mostrador,Panadería,Pandebono,,2,2500,0,5000,Efectivo,Nuevo,45-54,4.3,,,29.2,No
105528,2026-06-27,6,Junio,26,Sábado,Sí,No,18:21,Noche,San Antonio,Mostrador,Panadería,Muffin,,1,7000,0,7000,Billetera digital,Nuevo,Menos de 18,1.9,,,29.2,No
105527,2026-06-27,6,Junio,26,Sábado,Sí,No,18:23,Noche,San Antonio,Domicilio,Panadería,Buñuelo,,1,2200,0,2200,Billetera digital,Nuevo,25-34,,,,29.2,No
105562,2026-06-28,6,Junio,26,Domingo,Sí,No,06:12,Mañana,San Antonio,Mostrador,Panadería,Croissant,,1,6500,5,6200,Tarjeta débito,Fidelizado,45-54,2.2,5,,24.8,No
105570,2026-06-28,6,Junio,26,Domingo,Sí,No,06:48,Mañana,El Peñón,App,Café caliente,Americano,S,3,4700,15,12000,Tarjeta débito,Recurrente,35-44,2.1,,,24.8,No
105561,2026-06-28,6,Junio,26,Domingo,Sí,No,07:40,Mañana,San Antonio,App,Café caliente,Tinto,L,1,4400,15,3700,Tarjeta crédito,Recurrente,18-24,2.0,4,,24.8,No
105546,2026-06-28,6,Junio,26,Domingo,Sí,No,08:06,Mañana,Granada,Mostrador,Café caliente,Latte,L,1,11200,0,11200,Tarjeta crédito,Nuevo,25-34,4.1,4,,24.8,No
105559,2026-06-28,6,Junio,26,Domingo,Sí,No,08:07,Mañana,San Antonio,App,Panadería,Croissant,,2,6500,15,11000,Tarjeta débito,Nuevo,18-24,0.5,,,24.8,No
105540,2026-06-28,6,Junio,26,Domingo,Sí,No,08:10,Mañana,Granada,Mostrador,Café caliente,Capuchino,M,1,8500,0,8500,Billetera digital,Recurrente,55 o más,4.8,,,24.8,No
105556,2026-06-28,6,Junio,26,Domingo,Sí,No,09:03,Mañana,Granada,Mostrador,Panadería,Pandebono,,1,2500,0,2500,Efectivo,Recurrente,Menos de 18,3.0,4,Volveré pronto,24.8,No
105550,2026-06-28,6,Junio,26,Domingo,Sí,No,09:04,Mañana,Granada,Domicilio,Café caliente,Latte,M,1,9000,5,8600,Efectivo,Fidelizado,18-24,,,,24.8,No
105567,2026-06-28,6,Junio,26,Domingo,Sí,No,09:07,Mañana,El Peñón,Mostrador,Café caliente,Americano,M,1,5500,0,5500,Tarjeta crédito,Nuevo,45-54,5.3,4,La app funciona bien,24.8,No
105571,2026-06-28,6,Junio,26,Domingo,Sí,No,09:34,Mañana,El Peñón,Mostrador,Café caliente,Tinto,S,2,3000,5,5700,Efectivo,Fidelizado,45-54,2.8,,,24.8,No
105572,2026-06-28,6,Junio,26,Domingo,Sí,No,10:06,Media mañana,El Peñón,Mostrador,Panadería,Buñuelo,,2,2200,5,4200,Tarjeta crédito,Fidelizado,18-24,5.3,4,Normal,24.8,No
105566,2026-06-28,6,Junio,26,Domingo,Sí,No,10:20,Media mañana,Ciudad Jardín,Mostrador,Café caliente,Mocaccino,L,2,11900,0,23800,Efectivo,Nuevo,55 o más,3.9,3,,24.8,No
105541,2026-06-28,6,Junio,26,Domingo,Sí,No,10:21,Media mañana,Granada,Mostrador,Panadería,Croissant,,1,6500,0,6500,Tarjeta débito,Nuevo,25-34,6.2,,,24.8,No
105543,2026-06-28,6,Junio,26,Domingo,Sí,No,10:21,Media mañana,Granada,Mostrador,Panadería,Pandebono,,2,2500,0,5000,Efectivo,Recurrente,25-34,6.0,,,24.8,No
105560,2026-06-28,6,Junio,26,Domingo,Sí,No,10:25,Media mañana,San Antonio,Mostrador,Snacks,Papas de paquete,,3,5000,0,15000,Billetera digital,Nuevo,18-24,2.9,,,24.8,No
105564,2026-06-28,6,Junio,26,Domingo,Sí,No,11:07,Media mañana,Ciudad Jardín,Mostrador,Panadería,Torta de zanahoria,,2,9000,5,17100,Tarjeta débito,Fidelizado,35-44,1.9,,,24.8,No
105548,2026-06-28,6,Junio,26,Domingo,Sí,No,11:19,Media mañana,Granada,Mostrador,Panadería,Pandebono,,1,2500,0,2500,Tarjeta crédito,Nuevo,18-24,3.3,4,,24.8,No
105551,2026-06-28,6,Junio,26,Domingo,Sí,No,11:36,Media mañana,Granada,Mostrador,Café caliente,Tinto,L,1,4400,0,4400,Tarjeta débito,Recurrente,25-34,3.6,,,24.8,No
105547,2026-06-28,6,Junio,26,Domingo,Sí,No,12:01,Almuerzo,Granada,Mostrador,Almuerzo,Sándwich cubano,,1,21000,0,21000,Tarjeta crédito,Recurrente,Menos de 18,11.0,,,24.8,No
105555,2026-06-28,6,Junio,26,Domingo,Sí,No,12:20,Almuerzo,Granada,Mostrador,Almuerzo,Ensalada César,,2,19500,0,39000,Billetera digital,Nuevo,45-54,7.7,,,24.8,No
105565,2026-06-28,6,Junio,26,Domingo,Sí,No,12:45,Almuerzo,Ciudad Jardín,Domicilio,Café caliente,Capuchino,L,2,10600,5,20100,Efectivo,Fidelizado,45-54,,5,Volveré pronto,24.8,No
105554,2026-06-28,6,Junio,26,Domingo,Sí,No,13:43,Almuerzo,Granada,Mostrador,Bebida fría,Frappé de café,M,3,12500,0,37500,Tarjeta crédito,Recurrente,25-34,10.5,,,24.8,No
105568,2026-06-28,6,Junio,26,Domingo,Sí,No,16:35,Tarde,El Peñón,App,Almuerzo,Ensalada César,,1,19500,15,16600,Tarjeta débito,Recurrente,25-34,1.0,,,24.8,No
105542,2026-06-28,6,Junio,26,Domingo,Sí,No,16:39,Tarde,Granada,Mostrador,Bebida fría,Limonada de coco,M,1,11000,0,11000,Efectivo,Nuevo,45-54,1.9,5,,24.8,No
105563,2026-06-28,6,Junio,26,Domingo,Sí,No,17:28,Tarde,San Antonio,Mostrador,Snacks,Empanada,,2,3500,5,6600,Billetera digital,Fidelizado,35-44,2.5,,,24.8,No
105549,2026-06-28,6,Junio,26,Domingo,Sí,No,17:57,Tarde,Granada,Domicilio,Panadería,Buñuelo,,1,2200,0,2200,Billetera digital,Nuevo,25-34,,,,24.8,No
105545,2026-06-28,6,Junio,26,Domingo,Sí,No,18:42,Noche,Granada,Mostrador,Café caliente,Tinto,L,2,4400,0,8800,Billetera digital,Recurrente,Menos de 18,2.3,,,24.8,No
105553,2026-06-28,6,Junio,26,Domingo,Sí,No,18:49,Noche,Granada,Mostrador,Café caliente,Latte,M,2,9000,0,18000,Billetera digital,Recurrente,25-34,1.4,,,24.8,No
105569,2026-06-28,6,Junio,26,Domingo,Sí,No,19:04,Noche,El Peñón,Mostrador,Café caliente,Tinto,M,3,3500,5,10000,Efectivo,Fidelizado,25-34,3.9,,,24.8,No
105544,2026-06-28,6,Junio,26,Domingo,Sí,No,19:47,Noche,Granada,App,Almuerzo,Ensalada César,,2,19500,15,33200,Tarjeta débito,Recurrente,18-24,1.5,,,24.8,No
105558,2026-06-28,6,Junio,26,Domingo,Sí,No,20:00,Noche,San Antonio,App,Café caliente,Latte,S,1,7600,15,6500,Tarjeta débito,Recurrente,18-24,1.3,,,24.8,No
105552,2026-06-28,6,Junio,26,Domingo,Sí,No,20:10,Noche,Granada,Mostrador,Snacks,Empanada,,2,3500,0,7000,Tarjeta débito,Nuevo,Menos de 18,2.1,,,24.8,No
105557,2026-06-28,6,Junio,26,Domingo,Sí,No,20:12,Noche,San Antonio,Mostrador,Panadería,Pandebono,,2,2500,0,5000,Tarjeta crédito,Nuevo,25-34,5.4,,,24.8,No
105582,2026-06-29,6,Junio,27,Lunes,No,Sí,06:39,Mañana,San Antonio,App,Café caliente,Chocolate caliente,M,1,8000,15,6800,Billetera digital,Recurrente,35-44,3.0,,,24.3,Sí
105576,2026-06-29,6,Junio,27,Lunes,No,Sí,06:53,Mañana,Granada,Mostrador,Café caliente,Capuchino,L,2,10600,5,20100,Efectivo,Fidelizado,18-24,5.8,,,24.3,Sí
105581,2026-06-29,6,Junio,27,Lunes,No,Sí,08:02,Mañana,Granada,App,Panadería,Pandebono,,1,2500,15,2100,Billetera digital,Recurrente,25-34,2.7,,,24.3,Sí
105577,2026-06-29,6,Junio,27,Lunes,No,Sí,08:07,Mañana,Granada,Domicilio,Café caliente,Mocaccino,M,1,9500,0,9500,Tarjeta débito,Nuevo,25-34,,,,24.3,Sí
105580,2026-06-29,6,Junio,27,Lunes,No,Sí,08:41,Mañana,Granada,Mostrador,Café caliente,Latte,M,3,9000,5,25600,Tarjeta crédito,Fidelizado,Menos de 18,4.4,,,24.3,Sí
105590,2026-06-29,6,Junio,27,Lunes,No,Sí,09:32,Mañana,El Peñón,Mostrador,Café caliente,Tinto,M,1,3500,0,3500,Tarjeta débito,Recurrente,25-34,1.5,,,24.3,Sí
105584,2026-06-29,6,Junio,27,Lunes,No,Sí,10:33,Media mañana,San Antonio,Mostrador,Panadería,Pandebono,,4,2500,0,10000,Billetera digital,Nuevo,18-24,1.3,5,,24.3,Sí
105579,2026-06-29,6,Junio,27,Lunes,No,Sí,10:46,Media mañana,Granada,App,Café caliente,Mocaccino,S,2,8100,15,13800,Billetera digital,Fidelizado,18-24,2.8,,,24.3,Sí
105573,2026-06-29,6,Junio,27,Lunes,No,Sí,10:54,Media mañana,Granada,Domicilio,Snacks,Empanada,,1,3500,0,3500,Tarjeta débito,Recurrente,25-34,,,,24.3,Sí
105588,2026-06-29,6,Junio,27,Lunes,No,Sí,11:08,Media mañana,El Peñón,Domicilio,Almuerzo,Ensalada César,,2,19500,0,39000,Tarjeta débito,Recurrente,25-34,,3,,24.3,Sí
105574,2026-06-29,6,Junio,27,Lunes,No,Sí,11:24,Media mañana,Granada,Domicilio,Panadería,Pandebono,,1,2500,0,2500,Tarjeta débito,Recurrente,25-34,,,,24.3,Sí
105575,2026-06-29,6,Junio,27,Lunes,No,Sí,11:51,Media mañana,Granada,Mostrador,Snacks,Empanada,,1,3500,0,3500,Tarjeta crédito,Nuevo,18-24,4.1,,,24.3,Sí
105578,2026-06-29,6,Junio,27,Lunes,No,Sí,13:20,Almuerzo,Granada,Domicilio,Almuerzo,Wrap de pollo,,1,18500,0,18500,Tarjeta débito,Recurrente,18-24,,5,Excelente atención,24.3,Sí
105587,2026-06-29,6,Junio,27,Lunes,No,Sí,16:30,Tarde,El Peñón,App,Panadería,Torta de zanahoria,,1,9000,15,7600,Billetera digital,Recurrente,25-34,1.7,,,24.3,Sí
105585,2026-06-29,6,Junio,27,Lunes,No,Sí,17:34,Tarde,San Antonio,Mostrador,Café caliente,Latte,M,4,9000,5,34200,Efectivo,Fidelizado,Menos de 18,2.6,5,,24.3,Sí
105589,2026-06-29,6,Junio,27,Lunes,No,Sí,17:37,Tarde,El Peñón,Mostrador,Panadería,Croissant,,3,6500,0,19500,Tarjeta crédito,Nuevo,25-34,2.8,,,24.3,Sí
105586,2026-06-29,6,Junio,27,Lunes,No,Sí,17:39,Tarde,Ciudad Jardín,Mostrador,Almuerzo,Bowl vegetariano,,1,22000,0,22000,Tarjeta crédito,Recurrente,45-54,2.5,5,,24.3,Sí
105583,2026-06-29,6,Junio,27,Lunes,No,Sí,19:39,Noche,San Antonio,Mostrador,Snacks,Barra de granola,,1,5500,0,5500,Efectivo,Recurrente,25-34,4.2,,,24.3,Sí
105616,2026-06-30,6,Junio,27,Martes,No,No,07:06,Mañana,San Antonio,Domicilio,Café caliente,Latte,S,3,7600,0,22800,Tarjeta débito,Nuevo,25-34,,5,Rápido y amable,28.2,Sí
105592,2026-06-30,6,Junio,27,Martes,No,No,07:20,Mañana,Centro,Mostrador,Café caliente,Capuchino,S,2,7200,5,13700,Efectivo,Fidelizado,35-44,14.0,,,28.2,Sí
105600,2026-06-30,6,Junio,27,Martes,No,No,07:40,Mañana,Centro,Mostrador,Bebida fría,Cold brew,M,3,10500,0,31500,Billetera digital,Nuevo,25-34,8.2,,,28.2,Sí
105603,2026-06-30,6,Junio,27,Martes,No,No,07:45,Mañana,Centro,Mostrador,Café caliente,Capuchino,L,2,10600,0,21200,Billetera digital,Nuevo,25-34,13.8,,,28.2,Sí
105604,2026-06-30,6,Junio,27,Martes,No,No,08:19,Mañana,Centro,Mostrador,Panadería,Croissant,,2,6500,5,12400,Efectivo,Fidelizado,18-24,10.0,5,,28.2,Sí
105594,2026-06-30,6,Junio,27,Martes,No,No,08:30,Mañana,Centro,Mostrador,Snacks,Barra de granola,,2,5500,5,10400,Tarjeta débito,Fidelizado,35-44,10.1,4,,28.2,Sí
105605,2026-06-30,6,Junio,27,Martes,No,No,08:32,Mañana,Centro,App,Café caliente,Latte,M,2,9000,15,15300,Tarjeta débito,Fidelizado,25-34,2.5,4,,28.2,Sí
105596,2026-06-30,6,Junio,27,Martes,No,No,08:45,Mañana,Centro,Mostrador,Café caliente,Tinto,M,4,3500,5,13300,Billetera digital,Fidelizado,25-34,9.5,5,,28.2,Sí
105591,2026-06-30,6,Junio,27,Martes,No,No,09:02,Mañana,Centro,Mostrador,Café caliente,Chocolate caliente,M,1,8000,0,8000,Billetera digital,Recurrente,18-24,8.4,,,28.2,Sí
105597,2026-06-30,6,Junio,27,Martes,No,No,09:31,Mañana,Centro,Mostrador,Café caliente,Tinto,M,1,3500,5,3300,Efectivo,Fidelizado,18-24,4.1,5,,28.2,Sí
105624,2026-06-30,6,Junio,27,Martes,No,No,09:35,Mañana,El Peñón,Mostrador,Panadería,Torta de zanahoria,,2,9000,0,18000,Tarjeta débito,Recurrente,45-54,2.9,,,28.2,Sí
105599,2026-06-30,6,Junio,27,Martes,No,No,09:49,Mañana,Centro,Mostrador,Snacks,Empanada,,1,3500,0,3500,Billetera digital,Nuevo,18-24,3.7,,,28.2,Sí
105612,2026-06-30,6,Junio,27,Martes,No,No,10:50,Media mañana,Granada,App,Café caliente,Capuchino,M,3,8500,15,21700,Tarjeta débito,Fidelizado,25-34,1.3,,,28.2,Sí
105625,2026-06-30,6,Junio,27,Martes,No,No,10:55,Media mañana,El Peñón,App,Panadería,Muffin,,2,7000,15,11900,Tarjeta crédito,Recurrente,25-34,1.4,,,28.2,Sí
105607,2026-06-30,6,Junio,27,Martes,No,No,10:56,Media mañana,Granada,Mostrador,Café caliente,Americano,L,3,6900,0,20700,Efectivo,Nuevo,55 o más,6.4,,,28.2,Sí
105602,2026-06-30,6,Junio,27,Martes,No,No,11:24,Media mañana,Centro,Mostrador,Snacks,Empanada,,1,3500,0,3500,Tarjeta débito,Recurrente,25-34,2.3,,,28.2,Sí
105608,2026-06-30,6,Junio,27,Martes,No,No,11:24,Media mañana,Granada,Mostrador,Bebida fría,Cold brew,M,3,10500,0,31500,Billetera digital,Recurrente,18-24,6.0,5,,28.2,Sí
105615,2026-06-30,6,Junio,27,Martes,No,No,12:13,Almuerzo,Granada,Mostrador,Almuerzo,Sándwich cubano,,3,21000,0,63000,Tarjeta débito,Nuevo,25-34,3.4,,,28.2,Sí
105621,2026-06-30,6,Junio,27,Martes,No,No,12:14,Almuerzo,Ciudad Jardín,Domicilio,Snacks,Empanada,,2,3500,0,7000,Tarjeta crédito,Nuevo,45-54,,,,28.2,Sí
105595,2026-06-30,6,Junio,27,Martes,No,No,13:00,Almuerzo,Centro,App,Almuerzo,Bowl vegetariano,,2,22000,15,37400,Tarjeta crédito,Fidelizado,35-44,11.1,4,Rápido y amable,28.2,Sí
105617,2026-06-30,6,Junio,27,Martes,No,No,13:09,Almuerzo,San Antonio,Domicilio,Almuerzo,Sándwich cubano,,1,21000,5,20000,Efectivo,Fidelizado,18-24,,,,28.2,Sí
105598,2026-06-30,6,Junio,27,Martes,No,No,13:13,Almuerzo,Centro,Mostrador,Almuerzo,Sándwich cubano,,1,21000,0,21000,Efectivo,Recurrente,18-24,11.9,,,28.2,Sí
105614,2026-06-30,6,Junio,27,Martes,No,No,13:21,Almuerzo,Granada,App,Café caliente,Latte,M,1,9000,15,7600,Tarjeta crédito,Recurrente,45-54,3.3,,,28.2,Sí
105593,2026-06-30,6,Junio,27,Martes,No,No,14:44,Tarde,Centro,Domicilio,Café caliente,Capuchino,M,2,8500,5,16200,Efectivo,Fidelizado,45-54,,,,28.2,Sí
105610,2026-06-30,6,Junio,27,Martes,No,No,16:52,Tarde,Granada,Domicilio,Snacks,Empanada,,1,3500,0,3500,Tarjeta débito,Nuevo,45-54,,,,28.2,Sí
105619,2026-06-30,6,Junio,27,Martes,No,No,17:05,Tarde,San Antonio,Domicilio,Bebida fría,Jugo natural,M,2,8500,0,17000,Billetera digital,Recurrente,45-54,,,,28.2,Sí
105622,2026-06-30,6,Junio,27,Martes,No,No,18:04,Noche,Ciudad Jardín,App,Snacks,Empanada,,2,3500,15,6000,Billetera digital,Recurrente,55 o más,1.5,4,,28.2,Sí
105623,2026-06-30,6,Junio,27,Martes,No,No,18:08,Noche,El Peñón,Mostrador,Café caliente,Capuchino,M,1,8500,0,8500,Efectivo,Nuevo,55 o más,3.3,,,28.2,Sí
105606,2026-06-30,6,Junio,27,Martes,No,No,18:33,Noche,Granada,Mostrador,Panadería,Pandebono,,1,2500,0,2500,Tarjeta crédito,Nuevo,18-24,2.1,,,28.2,Sí
105618,2026-06-30,6,Junio,27,Martes,No,No,19:19,Noche,San Antonio,App,Café caliente,Latte,M,1,9000,15,7600,Billetera digital,Recurrente,35-44,2.0,4,Muy buen café,28.2,Sí
105613,2026-06-30,6,Junio,27,Martes,No,No,19:21,Noche,Granada,Mostrador,Bebida fría,Limonada de coco,M,1,11000,5,10400,Billetera digital,Fidelizado,35-44,1.7,,,28.2,Sí
105620,2026-06-30,6,Junio,27,Martes,No,No,19:21,Noche,San Antonio,App,Café caliente,Americano,L,1,6900,15,5900,Tarjeta crédito,Nuevo,35-44,1.7,4,,28.2,Sí
105611,2026-06-30,6,Junio,27,Martes,No,No,19:25,Noche,Granada,Mostrador,Café caliente,Capuchino,S,1,7200,5,6800,Efectivo,Fidelizado,35-44,2.8,,,28.2,Sí
105601,2026-06-30,6,Junio,27,Martes,No,No,20:38,Noche,Centro,Mostrador,Bebida fría,Té helado,L,4,9400,0,37600,Efectivo,Recurrente,25-34,3.2,,,28.2,Sí
105609,2026-06-30,6,Junio,27,Martes,No,No,20:42,Noche,Granada,Domicilio,Snacks,Empanada,,2,3500,0,7000,Efectivo,Recurrente,18-24,,4,,28.2,Sí
